{
  "type": "FeatureCollection",
  "features": [
    {
      "type": "Feature",
      "geometry": {
        "type": "Point",
        "coordinates": [
          81.0014,
          22.888642
        ]
      },
      "properties": {
        "claim_id": "FRA0001",
        "state": "Madhya Pradesh",
        "district": "Dindori",
        "village": "Village_74",
        "claim_type": "CR",
        "claimed_area": "7.37",
        "recorded_area": "6.31",
        "processing_days": "138",
        "current_stage": "Gram Sabha",
        "documents_complete": "0",
        "land_record_available": "1",
        "overlap_percentage": "75.04",
        "previous_rejections": "1",
        "latitude": 22.888642,
        "longitude": 81.0014,
        "status": "Rejected"
      }
    },
    {
      "type": "Feature",
      "geometry": {
        "type": "Point",
        "coordinates": [
          74.153187,
          21.240434
        ]
      },
      "properties": {
        "claim_id": "FRA0002",
        "state": "Maharashtra",
        "district": "Nandurbar",
        "village": "Village_52",
        "claim_type": "CR",
        "claimed_area": "9.89",
        "recorded_area": "9.74",
        "processing_days": "101",
        "current_stage": "DLC",
        "documents_complete": "1",
        "land_record_available": "0",
        "overlap_percentage": "43.85",
        "previous_rejections": "3",
        "latitude": 21.240434,
        "longitude": 74.153187,
        "status": "Approved"
      }
    },
    {
      "type": "Feature",
      "geometry": {
        "type": "Point",
        "coordinates": [
          85.588633,
          21.607524
        ]
      },
      "properties": {
        "claim_id": "FRA0003",
        "state": "Odisha",
        "district": "Keonjhar",
        "village": "Village_41",
        "claim_type": "CFR",
        "claimed_area": "6.57",
        "recorded_area": "6.88",
        "processing_days": "80",
        "current_stage": "Gram Sabha",
        "documents_complete": "0",
        "land_record_available": "1",
        "overlap_percentage": "76.63",
        "previous_rejections": "2",
        "latitude": 21.607524,
        "longitude": 85.588633,
        "status": "Rejected"
      }
    },
    {
      "type": "Feature",
      "geometry": {
        "type": "Point",
        "coordinates": [
          73.728502,
          19.97252
        ]
      },
      "properties": {
        "claim_id": "FRA0004",
        "state": "Maharashtra",
        "district": "Nashik",
        "village": "Village_40",
        "claim_type": "CFR",
        "claimed_area": "6.74",
        "recorded_area": "6.91",
        "processing_days": "116",
        "current_stage": "Gram Sabha",
        "documents_complete": "0",
        "land_record_available": "1",
        "overlap_percentage": "87.04",
        "previous_rejections": "1",
        "latitude": 19.97252,
        "longitude": 73.728502,
        "status": "Rejected"
      }
    },
    {
      "type": "Feature",
      "geometry": {
        "type": "Point",
        "coordinates": [
          82.073442,
          19.074966
        ]
      },
      "properties": {
        "claim_id": "FRA0005",
        "state": "Chhattisgarh",
        "district": "Bastar",
        "village": "Village_89",
        "claim_type": "IFR",
        "claimed_area": "7.49",
        "recorded_area": "6.48",
        "processing_days": "173",
        "current_stage": "SDLC",
        "documents_complete": "1",
        "land_record_available": "0",
        "overlap_percentage": "54.48",
        "previous_rejections": "2",
        "latitude": 19.074966,
        "longitude": 82.073442,
        "status": "Pending"
      }
    },
    {
      "type": "Feature",
      "geometry": {
        "type": "Point",
        "coordinates": [
          82.833416,
          18.786226
        ]
      },
      "properties": {
        "claim_id": "FRA0006",
        "state": "Odisha",
        "district": "Koraput",
        "village": "Village_98",
        "claim_type": "IFR",
        "claimed_area": "9.7",
        "recorded_area": "9.76",
        "processing_days": "72",
        "current_stage": "SDLC",
        "documents_complete": "1",
        "land_record_available": "1",
        "overlap_percentage": "9.66",
        "previous_rejections": "0",
        "latitude": 18.786226,
        "longitude": 82.833416,
        "status": "Pending"
      }
    },
    {
      "type": "Feature",
      "geometry": {
        "type": "Point",
        "coordinates": [
          84.543659,
          22.894108
        ]
      },
      "properties": {
        "claim_id": "FRA0007",
        "state": "Jharkhand",
        "district": "Gumla",
        "village": "Village_35",
        "claim_type": "CR",
        "claimed_area": "2.92",
        "recorded_area": "2.75",
        "processing_days": "125",
        "current_stage": "SDLC",
        "documents_complete": "0",
        "land_record_available": "0",
        "overlap_percentage": "83.77",
        "previous_rejections": "1",
        "latitude": 22.894108,
        "longitude": 84.543659,
        "status": "Pending"
      }
    },
    {
      "type": "Feature",
      "geometry": {
        "type": "Point",
        "coordinates": [
          73.848803,
          20.144932
        ]
      },
      "properties": {
        "claim_id": "FRA0008",
        "state": "Maharashtra",
        "district": "Nashik",
        "village": "Village_68",
        "claim_type": "CR",
        "claimed_area": "5.1",
        "recorded_area": "4.82",
        "processing_days": "122",
        "current_stage": "Gram Sabha",
        "documents_complete": "0",
        "land_record_available": "1",
        "overlap_percentage": "43.39",
        "previous_rejections": "0",
        "latitude": 20.144932,
        "longitude": 73.848803,
        "status": "Pending"
      }
    },
    {
      "type": "Feature",
      "geometry": {
        "type": "Point",
        "coordinates": [
          82.807906,
          18.724838
        ]
      },
      "properties": {
        "claim_id": "FRA0009",
        "state": "Odisha",
        "district": "Koraput",
        "village": "Village_58",
        "claim_type": "IFR",
        "claimed_area": "7.12",
        "recorded_area": "6.14",
        "processing_days": "123",
        "current_stage": "Title Issued",
        "documents_complete": "0",
        "land_record_available": "1",
        "overlap_percentage": "89.23",
        "previous_rejections": "2",
        "latitude": 18.724838,
        "longitude": 82.807906,
        "status": "Rejected"
      }
    },
    {
      "type": "Feature",
      "geometry": {
        "type": "Point",
        "coordinates": [
          81.382501,
          20.332821
        ]
      },
      "properties": {
        "claim_id": "FRA0010",
        "state": "Chhattisgarh",
        "district": "Kanker",
        "village": "Village_52",
        "claim_type": "CFR",
        "claimed_area": "4.25",
        "recorded_area": "3.72",
        "processing_days": "101",
        "current_stage": "DLC",
        "documents_complete": "0",
        "land_record_available": "1",
        "overlap_percentage": "2.39",
        "previous_rejections": "1",
        "latitude": 20.332821,
        "longitude": 81.382501,
        "status": "Pending"
      }
    },
    {
      "type": "Feature",
      "geometry": {
        "type": "Point",
        "coordinates": [
          86.628156,
          21.793812
        ]
      },
      "properties": {
        "claim_id": "FRA0011",
        "state": "Odisha",
        "district": "Mayurbhanj",
        "village": "Village_13",
        "claim_type": "CFR",
        "claimed_area": "4.5",
        "recorded_area": "3.88",
        "processing_days": "63",
        "current_stage": "DLC",
        "documents_complete": "0",
        "land_record_available": "0",
        "overlap_percentage": "47.24",
        "previous_rejections": "1",
        "latitude": 21.793812,
        "longitude": 86.628156,
        "status": "Rejected"
      }
    },
    {
      "type": "Feature",
      "geometry": {
        "type": "Point",
        "coordinates": [
          85.612119,
          21.756541
        ]
      },
      "properties": {
        "claim_id": "FRA0012",
        "state": "Odisha",
        "district": "Keonjhar",
        "village": "Village_52",
        "claim_type": "CFR",
        "claimed_area": "5.2",
        "recorded_area": "4.51",
        "processing_days": "168",
        "current_stage": "Gram Sabha",
        "documents_complete": "1",
        "land_record_available": "0",
        "overlap_percentage": "41.75",
        "previous_rejections": "1",
        "latitude": 21.756541,
        "longitude": 85.612119,
        "status": "Approved"
      }
    },
    {
      "type": "Feature",
      "geometry": {
        "type": "Point",
        "coordinates": [
          79.901018,
          20.183051
        ]
      },
      "properties": {
        "claim_id": "FRA0013",
        "state": "Maharashtra",
        "district": "Gadchiroli",
        "village": "Village_49",
        "claim_type": "CR",
        "claimed_area": "2.3",
        "recorded_area": "1.99",
        "processing_days": "49",
        "current_stage": "DLC",
        "documents_complete": "1",
        "land_record_available": "0",
        "overlap_percentage": "86.39",
        "previous_rejections": "0",
        "latitude": 20.183051,
        "longitude": 79.901018,
        "status": "Rejected"
      }
    },
    {
      "type": "Feature",
      "geometry": {
        "type": "Point",
        "coordinates": [
          80.004797,
          20.255666
        ]
      },
      "properties": {
        "claim_id": "FRA0014",
        "state": "Maharashtra",
        "district": "Gadchiroli",
        "village": "Village_23",
        "claim_type": "CFR",
        "claimed_area": "2.58",
        "recorded_area": "2.41",
        "processing_days": "139",
        "current_stage": "Gram Sabha",
        "documents_complete": "0",
        "land_record_available": "0",
        "overlap_percentage": "20.48",
        "previous_rejections": "1",
        "latitude": 20.255666,
        "longitude": 80.004797,
        "status": "Rejected"
      }
    },
    {
      "type": "Feature",
      "geometry": {
        "type": "Point",
        "coordinates": [
          84.497445,
          22.631952
        ]
      },
      "properties": {
        "claim_id": "FRA0015",
        "state": "Jharkhand",
        "district": "Simdega",
        "village": "Village_80",
        "claim_type": "CR",
        "claimed_area": "9.38",
        "recorded_area": "8.92",
        "processing_days": "150",
        "current_stage": "DLC",
        "documents_complete": "1",
        "land_record_available": "0",
        "overlap_percentage": "88.28",
        "previous_rejections": "2",
        "latitude": 22.631952,
        "longitude": 84.497445,
        "status": "Pending"
      }
    },
    {
      "type": "Feature",
      "geometry": {
        "type": "Point",
        "coordinates": [
          86.602603,
          21.895382
        ]
      },
      "properties": {
        "claim_id": "FRA0016",
        "state": "Odisha",
        "district": "Mayurbhanj",
        "village": "Village_74",
        "claim_type": "IFR",
        "claimed_area": "8.26",
        "recorded_area": "7.37",
        "processing_days": "34",
        "current_stage": "Gram Sabha",
        "documents_complete": "1",
        "land_record_available": "1",
        "overlap_percentage": "23.57",
        "previous_rejections": "3",
        "latitude": 21.895382,
        "longitude": 86.602603,
        "status": "Approved"
      }
    },
    {
      "type": "Feature",
      "geometry": {
        "type": "Point",
        "coordinates": [
          82.034721,
          19.04441
        ]
      },
      "properties": {
        "claim_id": "FRA0017",
        "state": "Chhattisgarh",
        "district": "Bastar",
        "village": "Village_35",
        "claim_type": "CFR",
        "claimed_area": "5.33",
        "recorded_area": "5.0",
        "processing_days": "141",
        "current_stage": "DLC",
        "documents_complete": "1",
        "land_record_available": "0",
        "overlap_percentage": "38.92",
        "previous_rejections": "2",
        "latitude": 19.04441,
        "longitude": 82.034721,
        "status": "Rejected"
      }
    },
    {
      "type": "Feature",
      "geometry": {
        "type": "Point",
        "coordinates": [
          80.428719,
          22.482373
        ]
      },
      "properties": {
        "claim_id": "FRA0018",
        "state": "Madhya Pradesh",
        "district": "Mandla",
        "village": "Village_41",
        "claim_type": "CR",
        "claimed_area": "8.86",
        "recorded_area": "9.26",
        "processing_days": "44",
        "current_stage": "DLC",
        "documents_complete": "0",
        "land_record_available": "1",
        "overlap_percentage": "69.55",
        "previous_rejections": "1",
        "latitude": 22.482373,
        "longitude": 80.428719,
        "status": "Approved"
      }
    },
    {
      "type": "Feature",
      "geometry": {
        "type": "Point",
        "coordinates": [
          81.10532,
          22.947673
        ]
      },
      "properties": {
        "claim_id": "FRA0019",
        "state": "Madhya Pradesh",
        "district": "Dindori",
        "village": "Village_22",
        "claim_type": "IFR",
        "claimed_area": "9.25",
        "recorded_area": "9.12",
        "processing_days": "89",
        "current_stage": "Title Issued",
        "documents_complete": "1",
        "land_record_available": "1",
        "overlap_percentage": "56.12",
        "previous_rejections": "0",
        "latitude": 22.947673,
        "longitude": 81.10532,
        "status": "Approved"
      }
    },
    {
      "type": "Feature",
      "geometry": {
        "type": "Point",
        "coordinates": [
          85.395784,
          23.409546
        ]
      },
      "properties": {
        "claim_id": "FRA0020",
        "state": "Jharkhand",
        "district": "Ranchi",
        "village": "Village_15",
        "claim_type": "CR",
        "claimed_area": "3.66",
        "recorded_area": "3.41",
        "processing_days": "57",
        "current_stage": "SDLC",
        "documents_complete": "1",
        "land_record_available": "0",
        "overlap_percentage": "18.87",
        "previous_rejections": "0",
        "latitude": 23.409546,
        "longitude": 85.395784,
        "status": "Pending"
      }
    },
    {
      "type": "Feature",
      "geometry": {
        "type": "Point",
        "coordinates": [
          73.691335,
          19.915866
        ]
      },
      "properties": {
        "claim_id": "FRA0021",
        "state": "Maharashtra",
        "district": "Nashik",
        "village": "Village_94",
        "claim_type": "CFR",
        "claimed_area": "7.32",
        "recorded_area": "6.29",
        "processing_days": "22",
        "current_stage": "Gram Sabha",
        "documents_complete": "1",
        "land_record_available": "1",
        "overlap_percentage": "68.75",
        "previous_rejections": "0",
        "latitude": 19.915866,
        "longitude": 73.691335,
        "status": "Pending"
      }
    },
    {
      "type": "Feature",
      "geometry": {
        "type": "Point",
        "coordinates": [
          85.349951,
          23.27195
        ]
      },
      "properties": {
        "claim_id": "FRA0022",
        "state": "Jharkhand",
        "district": "Ranchi",
        "village": "Village_81",
        "claim_type": "CFR",
        "claimed_area": "9.64",
        "recorded_area": "9.06",
        "processing_days": "95",
        "current_stage": "SDLC",
        "documents_complete": "0",
        "land_record_available": "1",
        "overlap_percentage": "70.18",
        "previous_rejections": "1",
        "latitude": 23.27195,
        "longitude": 85.349951,
        "status": "Pending"
      }
    },
    {
      "type": "Feature",
      "geometry": {
        "type": "Point",
        "coordinates": [
          81.040892,
          22.856145
        ]
      },
      "properties": {
        "claim_id": "FRA0023",
        "state": "Madhya Pradesh",
        "district": "Dindori",
        "village": "Village_32",
        "claim_type": "IFR",
        "claimed_area": "1.69",
        "recorded_area": "1.54",
        "processing_days": "70",
        "current_stage": "SDLC",
        "documents_complete": "0",
        "land_record_available": "0",
        "overlap_percentage": "34.57",
        "previous_rejections": "1",
        "latitude": 22.856145,
        "longitude": 81.040892,
        "status": "Approved"
      }
    },
    {
      "type": "Feature",
      "geometry": {
        "type": "Point",
        "coordinates": [
          84.675459,
          23.098549
        ]
      },
      "properties": {
        "claim_id": "FRA0024",
        "state": "Jharkhand",
        "district": "Gumla",
        "village": "Village_42",
        "claim_type": "IFR",
        "claimed_area": "9.97",
        "recorded_area": "10.31",
        "processing_days": "134",
        "current_stage": "Title Issued",
        "documents_complete": "1",
        "land_record_available": "0",
        "overlap_percentage": "56.33",
        "previous_rejections": "3",
        "latitude": 23.098549,
        "longitude": 84.675459,
        "status": "Pending"
      }
    },
    {
      "type": "Feature",
      "geometry": {
        "type": "Point",
        "coordinates": [
          86.715845,
          21.978158
        ]
      },
      "properties": {
        "claim_id": "FRA0025",
        "state": "Odisha",
        "district": "Mayurbhanj",
        "village": "Village_63",
        "claim_type": "IFR",
        "claimed_area": "1.58",
        "recorded_area": "1.64",
        "processing_days": "95",
        "current_stage": "DLC",
        "documents_complete": "0",
        "land_record_available": "1",
        "overlap_percentage": "49.13",
        "previous_rejections": "0",
        "latitude": 21.978158,
        "longitude": 86.715845,
        "status": "Rejected"
      }
    },
    {
      "type": "Feature",
      "geometry": {
        "type": "Point",
        "coordinates": [
          85.190476,
          23.439406
        ]
      },
      "properties": {
        "claim_id": "FRA0026",
        "state": "Jharkhand",
        "district": "Ranchi",
        "village": "Village_11",
        "claim_type": "CFR",
        "claimed_area": "3.21",
        "recorded_area": "3.06",
        "processing_days": "50",
        "current_stage": "DLC",
        "documents_complete": "0",
        "land_record_available": "0",
        "overlap_percentage": "78.83",
        "previous_rejections": "1",
        "latitude": 23.439406,
        "longitude": 85.190476,
        "status": "Pending"
      }
    },
    {
      "type": "Feature",
      "geometry": {
        "type": "Point",
        "coordinates": [
          81.925932,
          19.009296
        ]
      },
      "properties": {
        "claim_id": "FRA0027",
        "state": "Chhattisgarh",
        "district": "Bastar",
        "village": "Village_67",
        "claim_type": "IFR",
        "claimed_area": "7.39",
        "recorded_area": "7.44",
        "processing_days": "26",
        "current_stage": "SDLC",
        "documents_complete": "0",
        "land_record_available": "0",
        "overlap_percentage": "55.38",
        "previous_rejections": "1",
        "latitude": 19.009296,
        "longitude": 81.925932,
        "status": "Approved"
      }
    },
    {
      "type": "Feature",
      "geometry": {
        "type": "Point",
        "coordinates": [
          82.00256,
          19.073652
        ]
      },
      "properties": {
        "claim_id": "FRA0028",
        "state": "Chhattisgarh",
        "district": "Bastar",
        "village": "Village_46",
        "claim_type": "CFR",
        "claimed_area": "5.42",
        "recorded_area": "4.92",
        "processing_days": "69",
        "current_stage": "Title Issued",
        "documents_complete": "1",
        "land_record_available": "1",
        "overlap_percentage": "16.95",
        "previous_rejections": "1",
        "latitude": 19.073652,
        "longitude": 82.00256,
        "status": "Pending"
      }
    },
    {
      "type": "Feature",
      "geometry": {
        "type": "Point",
        "coordinates": [
          84.673443,
          22.919585
        ]
      },
      "properties": {
        "claim_id": "FRA0029",
        "state": "Jharkhand",
        "district": "Gumla",
        "village": "Village_77",
        "claim_type": "CR",
        "claimed_area": "4.45",
        "recorded_area": "3.87",
        "processing_days": "137",
        "current_stage": "Title Issued",
        "documents_complete": "1",
        "land_record_available": "1",
        "overlap_percentage": "19.86",
        "previous_rejections": "0",
        "latitude": 22.919585,
        "longitude": 84.673443,
        "status": "Pending"
      }
    },
    {
      "type": "Feature",
      "geometry": {
        "type": "Point",
        "coordinates": [
          83.25488,
          22.859044
        ]
      },
      "properties": {
        "claim_id": "FRA0030",
        "state": "Chhattisgarh",
        "district": "Surguja",
        "village": "Village_69",
        "claim_type": "CFR",
        "claimed_area": "3.98",
        "recorded_area": "3.87",
        "processing_days": "178",
        "current_stage": "Gram Sabha",
        "documents_complete": "0",
        "land_record_available": "0",
        "overlap_percentage": "76.16",
        "previous_rejections": "0",
        "latitude": 22.859044,
        "longitude": 83.25488,
        "status": "Rejected"
      }
    },
    {
      "type": "Feature",
      "geometry": {
        "type": "Point",
        "coordinates": [
          81.801453,
          19.200257
        ]
      },
      "properties": {
        "claim_id": "FRA0031",
        "state": "Chhattisgarh",
        "district": "Bastar",
        "village": "Village_77",
        "claim_type": "CR",
        "claimed_area": "4.17",
        "recorded_area": "3.99",
        "processing_days": "88",
        "current_stage": "DLC",
        "documents_complete": "0",
        "land_record_available": "0",
        "overlap_percentage": "37.67",
        "previous_rejections": "3",
        "latitude": 19.200257,
        "longitude": 81.801453,
        "status": "Approved"
      }
    },
    {
      "type": "Feature",
      "geometry": {
        "type": "Point",
        "coordinates": [
          85.184578,
          23.380266
        ]
      },
      "properties": {
        "claim_id": "FRA0032",
        "state": "Jharkhand",
        "district": "Ranchi",
        "village": "Village_89",
        "claim_type": "IFR",
        "claimed_area": "4.42",
        "recorded_area": "3.91",
        "processing_days": "180",
        "current_stage": "Gram Sabha",
        "documents_complete": "0",
        "land_record_available": "0",
        "overlap_percentage": "29.05",
        "previous_rejections": "2",
        "latitude": 23.380266,
        "longitude": 85.184578,
        "status": "Rejected"
      }
    },
    {
      "type": "Feature",
      "geometry": {
        "type": "Point",
        "coordinates": [
          80.43462,
          22.734347
        ]
      },
      "properties": {
        "claim_id": "FRA0033",
        "state": "Madhya Pradesh",
        "district": "Mandla",
        "village": "Village_48",
        "claim_type": "CFR",
        "claimed_area": "7.59",
        "recorded_area": "7.26",
        "processing_days": "120",
        "current_stage": "Gram Sabha",
        "documents_complete": "0",
        "land_record_available": "0",
        "overlap_percentage": "34.03",
        "previous_rejections": "1",
        "latitude": 22.734347,
        "longitude": 80.43462,
        "status": "Pending"
      }
    },
    {
      "type": "Feature",
      "geometry": {
        "type": "Point",
        "coordinates": [
          81.537684,
          20.315695
        ]
      },
      "properties": {
        "claim_id": "FRA0034",
        "state": "Chhattisgarh",
        "district": "Kanker",
        "village": "Village_61",
        "claim_type": "IFR",
        "claimed_area": "2.05",
        "recorded_area": "2.12",
        "processing_days": "75",
        "current_stage": "DLC",
        "documents_complete": "1",
        "land_record_available": "0",
        "overlap_percentage": "83.96",
        "previous_rejections": "1",
        "latitude": 20.315695,
        "longitude": 81.537684,
        "status": "Rejected"
      }
    },
    {
      "type": "Feature",
      "geometry": {
        "type": "Point",
        "coordinates": [
          85.602402,
          21.699419
        ]
      },
      "properties": {
        "claim_id": "FRA0035",
        "state": "Odisha",
        "district": "Keonjhar",
        "village": "Village_71",
        "claim_type": "CR",
        "claimed_area": "9.73",
        "recorded_area": "9.57",
        "processing_days": "41",
        "current_stage": "Title Issued",
        "documents_complete": "0",
        "land_record_available": "0",
        "overlap_percentage": "74.93",
        "previous_rejections": "3",
        "latitude": 21.699419,
        "longitude": 85.602402,
        "status": "Pending"
      }
    },
    {
      "type": "Feature",
      "geometry": {
        "type": "Point",
        "coordinates": [
          81.035468,
          23.05238
        ]
      },
      "properties": {
        "claim_id": "FRA0036",
        "state": "Madhya Pradesh",
        "district": "Dindori",
        "village": "Village_51",
        "claim_type": "IFR",
        "claimed_area": "8.79",
        "recorded_area": "7.6",
        "processing_days": "104",
        "current_stage": "DLC",
        "documents_complete": "1",
        "land_record_available": "0",
        "overlap_percentage": "30.81",
        "previous_rejections": "0",
        "latitude": 23.05238,
        "longitude": 81.035468,
        "status": "Pending"
      }
    },
    {
      "type": "Feature",
      "geometry": {
        "type": "Point",
        "coordinates": [
          81.832429,
          19.068978
        ]
      },
      "properties": {
        "claim_id": "FRA0037",
        "state": "Chhattisgarh",
        "district": "Bastar",
        "village": "Village_79",
        "claim_type": "IFR",
        "claimed_area": "1.77",
        "recorded_area": "1.81",
        "processing_days": "94",
        "current_stage": "SDLC",
        "documents_complete": "1",
        "land_record_available": "0",
        "overlap_percentage": "32.38",
        "previous_rejections": "0",
        "latitude": 19.068978,
        "longitude": 81.832429,
        "status": "Approved"
      }
    },
    {
      "type": "Feature",
      "geometry": {
        "type": "Point",
        "coordinates": [
          74.380344,
          21.334742
        ]
      },
      "properties": {
        "claim_id": "FRA0038",
        "state": "Maharashtra",
        "district": "Nandurbar",
        "village": "Village_12",
        "claim_type": "CR",
        "claimed_area": "8.18",
        "recorded_area": "6.96",
        "processing_days": "38",
        "current_stage": "DLC",
        "documents_complete": "0",
        "land_record_available": "1",
        "overlap_percentage": "18.95",
        "previous_rejections": "3",
        "latitude": 21.334742,
        "longitude": 74.380344,
        "status": "Rejected"
      }
    },
    {
      "type": "Feature",
      "geometry": {
        "type": "Point",
        "coordinates": [
          74.117878,
          21.300201
        ]
      },
      "properties": {
        "claim_id": "FRA0039",
        "state": "Maharashtra",
        "district": "Nandurbar",
        "village": "Village_67",
        "claim_type": "IFR",
        "claimed_area": "2.29",
        "recorded_area": "2.24",
        "processing_days": "120",
        "current_stage": "Title Issued",
        "documents_complete": "0",
        "land_record_available": "0",
        "overlap_percentage": "74.02",
        "previous_rejections": "1",
        "latitude": 21.300201,
        "longitude": 74.117878,
        "status": "Pending"
      }
    },
    {
      "type": "Feature",
      "geometry": {
        "type": "Point",
        "coordinates": [
          85.386357,
          23.409988
        ]
      },
      "properties": {
        "claim_id": "FRA0040",
        "state": "Jharkhand",
        "district": "Ranchi",
        "village": "Village_18",
        "claim_type": "CR",
        "claimed_area": "2.24",
        "recorded_area": "2.09",
        "processing_days": "137",
        "current_stage": "Title Issued",
        "documents_complete": "0",
        "land_record_available": "0",
        "overlap_percentage": "39.2",
        "previous_rejections": "3",
        "latitude": 23.409988,
        "longitude": 85.386357,
        "status": "Pending"
      }
    },
    {
      "type": "Feature",
      "geometry": {
        "type": "Point",
        "coordinates": [
          80.321943,
          21.741962
        ]
      },
      "properties": {
        "claim_id": "FRA0041",
        "state": "Madhya Pradesh",
        "district": "Balaghat",
        "village": "Village_88",
        "claim_type": "CR",
        "claimed_area": "4.39",
        "recorded_area": "4.01",
        "processing_days": "175",
        "current_stage": "SDLC",
        "documents_complete": "0",
        "land_record_available": "1",
        "overlap_percentage": "48.85",
        "previous_rejections": "0",
        "latitude": 21.741962,
        "longitude": 80.321943,
        "status": "Approved"
      }
    },
    {
      "type": "Feature",
      "geometry": {
        "type": "Point",
        "coordinates": [
          73.875752,
          20.142807
        ]
      },
      "properties": {
        "claim_id": "FRA0042",
        "state": "Maharashtra",
        "district": "Nashik",
        "village": "Village_70",
        "claim_type": "CR",
        "claimed_area": "4.76",
        "recorded_area": "4.74",
        "processing_days": "31",
        "current_stage": "SDLC",
        "documents_complete": "1",
        "land_record_available": "1",
        "overlap_percentage": "75.92",
        "previous_rejections": "1",
        "latitude": 20.142807,
        "longitude": 73.875752,
        "status": "Approved"
      }
    },
    {
      "type": "Feature",
      "geometry": {
        "type": "Point",
        "coordinates": [
          80.130007,
          21.817203
        ]
      },
      "properties": {
        "claim_id": "FRA0043",
        "state": "Madhya Pradesh",
        "district": "Balaghat",
        "village": "Village_70",
        "claim_type": "CR",
        "claimed_area": "6.02",
        "recorded_area": "5.48",
        "processing_days": "88",
        "current_stage": "DLC",
        "documents_complete": "1",
        "land_record_available": "0",
        "overlap_percentage": "83.64",
        "previous_rejections": "0",
        "latitude": 21.817203,
        "longitude": 80.130007,
        "status": "Pending"
      }
    },
    {
      "type": "Feature",
      "geometry": {
        "type": "Point",
        "coordinates": [
          86.804901,
          21.809729
        ]
      },
      "properties": {
        "claim_id": "FRA0044",
        "state": "Odisha",
        "district": "Mayurbhanj",
        "village": "Village_36",
        "claim_type": "IFR",
        "claimed_area": "3.19",
        "recorded_area": "2.74",
        "processing_days": "149",
        "current_stage": "Title Issued",
        "documents_complete": "1",
        "land_record_available": "0",
        "overlap_percentage": "61.98",
        "previous_rejections": "1",
        "latitude": 21.809729,
        "longitude": 86.804901,
        "status": "Rejected"
      }
    },
    {
      "type": "Feature",
      "geometry": {
        "type": "Point",
        "coordinates": [
          73.787286,
          20.144841
        ]
      },
      "properties": {
        "claim_id": "FRA0045",
        "state": "Maharashtra",
        "district": "Nashik",
        "village": "Village_56",
        "claim_type": "CR",
        "claimed_area": "7.66",
        "recorded_area": "7.57",
        "processing_days": "170",
        "current_stage": "SDLC",
        "documents_complete": "0",
        "land_record_available": "1",
        "overlap_percentage": "44.18",
        "previous_rejections": "0",
        "latitude": 20.144841,
        "longitude": 73.787286,
        "status": "Pending"
      }
    },
    {
      "type": "Feature",
      "geometry": {
        "type": "Point",
        "coordinates": [
          86.780928,
          21.936965
        ]
      },
      "properties": {
        "claim_id": "FRA0046",
        "state": "Odisha",
        "district": "Mayurbhanj",
        "village": "Village_13",
        "claim_type": "CR",
        "claimed_area": "7.09",
        "recorded_area": "6.58",
        "processing_days": "54",
        "current_stage": "Gram Sabha",
        "documents_complete": "0",
        "land_record_available": "1",
        "overlap_percentage": "2.97",
        "previous_rejections": "1",
        "latitude": 21.936965,
        "longitude": 86.780928,
        "status": "Rejected"
      }
    },
    {
      "type": "Feature",
      "geometry": {
        "type": "Point",
        "coordinates": [
          80.031025,
          21.875645
        ]
      },
      "properties": {
        "claim_id": "FRA0047",
        "state": "Madhya Pradesh",
        "district": "Balaghat",
        "village": "Village_88",
        "claim_type": "CR",
        "claimed_area": "4.28",
        "recorded_area": "4.1",
        "processing_days": "250",
        "current_stage": "Gram Sabha",
        "documents_complete": "1",
        "land_record_available": "1",
        "overlap_percentage": "18.92",
        "previous_rejections": "0",
        "latitude": 21.875645,
        "longitude": 80.031025,
        "status": "Approved"
      }
    },
    {
      "type": "Feature",
      "geometry": {
        "type": "Point",
        "coordinates": [
          83.295727,
          22.972849
        ]
      },
      "properties": {
        "claim_id": "FRA0048",
        "state": "Chhattisgarh",
        "district": "Surguja",
        "village": "Village_43",
        "claim_type": "CFR",
        "claimed_area": "9.58",
        "recorded_area": "9.48",
        "processing_days": "139",
        "current_stage": "SDLC",
        "documents_complete": "0",
        "land_record_available": "0",
        "overlap_percentage": "30.74",
        "previous_rejections": "1",
        "latitude": 22.972849,
        "longitude": 83.295727,
        "status": "Pending"
      }
    },
    {
      "type": "Feature",
      "geometry": {
        "type": "Point",
        "coordinates": [
          85.351625,
          23.192903
        ]
      },
      "properties": {
        "claim_id": "FRA0049",
        "state": "Jharkhand",
        "district": "Ranchi",
        "village": "Village_20",
        "claim_type": "IFR",
        "claimed_area": "4.5",
        "recorded_area": "4.32",
        "processing_days": "93",
        "current_stage": "SDLC",
        "documents_complete": "1",
        "land_record_available": "0",
        "overlap_percentage": "50.78",
        "previous_rejections": "1",
        "latitude": 23.192903,
        "longitude": 85.351625,
        "status": "Pending"
      }
    },
    {
      "type": "Feature",
      "geometry": {
        "type": "Point",
        "coordinates": [
          80.964801,
          22.953097
        ]
      },
      "properties": {
        "claim_id": "FRA0050",
        "state": "Madhya Pradesh",
        "district": "Dindori",
        "village": "Village_66",
        "claim_type": "CR",
        "claimed_area": "3.65",
        "recorded_area": "3.2",
        "processing_days": "129",
        "current_stage": "SDLC",
        "documents_complete": "0",
        "land_record_available": "0",
        "overlap_percentage": "31.0",
        "previous_rejections": "1",
        "latitude": 22.953097,
        "longitude": 80.964801,
        "status": "Rejected"
      }
    },
    {
      "type": "Feature",
      "geometry": {
        "type": "Point",
        "coordinates": [
          74.335934,
          21.329704
        ]
      },
      "properties": {
        "claim_id": "FRA0051",
        "state": "Maharashtra",
        "district": "Nandurbar",
        "village": "Village_38",
        "claim_type": "CR",
        "claimed_area": "9.97",
        "recorded_area": "9.88",
        "processing_days": "34",
        "current_stage": "Title Issued",
        "documents_complete": "0",
        "land_record_available": "0",
        "overlap_percentage": "31.72",
        "previous_rejections": "1",
        "latitude": 21.329704,
        "longitude": 74.335934,
        "status": "Approved"
      }
    },
    {
      "type": "Feature",
      "geometry": {
        "type": "Point",
        "coordinates": [
          74.335441,
          21.430108
        ]
      },
      "properties": {
        "claim_id": "FRA0052",
        "state": "Maharashtra",
        "district": "Nandurbar",
        "village": "Village_98",
        "claim_type": "IFR",
        "claimed_area": "7.52",
        "recorded_area": "7.64",
        "processing_days": "53",
        "current_stage": "Gram Sabha",
        "documents_complete": "0",
        "land_record_available": "1",
        "overlap_percentage": "12.99",
        "previous_rejections": "2",
        "latitude": 21.430108,
        "longitude": 74.335441,
        "status": "Approved"
      }
    },
    {
      "type": "Feature",
      "geometry": {
        "type": "Point",
        "coordinates": [
          81.438606,
          20.213577
        ]
      },
      "properties": {
        "claim_id": "FRA0053",
        "state": "Chhattisgarh",
        "district": "Kanker",
        "village": "Village_64",
        "claim_type": "CR",
        "claimed_area": "6.14",
        "recorded_area": "5.3",
        "processing_days": "59",
        "current_stage": "DLC",
        "documents_complete": "1",
        "land_record_available": "1",
        "overlap_percentage": "36.18",
        "previous_rejections": "1",
        "latitude": 20.213577,
        "longitude": 81.438606,
        "status": "Rejected"
      }
    },
    {
      "type": "Feature",
      "geometry": {
        "type": "Point",
        "coordinates": [
          85.723276,
          21.490289
        ]
      },
      "properties": {
        "claim_id": "FRA0054",
        "state": "Odisha",
        "district": "Keonjhar",
        "village": "Village_72",
        "claim_type": "CR",
        "claimed_area": "5.73",
        "recorded_area": "5.98",
        "processing_days": "31",
        "current_stage": "Title Issued",
        "documents_complete": "1",
        "land_record_available": "0",
        "overlap_percentage": "34.19",
        "previous_rejections": "2",
        "latitude": 21.490289,
        "longitude": 85.723276,
        "status": "Pending"
      }
    },
    {
      "type": "Feature",
      "geometry": {
        "type": "Point",
        "coordinates": [
          81.150771,
          22.927243
        ]
      },
      "properties": {
        "claim_id": "FRA0055",
        "state": "Madhya Pradesh",
        "district": "Dindori",
        "village": "Village_1",
        "claim_type": "IFR",
        "claimed_area": "9.08",
        "recorded_area": "7.98",
        "processing_days": "96",
        "current_stage": "Title Issued",
        "documents_complete": "1",
        "land_record_available": "1",
        "overlap_percentage": "65.44",
        "previous_rejections": "2",
        "latitude": 22.927243,
        "longitude": 81.150771,
        "status": "Pending"
      }
    },
    {
      "type": "Feature",
      "geometry": {
        "type": "Point",
        "coordinates": [
          83.217099,
          22.954358
        ]
      },
      "properties": {
        "claim_id": "FRA0056",
        "state": "Chhattisgarh",
        "district": "Surguja",
        "village": "Village_49",
        "claim_type": "IFR",
        "claimed_area": "4.35",
        "recorded_area": "3.82",
        "processing_days": "90",
        "current_stage": "Title Issued",
        "documents_complete": "1",
        "land_record_available": "0",
        "overlap_percentage": "26.39",
        "previous_rejections": "1",
        "latitude": 22.954358,
        "longitude": 83.217099,
        "status": "Rejected"
      }
    },
    {
      "type": "Feature",
      "geometry": {
        "type": "Point",
        "coordinates": [
          84.501867,
          22.552872
        ]
      },
      "properties": {
        "claim_id": "FRA0057",
        "state": "Jharkhand",
        "district": "Simdega",
        "village": "Village_35",
        "claim_type": "CFR",
        "claimed_area": "1.65",
        "recorded_area": "1.63",
        "processing_days": "56",
        "current_stage": "SDLC",
        "documents_complete": "1",
        "land_record_available": "0",
        "overlap_percentage": "5.52",
        "previous_rejections": "1",
        "latitude": 22.552872,
        "longitude": 84.501867,
        "status": "Approved"
      }
    },
    {
      "type": "Feature",
      "geometry": {
        "type": "Point",
        "coordinates": [
          83.170274,
          22.772801
        ]
      },
      "properties": {
        "claim_id": "FRA0058",
        "state": "Chhattisgarh",
        "district": "Surguja",
        "village": "Village_22",
        "claim_type": "IFR",
        "claimed_area": "7.47",
        "recorded_area": "6.75",
        "processing_days": "33",
        "current_stage": "DLC",
        "documents_complete": "1",
        "land_record_available": "0",
        "overlap_percentage": "27.42",
        "previous_rejections": "1",
        "latitude": 22.772801,
        "longitude": 83.170274,
        "status": "Approved"
      }
    },
    {
      "type": "Feature",
      "geometry": {
        "type": "Point",
        "coordinates": [
          81.02297,
          22.951283
        ]
      },
      "properties": {
        "claim_id": "FRA0059",
        "state": "Madhya Pradesh",
        "district": "Dindori",
        "village": "Village_43",
        "claim_type": "CFR",
        "claimed_area": "5.33",
        "recorded_area": "4.84",
        "processing_days": "65",
        "current_stage": "Gram Sabha",
        "documents_complete": "1",
        "land_record_available": "1",
        "overlap_percentage": "68.96",
        "previous_rejections": "1",
        "latitude": 22.951283,
        "longitude": 81.02297,
        "status": "Rejected"
      }
    },
    {
      "type": "Feature",
      "geometry": {
        "type": "Point",
        "coordinates": [
          86.796293,
          21.878517
        ]
      },
      "properties": {
        "claim_id": "FRA0060",
        "state": "Odisha",
        "district": "Mayurbhanj",
        "village": "Village_43",
        "claim_type": "CFR",
        "claimed_area": "9.51",
        "recorded_area": "9.02",
        "processing_days": "139",
        "current_stage": "Title Issued",
        "documents_complete": "1",
        "land_record_available": "1",
        "overlap_percentage": "5.22",
        "previous_rejections": "0",
        "latitude": 21.878517,
        "longitude": 86.796293,
        "status": "Approved"
      }
    },
    {
      "type": "Feature",
      "geometry": {
        "type": "Point",
        "coordinates": [
          80.42571,
          22.630255
        ]
      },
      "properties": {
        "claim_id": "FRA0061",
        "state": "Madhya Pradesh",
        "district": "Mandla",
        "village": "Village_38",
        "claim_type": "IFR",
        "claimed_area": "6.44",
        "recorded_area": "5.68",
        "processing_days": "129",
        "current_stage": "SDLC",
        "documents_complete": "1",
        "land_record_available": "1",
        "overlap_percentage": "40.02",
        "previous_rejections": "3",
        "latitude": 22.630255,
        "longitude": 80.42571,
        "status": "Approved"
      }
    },
    {
      "type": "Feature",
      "geometry": {
        "type": "Point",
        "coordinates": [
          80.04542,
          21.859926
        ]
      },
      "properties": {
        "claim_id": "FRA0062",
        "state": "Madhya Pradesh",
        "district": "Balaghat",
        "village": "Village_21",
        "claim_type": "CR",
        "claimed_area": "5.86",
        "recorded_area": "5.01",
        "processing_days": "75",
        "current_stage": "SDLC",
        "documents_complete": "1",
        "land_record_available": "0",
        "overlap_percentage": "84.95",
        "previous_rejections": "2",
        "latitude": 21.859926,
        "longitude": 80.04542,
        "status": "Pending"
      }
    },
    {
      "type": "Feature",
      "geometry": {
        "type": "Point",
        "coordinates": [
          84.404945,
          22.639253
        ]
      },
      "properties": {
        "claim_id": "FRA0063",
        "state": "Jharkhand",
        "district": "Simdega",
        "village": "Village_22",
        "claim_type": "CR",
        "claimed_area": "5.57",
        "recorded_area": "5.43",
        "processing_days": "60",
        "current_stage": "DLC",
        "documents_complete": "0",
        "land_record_available": "1",
        "overlap_percentage": "39.27",
        "previous_rejections": "1",
        "latitude": 22.639253,
        "longitude": 84.404945,
        "status": "Approved"
      }
    },
    {
      "type": "Feature",
      "geometry": {
        "type": "Point",
        "coordinates": [
          73.756632,
          20.057011
        ]
      },
      "properties": {
        "claim_id": "FRA0064",
        "state": "Maharashtra",
        "district": "Nashik",
        "village": "Village_31",
        "claim_type": "CR",
        "claimed_area": "7.46",
        "recorded_area": "6.83",
        "processing_days": "76",
        "current_stage": "Gram Sabha",
        "documents_complete": "1",
        "land_record_available": "1",
        "overlap_percentage": "80.8",
        "previous_rejections": "2",
        "latitude": 20.057011,
        "longitude": 73.756632,
        "status": "Pending"
      }
    },
    {
      "type": "Feature",
      "geometry": {
        "type": "Point",
        "coordinates": [
          79.963152,
          20.290196
        ]
      },
      "properties": {
        "claim_id": "FRA0065",
        "state": "Maharashtra",
        "district": "Gadchiroli",
        "village": "Village_14",
        "claim_type": "CR",
        "claimed_area": "5.28",
        "recorded_area": "5.45",
        "processing_days": "161",
        "current_stage": "Gram Sabha",
        "documents_complete": "0",
        "land_record_available": "1",
        "overlap_percentage": "17.04",
        "previous_rejections": "0",
        "latitude": 20.290196,
        "longitude": 79.963152,
        "status": "Rejected"
      }
    },
    {
      "type": "Feature",
      "geometry": {
        "type": "Point",
        "coordinates": [
          80.361806,
          22.66853
        ]
      },
      "properties": {
        "claim_id": "FRA0066",
        "state": "Madhya Pradesh",
        "district": "Mandla",
        "village": "Village_23",
        "claim_type": "CFR",
        "claimed_area": "3.03",
        "recorded_area": "3.05",
        "processing_days": "28",
        "current_stage": "Title Issued",
        "documents_complete": "0",
        "land_record_available": "1",
        "overlap_percentage": "60.27",
        "previous_rejections": "1",
        "latitude": 22.66853,
        "longitude": 80.361806,
        "status": "Pending"
      }
    },
    {
      "type": "Feature",
      "geometry": {
        "type": "Point",
        "coordinates": [
          80.128057,
          21.720896
        ]
      },
      "properties": {
        "claim_id": "FRA0067",
        "state": "Madhya Pradesh",
        "district": "Balaghat",
        "village": "Village_35",
        "claim_type": "CFR",
        "claimed_area": "7.86",
        "recorded_area": "7.31",
        "processing_days": "73",
        "current_stage": "DLC",
        "documents_complete": "0",
        "land_record_available": "1",
        "overlap_percentage": "10.69",
        "previous_rejections": "2",
        "latitude": 21.720896,
        "longitude": 80.128057,
        "status": "Approved"
      }
    },
    {
      "type": "Feature",
      "geometry": {
        "type": "Point",
        "coordinates": [
          84.615041,
          22.900588
        ]
      },
      "properties": {
        "claim_id": "FRA0068",
        "state": "Jharkhand",
        "district": "Gumla",
        "village": "Village_49",
        "claim_type": "IFR",
        "claimed_area": "8.03",
        "recorded_area": "7.04",
        "processing_days": "107",
        "current_stage": "Gram Sabha",
        "documents_complete": "0",
        "land_record_available": "0",
        "overlap_percentage": "29.36",
        "previous_rejections": "1",
        "latitude": 22.900588,
        "longitude": 84.615041,
        "status": "Pending"
      }
    },
    {
      "type": "Feature",
      "geometry": {
        "type": "Point",
        "coordinates": [
          85.673985,
          21.67076
        ]
      },
      "properties": {
        "claim_id": "FRA0069",
        "state": "Odisha",
        "district": "Keonjhar",
        "village": "Village_3",
        "claim_type": "IFR",
        "claimed_area": "5.32",
        "recorded_area": "5.58",
        "processing_days": "56",
        "current_stage": "Gram Sabha",
        "documents_complete": "0",
        "land_record_available": "0",
        "overlap_percentage": "35.09",
        "previous_rejections": "3",
        "latitude": 21.67076,
        "longitude": 85.673985,
        "status": "Approved"
      }
    },
    {
      "type": "Feature",
      "geometry": {
        "type": "Point",
        "coordinates": [
          83.165256,
          22.812037
        ]
      },
      "properties": {
        "claim_id": "FRA0070",
        "state": "Chhattisgarh",
        "district": "Surguja",
        "village": "Village_32",
        "claim_type": "IFR",
        "claimed_area": "8.29",
        "recorded_area": "8.08",
        "processing_days": "139",
        "current_stage": "DLC",
        "documents_complete": "0",
        "land_record_available": "0",
        "overlap_percentage": "38.15",
        "previous_rejections": "1",
        "latitude": 22.812037,
        "longitude": 83.165256,
        "status": "Rejected"
      }
    },
    {
      "type": "Feature",
      "geometry": {
        "type": "Point",
        "coordinates": [
          85.496336,
          21.767446
        ]
      },
      "properties": {
        "claim_id": "FRA0071",
        "state": "Odisha",
        "district": "Keonjhar",
        "village": "Village_69",
        "claim_type": "CR",
        "claimed_area": "3.03",
        "recorded_area": "2.68",
        "processing_days": "135",
        "current_stage": "SDLC",
        "documents_complete": "0",
        "land_record_available": "1",
        "overlap_percentage": "83.96",
        "previous_rejections": "2",
        "latitude": 21.767446,
        "longitude": 85.496336,
        "status": "Pending"
      }
    },
    {
      "type": "Feature",
      "geometry": {
        "type": "Point",
        "coordinates": [
          81.096268,
          22.828266
        ]
      },
      "properties": {
        "claim_id": "FRA0072",
        "state": "Madhya Pradesh",
        "district": "Dindori",
        "village": "Village_79",
        "claim_type": "CR",
        "claimed_area": "2.96",
        "recorded_area": "2.86",
        "processing_days": "85",
        "current_stage": "Gram Sabha",
        "documents_complete": "1",
        "land_record_available": "1",
        "overlap_percentage": "29.14",
        "previous_rejections": "1",
        "latitude": 22.828266,
        "longitude": 81.096268,
        "status": "Approved"
      }
    },
    {
      "type": "Feature",
      "geometry": {
        "type": "Point",
        "coordinates": [
          84.55158,
          22.664207
        ]
      },
      "properties": {
        "claim_id": "FRA0073",
        "state": "Jharkhand",
        "district": "Simdega",
        "village": "Village_68",
        "claim_type": "IFR",
        "claimed_area": "2.62",
        "recorded_area": "2.5",
        "processing_days": "84",
        "current_stage": "SDLC",
        "documents_complete": "1",
        "land_record_available": "0",
        "overlap_percentage": "1.16",
        "previous_rejections": "3",
        "latitude": 22.664207,
        "longitude": 84.55158,
        "status": "Approved"
      }
    },
    {
      "type": "Feature",
      "geometry": {
        "type": "Point",
        "coordinates": [
          86.601819,
          22.076817
        ]
      },
      "properties": {
        "claim_id": "FRA0074",
        "state": "Odisha",
        "district": "Mayurbhanj",
        "village": "Village_70",
        "claim_type": "CR",
        "claimed_area": "8.5",
        "recorded_area": "8.52",
        "processing_days": "100",
        "current_stage": "SDLC",
        "documents_complete": "1",
        "land_record_available": "0",
        "overlap_percentage": "68.44",
        "previous_rejections": "2",
        "latitude": 22.076817,
        "longitude": 86.601819,
        "status": "Rejected"
      }
    },
    {
      "type": "Feature",
      "geometry": {
        "type": "Point",
        "coordinates": [
          84.625708,
          22.616832
        ]
      },
      "properties": {
        "claim_id": "FRA0075",
        "state": "Jharkhand",
        "district": "Simdega",
        "village": "Village_24",
        "claim_type": "CFR",
        "claimed_area": "5.07",
        "recorded_area": "4.4",
        "processing_days": "95",
        "current_stage": "Title Issued",
        "documents_complete": "0",
        "land_record_available": "0",
        "overlap_percentage": "59.1",
        "previous_rejections": "0",
        "latitude": 22.616832,
        "longitude": 84.625708,
        "status": "Approved"
      }
    },
    {
      "type": "Feature",
      "geometry": {
        "type": "Point",
        "coordinates": [
          82.62495,
          18.755394
        ]
      },
      "properties": {
        "claim_id": "FRA0076",
        "state": "Odisha",
        "district": "Koraput",
        "village": "Village_21",
        "claim_type": "CR",
        "claimed_area": "3.29",
        "recorded_area": "2.92",
        "processing_days": "160",
        "current_stage": "SDLC",
        "documents_complete": "0",
        "land_record_available": "1",
        "overlap_percentage": "6.69",
        "previous_rejections": "1",
        "latitude": 18.755394,
        "longitude": 82.62495,
        "status": "Approved"
      }
    },
    {
      "type": "Feature",
      "geometry": {
        "type": "Point",
        "coordinates": [
          83.301094,
          22.821679
        ]
      },
      "properties": {
        "claim_id": "FRA0077",
        "state": "Chhattisgarh",
        "district": "Surguja",
        "village": "Village_91",
        "claim_type": "CR",
        "claimed_area": "2.19",
        "recorded_area": "1.86",
        "processing_days": "142",
        "current_stage": "Title Issued",
        "documents_complete": "1",
        "land_record_available": "1",
        "overlap_percentage": "62.15",
        "previous_rejections": "2",
        "latitude": 22.821679,
        "longitude": 83.301094,
        "status": "Pending"
      }
    },
    {
      "type": "Feature",
      "geometry": {
        "type": "Point",
        "coordinates": [
          82.660563,
          18.791293
        ]
      },
      "properties": {
        "claim_id": "FRA0078",
        "state": "Odisha",
        "district": "Koraput",
        "village": "Village_46",
        "claim_type": "CR",
        "claimed_area": "8.58",
        "recorded_area": "8.48",
        "processing_days": "122",
        "current_stage": "Title Issued",
        "documents_complete": "1",
        "land_record_available": "0",
        "overlap_percentage": "10.96",
        "previous_rejections": "0",
        "latitude": 18.791293,
        "longitude": 82.660563,
        "status": "Rejected"
      }
    },
    {
      "type": "Feature",
      "geometry": {
        "type": "Point",
        "coordinates": [
          84.61766,
          22.90074
        ]
      },
      "properties": {
        "claim_id": "FRA0079",
        "state": "Jharkhand",
        "district": "Gumla",
        "village": "Village_90",
        "claim_type": "CFR",
        "claimed_area": "2.14",
        "recorded_area": "2.01",
        "processing_days": "40",
        "current_stage": "DLC",
        "documents_complete": "1",
        "land_record_available": "1",
        "overlap_percentage": "62.51",
        "previous_rejections": "2",
        "latitude": 22.90074,
        "longitude": 84.61766,
        "status": "Pending"
      }
    },
    {
      "type": "Feature",
      "geometry": {
        "type": "Point",
        "coordinates": [
          80.242154,
          21.880793
        ]
      },
      "properties": {
        "claim_id": "FRA0080",
        "state": "Madhya Pradesh",
        "district": "Balaghat",
        "village": "Village_56",
        "claim_type": "CR",
        "claimed_area": "7.34",
        "recorded_area": "6.64",
        "processing_days": "87",
        "current_stage": "Gram Sabha",
        "documents_complete": "0",
        "land_record_available": "0",
        "overlap_percentage": "52.29",
        "previous_rejections": "1",
        "latitude": 21.880793,
        "longitude": 80.242154,
        "status": "Pending"
      }
    },
    {
      "type": "Feature",
      "geometry": {
        "type": "Point",
        "coordinates": [
          82.784849,
          18.665951
        ]
      },
      "properties": {
        "claim_id": "FRA0081",
        "state": "Odisha",
        "district": "Koraput",
        "village": "Village_42",
        "claim_type": "IFR",
        "claimed_area": "1.92",
        "recorded_area": "1.81",
        "processing_days": "107",
        "current_stage": "Gram Sabha",
        "documents_complete": "0",
        "land_record_available": "0",
        "overlap_percentage": "79.28",
        "previous_rejections": "1",
        "latitude": 18.665951,
        "longitude": 82.784849,
        "status": "Approved"
      }
    },
    {
      "type": "Feature",
      "geometry": {
        "type": "Point",
        "coordinates": [
          85.689772,
          21.566142
        ]
      },
      "properties": {
        "claim_id": "FRA0082",
        "state": "Odisha",
        "district": "Keonjhar",
        "village": "Village_88",
        "claim_type": "IFR",
        "claimed_area": "8.47",
        "recorded_area": "7.74",
        "processing_days": "61",
        "current_stage": "Title Issued",
        "documents_complete": "0",
        "land_record_available": "1",
        "overlap_percentage": "72.6",
        "previous_rejections": "0",
        "latitude": 21.566142,
        "longitude": 85.689772,
        "status": "Approved"
      }
    },
    {
      "type": "Feature",
      "geometry": {
        "type": "Point",
        "coordinates": [
          81.220364,
          22.805473
        ]
      },
      "properties": {
        "claim_id": "FRA0083",
        "state": "Madhya Pradesh",
        "district": "Dindori",
        "village": "Village_76",
        "claim_type": "CFR",
        "claimed_area": "5.94",
        "recorded_area": "5.21",
        "processing_days": "60",
        "current_stage": "Gram Sabha",
        "documents_complete": "0",
        "land_record_available": "1",
        "overlap_percentage": "33.26",
        "previous_rejections": "1",
        "latitude": 22.805473,
        "longitude": 81.220364,
        "status": "Rejected"
      }
    },
    {
      "type": "Feature",
      "geometry": {
        "type": "Point",
        "coordinates": [
          74.256048,
          21.253324
        ]
      },
      "properties": {
        "claim_id": "FRA0084",
        "state": "Maharashtra",
        "district": "Nandurbar",
        "village": "Village_37",
        "claim_type": "CFR",
        "claimed_area": "3.39",
        "recorded_area": "2.94",
        "processing_days": "96",
        "current_stage": "DLC",
        "documents_complete": "0",
        "land_record_available": "0",
        "overlap_percentage": "74.1",
        "previous_rejections": "0",
        "latitude": 21.253324,
        "longitude": 74.256048,
        "status": "Pending"
      }
    },
    {
      "type": "Feature",
      "geometry": {
        "type": "Point",
        "coordinates": [
          80.153259,
          21.843598
        ]
      },
      "properties": {
        "claim_id": "FRA0085",
        "state": "Madhya Pradesh",
        "district": "Balaghat",
        "village": "Village_4",
        "claim_type": "CR",
        "claimed_area": "2.75",
        "recorded_area": "2.63",
        "processing_days": "22",
        "current_stage": "Gram Sabha",
        "documents_complete": "0",
        "land_record_available": "1",
        "overlap_percentage": "40.09",
        "previous_rejections": "0",
        "latitude": 21.843598,
        "longitude": 80.153259,
        "status": "Pending"
      }
    },
    {
      "type": "Feature",
      "geometry": {
        "type": "Point",
        "coordinates": [
          73.695109,
          20.087407
        ]
      },
      "properties": {
        "claim_id": "FRA0086",
        "state": "Maharashtra",
        "district": "Nashik",
        "village": "Village_10",
        "claim_type": "CR",
        "claimed_area": "1.73",
        "recorded_area": "1.76",
        "processing_days": "36",
        "current_stage": "DLC",
        "documents_complete": "0",
        "land_record_available": "0",
        "overlap_percentage": "50.88",
        "previous_rejections": "1",
        "latitude": 20.087407,
        "longitude": 73.695109,
        "status": "Approved"
      }
    },
    {
      "type": "Feature",
      "geometry": {
        "type": "Point",
        "coordinates": [
          80.280706,
          21.75515
        ]
      },
      "properties": {
        "claim_id": "FRA0087",
        "state": "Madhya Pradesh",
        "district": "Balaghat",
        "village": "Village_86",
        "claim_type": "CFR",
        "claimed_area": "1.69",
        "recorded_area": "1.58",
        "processing_days": "152",
        "current_stage": "DLC",
        "documents_complete": "0",
        "land_record_available": "1",
        "overlap_percentage": "27.17",
        "previous_rejections": "1",
        "latitude": 21.75515,
        "longitude": 80.280706,
        "status": "Approved"
      }
    },
    {
      "type": "Feature",
      "geometry": {
        "type": "Point",
        "coordinates": [
          83.293018,
          22.855775
        ]
      },
      "properties": {
        "claim_id": "FRA0088",
        "state": "Chhattisgarh",
        "district": "Surguja",
        "village": "Village_61",
        "claim_type": "CR",
        "claimed_area": "6.76",
        "recorded_area": "5.89",
        "processing_days": "44",
        "current_stage": "Gram Sabha",
        "documents_complete": "0",
        "land_record_available": "1",
        "overlap_percentage": "40.15",
        "previous_rejections": "1",
        "latitude": 22.855775,
        "longitude": 83.293018,
        "status": "Pending"
      }
    },
    {
      "type": "Feature",
      "geometry": {
        "type": "Point",
        "coordinates": [
          73.844702,
          19.861051
        ]
      },
      "properties": {
        "claim_id": "FRA0089",
        "state": "Maharashtra",
        "district": "Nashik",
        "village": "Village_50",
        "claim_type": "IFR",
        "claimed_area": "6.64",
        "recorded_area": "6.72",
        "processing_days": "59",
        "current_stage": "Title Issued",
        "documents_complete": "1",
        "land_record_available": "0",
        "overlap_percentage": "62.09",
        "previous_rejections": "2",
        "latitude": 19.861051,
        "longitude": 73.844702,
        "status": "Rejected"
      }
    },
    {
      "type": "Feature",
      "geometry": {
        "type": "Point",
        "coordinates": [
          80.055918,
          21.711272
        ]
      },
      "properties": {
        "claim_id": "FRA0090",
        "state": "Madhya Pradesh",
        "district": "Balaghat",
        "village": "Village_52",
        "claim_type": "CR",
        "claimed_area": "5.74",
        "recorded_area": "5.57",
        "processing_days": "160",
        "current_stage": "SDLC",
        "documents_complete": "1",
        "land_record_available": "0",
        "overlap_percentage": "9.27",
        "previous_rejections": "0",
        "latitude": 21.711272,
        "longitude": 80.055918,
        "status": "Rejected"
      }
    },
    {
      "type": "Feature",
      "geometry": {
        "type": "Point",
        "coordinates": [
          85.440293,
          21.714752
        ]
      },
      "properties": {
        "claim_id": "FRA0091",
        "state": "Odisha",
        "district": "Keonjhar",
        "village": "Village_2",
        "claim_type": "CFR",
        "claimed_area": "2.33",
        "recorded_area": "2.01",
        "processing_days": "106",
        "current_stage": "Title Issued",
        "documents_complete": "1",
        "land_record_available": "0",
        "overlap_percentage": "24.56",
        "previous_rejections": "0",
        "latitude": 21.714752,
        "longitude": 85.440293,
        "status": "Approved"
      }
    },
    {
      "type": "Feature",
      "geometry": {
        "type": "Point",
        "coordinates": [
          81.926669,
          19.117264
        ]
      },
      "properties": {
        "claim_id": "FRA0092",
        "state": "Chhattisgarh",
        "district": "Bastar",
        "village": "Village_88",
        "claim_type": "CFR",
        "claimed_area": "5.32",
        "recorded_area": "5.33",
        "processing_days": "90",
        "current_stage": "DLC",
        "documents_complete": "0",
        "land_record_available": "1",
        "overlap_percentage": "83.18",
        "previous_rejections": "3",
        "latitude": 19.117264,
        "longitude": 81.926669,
        "status": "Approved"
      }
    },
    {
      "type": "Feature",
      "geometry": {
        "type": "Point",
        "coordinates": [
          80.328595,
          22.726245
        ]
      },
      "properties": {
        "claim_id": "FRA0093",
        "state": "Madhya Pradesh",
        "district": "Mandla",
        "village": "Village_85",
        "claim_type": "CR",
        "claimed_area": "7.05",
        "recorded_area": "6.48",
        "processing_days": "144",
        "current_stage": "SDLC",
        "documents_complete": "0",
        "land_record_available": "0",
        "overlap_percentage": "14.97",
        "previous_rejections": "3",
        "latitude": 22.726245,
        "longitude": 80.328595,
        "status": "Pending"
      }
    },
    {
      "type": "Feature",
      "geometry": {
        "type": "Point",
        "coordinates": [
          85.373391,
          23.481296
        ]
      },
      "properties": {
        "claim_id": "FRA0094",
        "state": "Jharkhand",
        "district": "Ranchi",
        "village": "Village_22",
        "claim_type": "IFR",
        "claimed_area": "2.58",
        "recorded_area": "2.24",
        "processing_days": "96",
        "current_stage": "DLC",
        "documents_complete": "0",
        "land_record_available": "0",
        "overlap_percentage": "79.81",
        "previous_rejections": "2",
        "latitude": 23.481296,
        "longitude": 85.373391,
        "status": "Pending"
      }
    },
    {
      "type": "Feature",
      "geometry": {
        "type": "Point",
        "coordinates": [
          83.163528,
          22.838431
        ]
      },
      "properties": {
        "claim_id": "FRA0095",
        "state": "Chhattisgarh",
        "district": "Surguja",
        "village": "Village_60",
        "claim_type": "IFR",
        "claimed_area": "8.8",
        "recorded_area": "8.16",
        "processing_days": "156",
        "current_stage": "Gram Sabha",
        "documents_complete": "0",
        "land_record_available": "0",
        "overlap_percentage": "38.82",
        "previous_rejections": "2",
        "latitude": 22.838431,
        "longitude": 83.163528,
        "status": "Approved"
      }
    },
    {
      "type": "Feature",
      "geometry": {
        "type": "Point",
        "coordinates": [
          80.320372,
          22.710673
        ]
      },
      "properties": {
        "claim_id": "FRA0096",
        "state": "Madhya Pradesh",
        "district": "Mandla",
        "village": "Village_82",
        "claim_type": "CFR",
        "claimed_area": "9.9",
        "recorded_area": "9.38",
        "processing_days": "169",
        "current_stage": "SDLC",
        "documents_complete": "0",
        "land_record_available": "1",
        "overlap_percentage": "17.13",
        "previous_rejections": "3",
        "latitude": 22.710673,
        "longitude": 80.320372,
        "status": "Pending"
      }
    },
    {
      "type": "Feature",
      "geometry": {
        "type": "Point",
        "coordinates": [
          81.416314,
          20.327643
        ]
      },
      "properties": {
        "claim_id": "FRA0097",
        "state": "Chhattisgarh",
        "district": "Kanker",
        "village": "Village_48",
        "claim_type": "CR",
        "claimed_area": "6.71",
        "recorded_area": "5.84",
        "processing_days": "107",
        "current_stage": "DLC",
        "documents_complete": "1",
        "land_record_available": "1",
        "overlap_percentage": "60.5",
        "previous_rejections": "1",
        "latitude": 20.327643,
        "longitude": 81.416314,
        "status": "Pending"
      }
    },
    {
      "type": "Feature",
      "geometry": {
        "type": "Point",
        "coordinates": [
          85.706593,
          21.699195
        ]
      },
      "properties": {
        "claim_id": "FRA0098",
        "state": "Odisha",
        "district": "Keonjhar",
        "village": "Village_97",
        "claim_type": "CR",
        "claimed_area": "7.13",
        "recorded_area": "6.29",
        "processing_days": "44",
        "current_stage": "DLC",
        "documents_complete": "0",
        "land_record_available": "0",
        "overlap_percentage": "20.45",
        "previous_rejections": "2",
        "latitude": 21.699195,
        "longitude": 85.706593,
        "status": "Pending"
      }
    },
    {
      "type": "Feature",
      "geometry": {
        "type": "Point",
        "coordinates": [
          73.879655,
          20.111773
        ]
      },
      "properties": {
        "claim_id": "FRA0099",
        "state": "Maharashtra",
        "district": "Nashik",
        "village": "Village_89",
        "claim_type": "CR",
        "claimed_area": "8.39",
        "recorded_area": "8.02",
        "processing_days": "101",
        "current_stage": "DLC",
        "documents_complete": "1",
        "land_record_available": "0",
        "overlap_percentage": "74.63",
        "previous_rejections": "0",
        "latitude": 20.111773,
        "longitude": 73.879655,
        "status": "Pending"
      }
    },
    {
      "type": "Feature",
      "geometry": {
        "type": "Point",
        "coordinates": [
          73.828868,
          19.986632
        ]
      },
      "properties": {
        "claim_id": "FRA0100",
        "state": "Maharashtra",
        "district": "Nashik",
        "village": "Village_4",
        "claim_type": "CR",
        "claimed_area": "5.15",
        "recorded_area": "4.45",
        "processing_days": "84",
        "current_stage": "SDLC",
        "documents_complete": "1",
        "land_record_available": "1",
        "overlap_percentage": "55.47",
        "previous_rejections": "1",
        "latitude": 19.986632,
        "longitude": 73.828868,
        "status": "Rejected"
      }
    },
    {
      "type": "Feature",
      "geometry": {
        "type": "Point",
        "coordinates": [
          84.637679,
          22.963439
        ]
      },
      "properties": {
        "claim_id": "FRA0101",
        "state": "Jharkhand",
        "district": "Gumla",
        "village": "Village_90",
        "claim_type": "CFR",
        "claimed_area": "6.04",
        "recorded_area": "5.85",
        "processing_days": "109",
        "current_stage": "Gram Sabha",
        "documents_complete": "0",
        "land_record_available": "0",
        "overlap_percentage": "8.06",
        "previous_rejections": "2",
        "latitude": 22.963439,
        "longitude": 84.637679,
        "status": "Approved"
      }
    },
    {
      "type": "Feature",
      "geometry": {
        "type": "Point",
        "coordinates": [
          80.302843,
          21.911574
        ]
      },
      "properties": {
        "claim_id": "FRA0102",
        "state": "Madhya Pradesh",
        "district": "Balaghat",
        "village": "Village_20",
        "claim_type": "CFR",
        "claimed_area": "1.21",
        "recorded_area": "1.13",
        "processing_days": "111",
        "current_stage": "DLC",
        "documents_complete": "1",
        "land_record_available": "0",
        "overlap_percentage": "84.33",
        "previous_rejections": "2",
        "latitude": 21.911574,
        "longitude": 80.302843,
        "status": "Pending"
      }
    },
    {
      "type": "Feature",
      "geometry": {
        "type": "Point",
        "coordinates": [
          85.483164,
          21.769469
        ]
      },
      "properties": {
        "claim_id": "FRA0103",
        "state": "Odisha",
        "district": "Keonjhar",
        "village": "Village_88",
        "claim_type": "CFR",
        "claimed_area": "3.99",
        "recorded_area": "4.08",
        "processing_days": "70",
        "current_stage": "Title Issued",
        "documents_complete": "0",
        "land_record_available": "1",
        "overlap_percentage": "6.57",
        "previous_rejections": "2",
        "latitude": 21.769469,
        "longitude": 85.483164,
        "status": "Pending"
      }
    },
    {
      "type": "Feature",
      "geometry": {
        "type": "Point",
        "coordinates": [
          85.489342,
          21.673744
        ]
      },
      "properties": {
        "claim_id": "FRA0104",
        "state": "Odisha",
        "district": "Keonjhar",
        "village": "Village_43",
        "claim_type": "CFR",
        "claimed_area": "4.58",
        "recorded_area": "4.25",
        "processing_days": "71",
        "current_stage": "Title Issued",
        "documents_complete": "0",
        "land_record_available": "1",
        "overlap_percentage": "61.6",
        "previous_rejections": "2",
        "latitude": 21.673744,
        "longitude": 85.489342,
        "status": "Pending"
      }
    },
    {
      "type": "Feature",
      "geometry": {
        "type": "Point",
        "coordinates": [
          83.29077,
          22.757599
        ]
      },
      "properties": {
        "claim_id": "FRA0105",
        "state": "Chhattisgarh",
        "district": "Surguja",
        "village": "Village_16",
        "claim_type": "CR",
        "claimed_area": "2.36",
        "recorded_area": "2.17",
        "processing_days": "32",
        "current_stage": "SDLC",
        "documents_complete": "1",
        "land_record_available": "0",
        "overlap_percentage": "67.23",
        "previous_rejections": "0",
        "latitude": 22.757599,
        "longitude": 83.29077,
        "status": "Approved"
      }
    },
    {
      "type": "Feature",
      "geometry": {
        "type": "Point",
        "coordinates": [
          85.182466,
          23.326268
        ]
      },
      "properties": {
        "claim_id": "FRA0106",
        "state": "Jharkhand",
        "district": "Ranchi",
        "village": "Village_46",
        "claim_type": "IFR",
        "claimed_area": "3.89",
        "recorded_area": "4.05",
        "processing_days": "124",
        "current_stage": "DLC",
        "documents_complete": "0",
        "land_record_available": "1",
        "overlap_percentage": "12.93",
        "previous_rejections": "1",
        "latitude": 23.326268,
        "longitude": 85.182466,
        "status": "Pending"
      }
    },
    {
      "type": "Feature",
      "geometry": {
        "type": "Point",
        "coordinates": [
          84.636882,
          23.173388
        ]
      },
      "properties": {
        "claim_id": "FRA0107",
        "state": "Jharkhand",
        "district": "Gumla",
        "village": "Village_43",
        "claim_type": "CR",
        "claimed_area": "7.93",
        "recorded_area": "7.83",
        "processing_days": "95",
        "current_stage": "SDLC",
        "documents_complete": "1",
        "land_record_available": "1",
        "overlap_percentage": "30.21",
        "previous_rejections": "3",
        "latitude": 23.173388,
        "longitude": 84.636882,
        "status": "Pending"
      }
    },
    {
      "type": "Feature",
      "geometry": {
        "type": "Point",
        "coordinates": [
          80.982358,
          22.80729
        ]
      },
      "properties": {
        "claim_id": "FRA0108",
        "state": "Madhya Pradesh",
        "district": "Dindori",
        "village": "Village_37",
        "claim_type": "IFR",
        "claimed_area": "8.05",
        "recorded_area": "8.19",
        "processing_days": "145",
        "current_stage": "SDLC",
        "documents_complete": "1",
        "land_record_available": "0",
        "overlap_percentage": "34.07",
        "previous_rejections": "2",
        "latitude": 22.80729,
        "longitude": 80.982358,
        "status": "Rejected"
      }
    },
    {
      "type": "Feature",
      "geometry": {
        "type": "Point",
        "coordinates": [
          82.802646,
          18.71123
        ]
      },
      "properties": {
        "claim_id": "FRA0109",
        "state": "Odisha",
        "district": "Koraput",
        "village": "Village_66",
        "claim_type": "IFR",
        "claimed_area": "7.22",
        "recorded_area": "7.26",
        "processing_days": "107",
        "current_stage": "DLC",
        "documents_complete": "1",
        "land_record_available": "1",
        "overlap_percentage": "46.37",
        "previous_rejections": "2",
        "latitude": 18.71123,
        "longitude": 82.802646,
        "status": "Approved"
      }
    },
    {
      "type": "Feature",
      "geometry": {
        "type": "Point",
        "coordinates": [
          83.235484,
          22.96736
        ]
      },
      "properties": {
        "claim_id": "FRA0110",
        "state": "Chhattisgarh",
        "district": "Surguja",
        "village": "Village_39",
        "claim_type": "CFR",
        "claimed_area": "4.63",
        "recorded_area": "4.4",
        "processing_days": "97",
        "current_stage": "DLC",
        "documents_complete": "0",
        "land_record_available": "0",
        "overlap_percentage": "15.48",
        "previous_rejections": "2",
        "latitude": 22.96736,
        "longitude": 83.235484,
        "status": "Pending"
      }
    },
    {
      "type": "Feature",
      "geometry": {
        "type": "Point",
        "coordinates": [
          84.483547,
          23.162286
        ]
      },
      "properties": {
        "claim_id": "FRA0111",
        "state": "Jharkhand",
        "district": "Gumla",
        "village": "Village_45",
        "claim_type": "IFR",
        "claimed_area": "9.22",
        "recorded_area": "8.2",
        "processing_days": "124",
        "current_stage": "SDLC",
        "documents_complete": "0",
        "land_record_available": "0",
        "overlap_percentage": "82.02",
        "previous_rejections": "1",
        "latitude": 23.162286,
        "longitude": 84.483547,
        "status": "Approved"
      }
    },
    {
      "type": "Feature",
      "geometry": {
        "type": "Point",
        "coordinates": [
          80.486755,
          22.714034
        ]
      },
      "properties": {
        "claim_id": "FRA0112",
        "state": "Madhya Pradesh",
        "district": "Mandla",
        "village": "Village_8",
        "claim_type": "CR",
        "claimed_area": "4.46",
        "recorded_area": "3.9",
        "processing_days": "49",
        "current_stage": "Title Issued",
        "documents_complete": "1",
        "land_record_available": "0",
        "overlap_percentage": "82.94",
        "previous_rejections": "1",
        "latitude": 22.714034,
        "longitude": 80.486755,
        "status": "Approved"
      }
    },
    {
      "type": "Feature",
      "geometry": {
        "type": "Point",
        "coordinates": [
          86.866969,
          21.877404
        ]
      },
      "properties": {
        "claim_id": "FRA0113",
        "state": "Odisha",
        "district": "Mayurbhanj",
        "village": "Village_34",
        "claim_type": "CR",
        "claimed_area": "2.13",
        "recorded_area": "1.87",
        "processing_days": "40",
        "current_stage": "Title Issued",
        "documents_complete": "0",
        "land_record_available": "1",
        "overlap_percentage": "82.65",
        "previous_rejections": "2",
        "latitude": 21.877404,
        "longitude": 86.866969,
        "status": "Pending"
      }
    },
    {
      "type": "Feature",
      "geometry": {
        "type": "Point",
        "coordinates": [
          86.688234,
          21.794857
        ]
      },
      "properties": {
        "claim_id": "FRA0114",
        "state": "Odisha",
        "district": "Mayurbhanj",
        "village": "Village_58",
        "claim_type": "IFR",
        "claimed_area": "7.94",
        "recorded_area": "6.76",
        "processing_days": "150",
        "current_stage": "Gram Sabha",
        "documents_complete": "1",
        "land_record_available": "0",
        "overlap_percentage": "88.08",
        "previous_rejections": "2",
        "latitude": 21.794857,
        "longitude": 86.688234,
        "status": "Rejected"
      }
    },
    {
      "type": "Feature",
      "geometry": {
        "type": "Point",
        "coordinates": [
          82.081279,
          19.146494
        ]
      },
      "properties": {
        "claim_id": "FRA0115",
        "state": "Chhattisgarh",
        "district": "Bastar",
        "village": "Village_7",
        "claim_type": "CFR",
        "claimed_area": "8.99",
        "recorded_area": "8.1",
        "processing_days": "168",
        "current_stage": "SDLC",
        "documents_complete": "1",
        "land_record_available": "0",
        "overlap_percentage": "44.13",
        "previous_rejections": "0",
        "latitude": 19.146494,
        "longitude": 82.081279,
        "status": "Rejected"
      }
    },
    {
      "type": "Feature",
      "geometry": {
        "type": "Point",
        "coordinates": [
          84.443165,
          22.652759
        ]
      },
      "properties": {
        "claim_id": "FRA0116",
        "state": "Jharkhand",
        "district": "Simdega",
        "village": "Village_4",
        "claim_type": "CR",
        "claimed_area": "4.45",
        "recorded_area": "4.01",
        "processing_days": "22",
        "current_stage": "Gram Sabha",
        "documents_complete": "0",
        "land_record_available": "1",
        "overlap_percentage": "62.47",
        "previous_rejections": "1",
        "latitude": 22.652759,
        "longitude": 84.443165,
        "status": "Rejected"
      }
    },
    {
      "type": "Feature",
      "geometry": {
        "type": "Point",
        "coordinates": [
          80.04525,
          20.133361
        ]
      },
      "properties": {
        "claim_id": "FRA0117",
        "state": "Maharashtra",
        "district": "Gadchiroli",
        "village": "Village_41",
        "claim_type": "CFR",
        "claimed_area": "9.5",
        "recorded_area": "9.37",
        "processing_days": "54",
        "current_stage": "Title Issued",
        "documents_complete": "1",
        "land_record_available": "1",
        "overlap_percentage": "34.23",
        "previous_rejections": "3",
        "latitude": 20.133361,
        "longitude": 80.04525,
        "status": "Approved"
      }
    },
    {
      "type": "Feature",
      "geometry": {
        "type": "Point",
        "coordinates": [
          83.211111,
          22.891882
        ]
      },
      "properties": {
        "claim_id": "FRA0118",
        "state": "Chhattisgarh",
        "district": "Surguja",
        "village": "Village_69",
        "claim_type": "IFR",
        "claimed_area": "5.43",
        "recorded_area": "4.92",
        "processing_days": "154",
        "current_stage": "Gram Sabha",
        "documents_complete": "1",
        "land_record_available": "0",
        "overlap_percentage": "39.2",
        "previous_rejections": "1",
        "latitude": 22.891882,
        "longitude": 83.211111,
        "status": "Pending"
      }
    },
    {
      "type": "Feature",
      "geometry": {
        "type": "Point",
        "coordinates": [
          74.271939,
          21.471335
        ]
      },
      "properties": {
        "claim_id": "FRA0119",
        "state": "Maharashtra",
        "district": "Nandurbar",
        "village": "Village_14",
        "claim_type": "IFR",
        "claimed_area": "2.75",
        "recorded_area": "2.75",
        "processing_days": "157",
        "current_stage": "SDLC",
        "documents_complete": "0",
        "land_record_available": "0",
        "overlap_percentage": "87.65",
        "previous_rejections": "0",
        "latitude": 21.471335,
        "longitude": 74.271939,
        "status": "Pending"
      }
    },
    {
      "type": "Feature",
      "geometry": {
        "type": "Point",
        "coordinates": [
          85.488968,
          21.503128
        ]
      },
      "properties": {
        "claim_id": "FRA0120",
        "state": "Odisha",
        "district": "Keonjhar",
        "village": "Village_92",
        "claim_type": "CR",
        "claimed_area": "8.93",
        "recorded_area": "9.19",
        "processing_days": "41",
        "current_stage": "Gram Sabha",
        "documents_complete": "1",
        "land_record_available": "0",
        "overlap_percentage": "63.05",
        "previous_rejections": "3",
        "latitude": 21.503128,
        "longitude": 85.488968,
        "status": "Approved"
      }
    },
    {
      "type": "Feature",
      "geometry": {
        "type": "Point",
        "coordinates": [
          80.092187,
          21.693692
        ]
      },
      "properties": {
        "claim_id": "FRA0121",
        "state": "Madhya Pradesh",
        "district": "Balaghat",
        "village": "Village_45",
        "claim_type": "CR",
        "claimed_area": "5.24",
        "recorded_area": "4.46",
        "processing_days": "82",
        "current_stage": "DLC",
        "documents_complete": "0",
        "land_record_available": "1",
        "overlap_percentage": "20.51",
        "previous_rejections": "2",
        "latitude": 21.693692,
        "longitude": 80.092187,
        "status": "Pending"
      }
    },
    {
      "type": "Feature",
      "geometry": {
        "type": "Point",
        "coordinates": [
          84.601475,
          22.491123
        ]
      },
      "properties": {
        "claim_id": "FRA0122",
        "state": "Jharkhand",
        "district": "Simdega",
        "village": "Village_33",
        "claim_type": "CFR",
        "claimed_area": "5.7",
        "recorded_area": "5.01",
        "processing_days": "155",
        "current_stage": "Gram Sabha",
        "documents_complete": "0",
        "land_record_available": "0",
        "overlap_percentage": "83.12",
        "previous_rejections": "3",
        "latitude": 22.491123,
        "longitude": 84.601475,
        "status": "Rejected"
      }
    },
    {
      "type": "Feature",
      "geometry": {
        "type": "Point",
        "coordinates": [
          85.72663,
          21.567495
        ]
      },
      "properties": {
        "claim_id": "FRA0123",
        "state": "Odisha",
        "district": "Keonjhar",
        "village": "Village_92",
        "claim_type": "CFR",
        "claimed_area": "4.88",
        "recorded_area": "4.24",
        "processing_days": "52",
        "current_stage": "Title Issued",
        "documents_complete": "1",
        "land_record_available": "0",
        "overlap_percentage": "23.46",
        "previous_rejections": "3",
        "latitude": 21.567495,
        "longitude": 85.72663,
        "status": "Rejected"
      }
    },
    {
      "type": "Feature",
      "geometry": {
        "type": "Point",
        "coordinates": [
          80.164914,
          21.762564
        ]
      },
      "properties": {
        "claim_id": "FRA0124",
        "state": "Madhya Pradesh",
        "district": "Balaghat",
        "village": "Village_21",
        "claim_type": "IFR",
        "claimed_area": "3.21",
        "recorded_area": "2.98",
        "processing_days": "171",
        "current_stage": "Gram Sabha",
        "documents_complete": "0",
        "land_record_available": "1",
        "overlap_percentage": "20.31",
        "previous_rejections": "0",
        "latitude": 21.762564,
        "longitude": 80.164914,
        "status": "Rejected"
      }
    },
    {
      "type": "Feature",
      "geometry": {
        "type": "Point",
        "coordinates": [
          83.057992,
          22.898822
        ]
      },
      "properties": {
        "claim_id": "FRA0125",
        "state": "Chhattisgarh",
        "district": "Surguja",
        "village": "Village_91",
        "claim_type": "IFR",
        "claimed_area": "7.82",
        "recorded_area": "6.91",
        "processing_days": "64",
        "current_stage": "DLC",
        "documents_complete": "1",
        "land_record_available": "0",
        "overlap_percentage": "79.53",
        "previous_rejections": "1",
        "latitude": 22.898822,
        "longitude": 83.057992,
        "status": "Approved"
      }
    },
    {
      "type": "Feature",
      "geometry": {
        "type": "Point",
        "coordinates": [
          84.409881,
          22.607757
        ]
      },
      "properties": {
        "claim_id": "FRA0126",
        "state": "Jharkhand",
        "district": "Simdega",
        "village": "Village_32",
        "claim_type": "CFR",
        "claimed_area": "9.31",
        "recorded_area": "8.94",
        "processing_days": "132",
        "current_stage": "DLC",
        "documents_complete": "0",
        "land_record_available": "0",
        "overlap_percentage": "81.62",
        "previous_rejections": "3",
        "latitude": 22.607757,
        "longitude": 84.409881,
        "status": "Rejected"
      }
    },
    {
      "type": "Feature",
      "geometry": {
        "type": "Point",
        "coordinates": [
          80.264005,
          22.725234
        ]
      },
      "properties": {
        "claim_id": "FRA0127",
        "state": "Madhya Pradesh",
        "district": "Mandla",
        "village": "Village_42",
        "claim_type": "CFR",
        "claimed_area": "7.08",
        "recorded_area": "6.74",
        "processing_days": "37",
        "current_stage": "Title Issued",
        "documents_complete": "0",
        "land_record_available": "1",
        "overlap_percentage": "4.58",
        "previous_rejections": "3",
        "latitude": 22.725234,
        "longitude": 80.264005,
        "status": "Pending"
      }
    },
    {
      "type": "Feature",
      "geometry": {
        "type": "Point",
        "coordinates": [
          85.663122,
          21.574114
        ]
      },
      "properties": {
        "claim_id": "FRA0128",
        "state": "Odisha",
        "district": "Keonjhar",
        "village": "Village_57",
        "claim_type": "CFR",
        "claimed_area": "8.18",
        "recorded_area": "7.61",
        "processing_days": "31",
        "current_stage": "DLC",
        "documents_complete": "1",
        "land_record_available": "1",
        "overlap_percentage": "55.28",
        "previous_rejections": "2",
        "latitude": 21.574114,
        "longitude": 85.663122,
        "status": "Approved"
      }
    },
    {
      "type": "Feature",
      "geometry": {
        "type": "Point",
        "coordinates": [
          73.674647,
          20.144619
        ]
      },
      "properties": {
        "claim_id": "FRA0129",
        "state": "Maharashtra",
        "district": "Nashik",
        "village": "Village_91",
        "claim_type": "CFR",
        "claimed_area": "2.79",
        "recorded_area": "2.39",
        "processing_days": "67",
        "current_stage": "SDLC",
        "documents_complete": "1",
        "land_record_available": "0",
        "overlap_percentage": "43.5",
        "previous_rejections": "3",
        "latitude": 20.144619,
        "longitude": 73.674647,
        "status": "Pending"
      }
    },
    {
      "type": "Feature",
      "geometry": {
        "type": "Point",
        "coordinates": [
          82.021759,
          18.998689
        ]
      },
      "properties": {
        "claim_id": "FRA0130",
        "state": "Chhattisgarh",
        "district": "Bastar",
        "village": "Village_43",
        "claim_type": "CR",
        "claimed_area": "7.63",
        "recorded_area": "7.48",
        "processing_days": "51",
        "current_stage": "Title Issued",
        "documents_complete": "0",
        "land_record_available": "0",
        "overlap_percentage": "56.88",
        "previous_rejections": "1",
        "latitude": 18.998689,
        "longitude": 82.021759,
        "status": "Approved"
      }
    },
    {
      "type": "Feature",
      "geometry": {
        "type": "Point",
        "coordinates": [
          80.999107,
          23.015578
        ]
      },
      "properties": {
        "claim_id": "FRA0131",
        "state": "Madhya Pradesh",
        "district": "Dindori",
        "village": "Village_10",
        "claim_type": "CR",
        "claimed_area": "6.31",
        "recorded_area": "5.64",
        "processing_days": "82",
        "current_stage": "DLC",
        "documents_complete": "1",
        "land_record_available": "1",
        "overlap_percentage": "7.09",
        "previous_rejections": "3",
        "latitude": 23.015578,
        "longitude": 80.999107,
        "status": "Pending"
      }
    },
    {
      "type": "Feature",
      "geometry": {
        "type": "Point",
        "coordinates": [
          83.178829,
          22.852914
        ]
      },
      "properties": {
        "claim_id": "FRA0132",
        "state": "Chhattisgarh",
        "district": "Surguja",
        "village": "Village_48",
        "claim_type": "IFR",
        "claimed_area": "5.66",
        "recorded_area": "5.91",
        "processing_days": "144",
        "current_stage": "Title Issued",
        "documents_complete": "1",
        "land_record_available": "1",
        "overlap_percentage": "17.51",
        "previous_rejections": "0",
        "latitude": 22.852914,
        "longitude": 83.178829,
        "status": "Pending"
      }
    },
    {
      "type": "Feature",
      "geometry": {
        "type": "Point",
        "coordinates": [
          83.074002,
          22.887229
        ]
      },
      "properties": {
        "claim_id": "FRA0133",
        "state": "Chhattisgarh",
        "district": "Surguja",
        "village": "Village_45",
        "claim_type": "CFR",
        "claimed_area": "5.07",
        "recorded_area": "5.12",
        "processing_days": "108",
        "current_stage": "Title Issued",
        "documents_complete": "0",
        "land_record_available": "1",
        "overlap_percentage": "89.89",
        "previous_rejections": "1",
        "latitude": 22.887229,
        "longitude": 83.074002,
        "status": "Pending"
      }
    },
    {
      "type": "Feature",
      "geometry": {
        "type": "Point",
        "coordinates": [
          82.00711,
          19.248104
        ]
      },
      "properties": {
        "claim_id": "FRA0134",
        "state": "Chhattisgarh",
        "district": "Bastar",
        "village": "Village_50",
        "claim_type": "CFR",
        "claimed_area": "5.56",
        "recorded_area": "5.14",
        "processing_days": "40",
        "current_stage": "SDLC",
        "documents_complete": "0",
        "land_record_available": "1",
        "overlap_percentage": "1.42",
        "previous_rejections": "0",
        "latitude": 19.248104,
        "longitude": 82.00711,
        "status": "Pending"
      }
    },
    {
      "type": "Feature",
      "geometry": {
        "type": "Point",
        "coordinates": [
          74.265506,
          21.280736
        ]
      },
      "properties": {
        "claim_id": "FRA0135",
        "state": "Maharashtra",
        "district": "Nandurbar",
        "village": "Village_17",
        "claim_type": "CFR",
        "claimed_area": "7.28",
        "recorded_area": "6.73",
        "processing_days": "140",
        "current_stage": "DLC",
        "documents_complete": "0",
        "land_record_available": "1",
        "overlap_percentage": "26.41",
        "previous_rejections": "3",
        "latitude": 21.280736,
        "longitude": 74.265506,
        "status": "Pending"
      }
    },
    {
      "type": "Feature",
      "geometry": {
        "type": "Point",
        "coordinates": [
          82.778172,
          18.733913
        ]
      },
      "properties": {
        "claim_id": "FRA0136",
        "state": "Odisha",
        "district": "Koraput",
        "village": "Village_3",
        "claim_type": "IFR",
        "claimed_area": "4.15",
        "recorded_area": "3.91",
        "processing_days": "104",
        "current_stage": "DLC",
        "documents_complete": "1",
        "land_record_available": "0",
        "overlap_percentage": "57.97",
        "previous_rejections": "3",
        "latitude": 18.733913,
        "longitude": 82.778172,
        "status": "Rejected"
      }
    },
    {
      "type": "Feature",
      "geometry": {
        "type": "Point",
        "coordinates": [
          86.721907,
          21.893586
        ]
      },
      "properties": {
        "claim_id": "FRA0137",
        "state": "Odisha",
        "district": "Mayurbhanj",
        "village": "Village_10",
        "claim_type": "IFR",
        "claimed_area": "3.7",
        "recorded_area": "3.46",
        "processing_days": "108",
        "current_stage": "Title Issued",
        "documents_complete": "1",
        "land_record_available": "1",
        "overlap_percentage": "30.68",
        "previous_rejections": "2",
        "latitude": 21.893586,
        "longitude": 86.721907,
        "status": "Pending"
      }
    },
    {
      "type": "Feature",
      "geometry": {
        "type": "Point",
        "coordinates": [
          83.270814,
          23.036234
        ]
      },
      "properties": {
        "claim_id": "FRA0138",
        "state": "Chhattisgarh",
        "district": "Surguja",
        "village": "Village_67",
        "claim_type": "CR",
        "claimed_area": "2.17",
        "recorded_area": "2.12",
        "processing_days": "164",
        "current_stage": "Title Issued",
        "documents_complete": "1",
        "land_record_available": "1",
        "overlap_percentage": "7.75",
        "previous_rejections": "3",
        "latitude": 23.036234,
        "longitude": 83.270814,
        "status": "Approved"
      }
    },
    {
      "type": "Feature",
      "geometry": {
        "type": "Point",
        "coordinates": [
          85.676554,
          21.550781
        ]
      },
      "properties": {
        "claim_id": "FRA0139",
        "state": "Odisha",
        "district": "Keonjhar",
        "village": "Village_59",
        "claim_type": "CR",
        "claimed_area": "9.46",
        "recorded_area": "9.24",
        "processing_days": "67",
        "current_stage": "Title Issued",
        "documents_complete": "0",
        "land_record_available": "1",
        "overlap_percentage": "38.24",
        "previous_rejections": "2",
        "latitude": 21.550781,
        "longitude": 85.676554,
        "status": "Rejected"
      }
    },
    {
      "type": "Feature",
      "geometry": {
        "type": "Point",
        "coordinates": [
          86.770083,
          21.879854
        ]
      },
      "properties": {
        "claim_id": "FRA0140",
        "state": "Odisha",
        "district": "Mayurbhanj",
        "village": "Village_25",
        "claim_type": "IFR",
        "claimed_area": "2.09",
        "recorded_area": "1.83",
        "processing_days": "70",
        "current_stage": "SDLC",
        "documents_complete": "1",
        "land_record_available": "0",
        "overlap_percentage": "41.39",
        "previous_rejections": "0",
        "latitude": 21.879854,
        "longitude": 86.770083,
        "status": "Rejected"
      }
    },
    {
      "type": "Feature",
      "geometry": {
        "type": "Point",
        "coordinates": [
          83.081737,
          22.997446
        ]
      },
      "properties": {
        "claim_id": "FRA0141",
        "state": "Chhattisgarh",
        "district": "Surguja",
        "village": "Village_87",
        "claim_type": "IFR",
        "claimed_area": "1.75",
        "recorded_area": "1.64",
        "processing_days": "126",
        "current_stage": "SDLC",
        "documents_complete": "0",
        "land_record_available": "1",
        "overlap_percentage": "57.23",
        "previous_rejections": "3",
        "latitude": 22.997446,
        "longitude": 83.081737,
        "status": "Approved"
      }
    },
    {
      "type": "Feature",
      "geometry": {
        "type": "Point",
        "coordinates": [
          81.165596,
          22.971427
        ]
      },
      "properties": {
        "claim_id": "FRA0142",
        "state": "Madhya Pradesh",
        "district": "Dindori",
        "village": "Village_34",
        "claim_type": "IFR",
        "claimed_area": "6.44",
        "recorded_area": "5.87",
        "processing_days": "174",
        "current_stage": "Gram Sabha",
        "documents_complete": "1",
        "land_record_available": "0",
        "overlap_percentage": "43.6",
        "previous_rejections": "2",
        "latitude": 22.971427,
        "longitude": 81.165596,
        "status": "Pending"
      }
    },
    {
      "type": "Feature",
      "geometry": {
        "type": "Point",
        "coordinates": [
          84.606669,
          23.18105
        ]
      },
      "properties": {
        "claim_id": "FRA0143",
        "state": "Jharkhand",
        "district": "Gumla",
        "village": "Village_11",
        "claim_type": "IFR",
        "claimed_area": "3.69",
        "recorded_area": "3.29",
        "processing_days": "114",
        "current_stage": "DLC",
        "documents_complete": "0",
        "land_record_available": "0",
        "overlap_percentage": "9.66",
        "previous_rejections": "2",
        "latitude": 23.18105,
        "longitude": 84.606669,
        "status": "Rejected"
      }
    },
    {
      "type": "Feature",
      "geometry": {
        "type": "Point",
        "coordinates": [
          82.089162,
          18.971083
        ]
      },
      "properties": {
        "claim_id": "FRA0144",
        "state": "Chhattisgarh",
        "district": "Bastar",
        "village": "Village_86",
        "claim_type": "CFR",
        "claimed_area": "5.27",
        "recorded_area": "5.39",
        "processing_days": "81",
        "current_stage": "DLC",
        "documents_complete": "0",
        "land_record_available": "0",
        "overlap_percentage": "25.23",
        "previous_rejections": "3",
        "latitude": 18.971083,
        "longitude": 82.089162,
        "status": "Approved"
      }
    },
    {
      "type": "Feature",
      "geometry": {
        "type": "Point",
        "coordinates": [
          85.359927,
          23.205226
        ]
      },
      "properties": {
        "claim_id": "FRA0145",
        "state": "Jharkhand",
        "district": "Ranchi",
        "village": "Village_6",
        "claim_type": "IFR",
        "claimed_area": "9.32",
        "recorded_area": "8.64",
        "processing_days": "146",
        "current_stage": "DLC",
        "documents_complete": "1",
        "land_record_available": "1",
        "overlap_percentage": "28.61",
        "previous_rejections": "0",
        "latitude": 23.205226,
        "longitude": 85.359927,
        "status": "Approved"
      }
    },
    {
      "type": "Feature",
      "geometry": {
        "type": "Point",
        "coordinates": [
          85.56189,
          21.770874
        ]
      },
      "properties": {
        "claim_id": "FRA0146",
        "state": "Odisha",
        "district": "Keonjhar",
        "village": "Village_73",
        "claim_type": "CFR",
        "claimed_area": "7.52",
        "recorded_area": "6.92",
        "processing_days": "87",
        "current_stage": "Gram Sabha",
        "documents_complete": "0",
        "land_record_available": "0",
        "overlap_percentage": "27.53",
        "previous_rejections": "3",
        "latitude": 21.770874,
        "longitude": 85.56189,
        "status": "Rejected"
      }
    },
    {
      "type": "Feature",
      "geometry": {
        "type": "Point",
        "coordinates": [
          80.001551,
          20.150511
        ]
      },
      "properties": {
        "claim_id": "FRA0147",
        "state": "Maharashtra",
        "district": "Gadchiroli",
        "village": "Village_35",
        "claim_type": "CR",
        "claimed_area": "10.0",
        "recorded_area": "4.0",
        "processing_days": "36",
        "current_stage": "Gram Sabha",
        "documents_complete": "1",
        "land_record_available": "1",
        "overlap_percentage": "69.85",
        "previous_rejections": "2",
        "latitude": 20.150511,
        "longitude": 80.001551,
        "status": "Pending"
      }
    },
    {
      "type": "Feature",
      "geometry": {
        "type": "Point",
        "coordinates": [
          81.212489,
          22.860492
        ]
      },
      "properties": {
        "claim_id": "FRA0148",
        "state": "Madhya Pradesh",
        "district": "Dindori",
        "village": "Village_99",
        "claim_type": "IFR",
        "claimed_area": "7.09",
        "recorded_area": "7.33",
        "processing_days": "143",
        "current_stage": "Title Issued",
        "documents_complete": "0",
        "land_record_available": "0",
        "overlap_percentage": "33.19",
        "previous_rejections": "0",
        "latitude": 22.860492,
        "longitude": 81.212489,
        "status": "Pending"
      }
    },
    {
      "type": "Feature",
      "geometry": {
        "type": "Point",
        "coordinates": [
          81.464179,
          20.203431
        ]
      },
      "properties": {
        "claim_id": "FRA0149",
        "state": "Chhattisgarh",
        "district": "Kanker",
        "village": "Village_83",
        "claim_type": "IFR",
        "claimed_area": "2.75",
        "recorded_area": "2.66",
        "processing_days": "30",
        "current_stage": "DLC",
        "documents_complete": "1",
        "land_record_available": "1",
        "overlap_percentage": "57.19",
        "previous_rejections": "0",
        "latitude": 20.203431,
        "longitude": 81.464179,
        "status": "Rejected"
      }
    },
    {
      "type": "Feature",
      "geometry": {
        "type": "Point",
        "coordinates": [
          82.613379,
          18.873504
        ]
      },
      "properties": {
        "claim_id": "FRA0150",
        "state": "Odisha",
        "district": "Koraput",
        "village": "Village_98",
        "claim_type": "IFR",
        "claimed_area": "8.22",
        "recorded_area": "7.22",
        "processing_days": "171",
        "current_stage": "SDLC",
        "documents_complete": "0",
        "land_record_available": "0",
        "overlap_percentage": "73.73",
        "previous_rejections": "1",
        "latitude": 18.873504,
        "longitude": 82.613379,
        "status": "Rejected"
      }
    },
    {
      "type": "Feature",
      "geometry": {
        "type": "Point",
        "coordinates": [
          84.590752,
          22.492154
        ]
      },
      "properties": {
        "claim_id": "FRA0151",
        "state": "Jharkhand",
        "district": "Simdega",
        "village": "Village_8",
        "claim_type": "IFR",
        "claimed_area": "3.32",
        "recorded_area": "3.12",
        "processing_days": "67",
        "current_stage": "DLC",
        "documents_complete": "0",
        "land_record_available": "1",
        "overlap_percentage": "81.05",
        "previous_rejections": "1",
        "latitude": 22.492154,
        "longitude": 84.590752,
        "status": "Pending"
      }
    },
    {
      "type": "Feature",
      "geometry": {
        "type": "Point",
        "coordinates": [
          80.475293,
          22.521446
        ]
      },
      "properties": {
        "claim_id": "FRA0152",
        "state": "Madhya Pradesh",
        "district": "Mandla",
        "village": "Village_59",
        "claim_type": "CR",
        "claimed_area": "2.53",
        "recorded_area": "2.66",
        "processing_days": "112",
        "current_stage": "SDLC",
        "documents_complete": "1",
        "land_record_available": "0",
        "overlap_percentage": "36.28",
        "previous_rejections": "2",
        "latitude": 22.521446,
        "longitude": 80.475293,
        "status": "Approved"
      }
    },
    {
      "type": "Feature",
      "geometry": {
        "type": "Point",
        "coordinates": [
          80.082316,
          20.194086
        ]
      },
      "properties": {
        "claim_id": "FRA0153",
        "state": "Maharashtra",
        "district": "Gadchiroli",
        "village": "Village_87",
        "claim_type": "CFR",
        "claimed_area": "8.21",
        "recorded_area": "8.6",
        "processing_days": "170",
        "current_stage": "DLC",
        "documents_complete": "0",
        "land_record_available": "0",
        "overlap_percentage": "79.8",
        "previous_rejections": "2",
        "latitude": 20.194086,
        "longitude": 80.082316,
        "status": "Rejected"
      }
    },
    {
      "type": "Feature",
      "geometry": {
        "type": "Point",
        "coordinates": [
          80.371718,
          22.493757
        ]
      },
      "properties": {
        "claim_id": "FRA0154",
        "state": "Madhya Pradesh",
        "district": "Mandla",
        "village": "Village_98",
        "claim_type": "CFR",
        "claimed_area": "4.1",
        "recorded_area": "4.1",
        "processing_days": "49",
        "current_stage": "SDLC",
        "documents_complete": "1",
        "land_record_available": "1",
        "overlap_percentage": "82.34",
        "previous_rejections": "3",
        "latitude": 22.493757,
        "longitude": 80.371718,
        "status": "Pending"
      }
    },
    {
      "type": "Feature",
      "geometry": {
        "type": "Point",
        "coordinates": [
          73.665934,
          19.904263
        ]
      },
      "properties": {
        "claim_id": "FRA0155",
        "state": "Maharashtra",
        "district": "Nashik",
        "village": "Village_79",
        "claim_type": "CR",
        "claimed_area": "2.28",
        "recorded_area": "2.34",
        "processing_days": "124",
        "current_stage": "SDLC",
        "documents_complete": "1",
        "land_record_available": "0",
        "overlap_percentage": "62.32",
        "previous_rejections": "0",
        "latitude": 19.904263,
        "longitude": 73.665934,
        "status": "Approved"
      }
    },
    {
      "type": "Feature",
      "geometry": {
        "type": "Point",
        "coordinates": [
          80.956219,
          22.98562
        ]
      },
      "properties": {
        "claim_id": "FRA0156",
        "state": "Madhya Pradesh",
        "district": "Dindori",
        "village": "Village_79",
        "claim_type": "CFR",
        "claimed_area": "4.94",
        "recorded_area": "4.53",
        "processing_days": "180",
        "current_stage": "DLC",
        "documents_complete": "0",
        "land_record_available": "0",
        "overlap_percentage": "1.05",
        "previous_rejections": "0",
        "latitude": 22.98562,
        "longitude": 80.956219,
        "status": "Pending"
      }
    },
    {
      "type": "Feature",
      "geometry": {
        "type": "Point",
        "coordinates": [
          73.68988,
          20.098822
        ]
      },
      "properties": {
        "claim_id": "FRA0157",
        "state": "Maharashtra",
        "district": "Nashik",
        "village": "Village_12",
        "claim_type": "IFR",
        "claimed_area": "8.79",
        "recorded_area": "8.31",
        "processing_days": "91",
        "current_stage": "SDLC",
        "documents_complete": "1",
        "land_record_available": "1",
        "overlap_percentage": "14.03",
        "previous_rejections": "2",
        "latitude": 20.098822,
        "longitude": 73.68988,
        "status": "Rejected"
      }
    },
    {
      "type": "Feature",
      "geometry": {
        "type": "Point",
        "coordinates": [
          80.377365,
          22.621167
        ]
      },
      "properties": {
        "claim_id": "FRA0158",
        "state": "Madhya Pradesh",
        "district": "Mandla",
        "village": "Village_17",
        "claim_type": "CR",
        "claimed_area": "8.13",
        "recorded_area": "7.45",
        "processing_days": "93",
        "current_stage": "Title Issued",
        "documents_complete": "0",
        "land_record_available": "1",
        "overlap_percentage": "47.56",
        "previous_rejections": "0",
        "latitude": 22.621167,
        "longitude": 80.377365,
        "status": "Approved"
      }
    },
    {
      "type": "Feature",
      "geometry": {
        "type": "Point",
        "coordinates": [
          73.78906,
          20.090293
        ]
      },
      "properties": {
        "claim_id": "FRA0159",
        "state": "Maharashtra",
        "district": "Nashik",
        "village": "Village_77",
        "claim_type": "CFR",
        "claimed_area": "7.07",
        "recorded_area": "6.1",
        "processing_days": "31",
        "current_stage": "Gram Sabha",
        "documents_complete": "1",
        "land_record_available": "1",
        "overlap_percentage": "20.93",
        "previous_rejections": "0",
        "latitude": 20.090293,
        "longitude": 73.78906,
        "status": "Rejected"
      }
    },
    {
      "type": "Feature",
      "geometry": {
        "type": "Point",
        "coordinates": [
          86.708286,
          21.945799
        ]
      },
      "properties": {
        "claim_id": "FRA0160",
        "state": "Odisha",
        "district": "Mayurbhanj",
        "village": "Village_61",
        "claim_type": "CR",
        "claimed_area": "7.94",
        "recorded_area": "7.21",
        "processing_days": "141",
        "current_stage": "Title Issued",
        "documents_complete": "1",
        "land_record_available": "0",
        "overlap_percentage": "66.59",
        "previous_rejections": "2",
        "latitude": 21.945799,
        "longitude": 86.708286,
        "status": "Pending"
      }
    },
    {
      "type": "Feature",
      "geometry": {
        "type": "Point",
        "coordinates": [
          80.038695,
          21.779928
        ]
      },
      "properties": {
        "claim_id": "FRA0161",
        "state": "Madhya Pradesh",
        "district": "Balaghat",
        "village": "Village_34",
        "claim_type": "IFR",
        "claimed_area": "1.36",
        "recorded_area": "1.39",
        "processing_days": "148",
        "current_stage": "Title Issued",
        "documents_complete": "1",
        "land_record_available": "0",
        "overlap_percentage": "37.68",
        "previous_rejections": "1",
        "latitude": 21.779928,
        "longitude": 80.038695,
        "status": "Approved"
      }
    },
    {
      "type": "Feature",
      "geometry": {
        "type": "Point",
        "coordinates": [
          80.287168,
          22.66879
        ]
      },
      "properties": {
        "claim_id": "FRA0162",
        "state": "Madhya Pradesh",
        "district": "Mandla",
        "village": "Village_80",
        "claim_type": "IFR",
        "claimed_area": "1.99",
        "recorded_area": "1.92",
        "processing_days": "58",
        "current_stage": "Gram Sabha",
        "documents_complete": "0",
        "land_record_available": "1",
        "overlap_percentage": "43.32",
        "previous_rejections": "2",
        "latitude": 22.66879,
        "longitude": 80.287168,
        "status": "Pending"
      }
    },
    {
      "type": "Feature",
      "geometry": {
        "type": "Point",
        "coordinates": [
          74.297918,
          21.273879
        ]
      },
      "properties": {
        "claim_id": "FRA0163",
        "state": "Maharashtra",
        "district": "Nandurbar",
        "village": "Village_72",
        "claim_type": "CFR",
        "claimed_area": "5.76",
        "recorded_area": "5.13",
        "processing_days": "80",
        "current_stage": "Gram Sabha",
        "documents_complete": "0",
        "land_record_available": "0",
        "overlap_percentage": "20.93",
        "previous_rejections": "1",
        "latitude": 21.273879,
        "longitude": 74.297918,
        "status": "Pending"
      }
    },
    {
      "type": "Feature",
      "geometry": {
        "type": "Point",
        "coordinates": [
          83.102784,
          22.848295
        ]
      },
      "properties": {
        "claim_id": "FRA0164",
        "state": "Chhattisgarh",
        "district": "Surguja",
        "village": "Village_94",
        "claim_type": "CR",
        "claimed_area": "8.23",
        "recorded_area": "7.54",
        "processing_days": "74",
        "current_stage": "SDLC",
        "documents_complete": "0",
        "land_record_available": "0",
        "overlap_percentage": "79.81",
        "previous_rejections": "3",
        "latitude": 22.848295,
        "longitude": 83.102784,
        "status": "Rejected"
      }
    },
    {
      "type": "Feature",
      "geometry": {
        "type": "Point",
        "coordinates": [
          74.199175,
          21.416975
        ]
      },
      "properties": {
        "claim_id": "FRA0165",
        "state": "Maharashtra",
        "district": "Nandurbar",
        "village": "Village_51",
        "claim_type": "CR",
        "claimed_area": "2.15",
        "recorded_area": "1.86",
        "processing_days": "160",
        "current_stage": "SDLC",
        "documents_complete": "0",
        "land_record_available": "0",
        "overlap_percentage": "35.93",
        "previous_rejections": "1",
        "latitude": 21.416975,
        "longitude": 74.199175,
        "status": "Pending"
      }
    },
    {
      "type": "Feature",
      "geometry": {
        "type": "Point",
        "coordinates": [
          73.808395,
          19.935719
        ]
      },
      "properties": {
        "claim_id": "FRA0166",
        "state": "Maharashtra",
        "district": "Nashik",
        "village": "Village_66",
        "claim_type": "CR",
        "claimed_area": "8.98",
        "recorded_area": "9.34",
        "processing_days": "154",
        "current_stage": "Gram Sabha",
        "documents_complete": "1",
        "land_record_available": "1",
        "overlap_percentage": "44.34",
        "previous_rejections": "3",
        "latitude": 19.935719,
        "longitude": 73.808395,
        "status": "Rejected"
      }
    },
    {
      "type": "Feature",
      "geometry": {
        "type": "Point",
        "coordinates": [
          79.877203,
          20.290263
        ]
      },
      "properties": {
        "claim_id": "FRA0167",
        "state": "Maharashtra",
        "district": "Gadchiroli",
        "village": "Village_27",
        "claim_type": "IFR",
        "claimed_area": "8.75",
        "recorded_area": "8.44",
        "processing_days": "77",
        "current_stage": "Gram Sabha",
        "documents_complete": "1",
        "land_record_available": "0",
        "overlap_percentage": "77.12",
        "previous_rejections": "2",
        "latitude": 20.290263,
        "longitude": 79.877203,
        "status": "Pending"
      }
    },
    {
      "type": "Feature",
      "geometry": {
        "type": "Point",
        "coordinates": [
          73.719834,
          19.921143
        ]
      },
      "properties": {
        "claim_id": "FRA0168",
        "state": "Maharashtra",
        "district": "Nashik",
        "village": "Village_69",
        "claim_type": "CR",
        "claimed_area": "1.07",
        "recorded_area": "0.97",
        "processing_days": "164",
        "current_stage": "Title Issued",
        "documents_complete": "1",
        "land_record_available": "1",
        "overlap_percentage": "44.28",
        "previous_rejections": "0",
        "latitude": 19.921143,
        "longitude": 73.719834,
        "status": "Approved"
      }
    },
    {
      "type": "Feature",
      "geometry": {
        "type": "Point",
        "coordinates": [
          74.296478,
          21.224752
        ]
      },
      "properties": {
        "claim_id": "FRA0169",
        "state": "Maharashtra",
        "district": "Nandurbar",
        "village": "Village_44",
        "claim_type": "CFR",
        "claimed_area": "1.98",
        "recorded_area": "1.78",
        "processing_days": "125",
        "current_stage": "DLC",
        "documents_complete": "0",
        "land_record_available": "0",
        "overlap_percentage": "72.31",
        "previous_rejections": "0",
        "latitude": 21.224752,
        "longitude": 74.296478,
        "status": "Approved"
      }
    },
    {
      "type": "Feature",
      "geometry": {
        "type": "Point",
        "coordinates": [
          81.818774,
          19.141684
        ]
      },
      "properties": {
        "claim_id": "FRA0170",
        "state": "Chhattisgarh",
        "district": "Bastar",
        "village": "Village_74",
        "claim_type": "IFR",
        "claimed_area": "5.01",
        "recorded_area": "5.24",
        "processing_days": "66",
        "current_stage": "Title Issued",
        "documents_complete": "1",
        "land_record_available": "0",
        "overlap_percentage": "86.56",
        "previous_rejections": "2",
        "latitude": 19.141684,
        "longitude": 81.818774,
        "status": "Rejected"
      }
    },
    {
      "type": "Feature",
      "geometry": {
        "type": "Point",
        "coordinates": [
          84.623119,
          22.494563
        ]
      },
      "properties": {
        "claim_id": "FRA0171",
        "state": "Jharkhand",
        "district": "Simdega",
        "village": "Village_23",
        "claim_type": "IFR",
        "claimed_area": "3.62",
        "recorded_area": "3.71",
        "processing_days": "58",
        "current_stage": "Title Issued",
        "documents_complete": "0",
        "land_record_available": "0",
        "overlap_percentage": "5.41",
        "previous_rejections": "1",
        "latitude": 22.494563,
        "longitude": 84.623119,
        "status": "Rejected"
      }
    },
    {
      "type": "Feature",
      "geometry": {
        "type": "Point",
        "coordinates": [
          83.175392,
          22.866851
        ]
      },
      "properties": {
        "claim_id": "FRA0172",
        "state": "Chhattisgarh",
        "district": "Surguja",
        "village": "Village_70",
        "claim_type": "CR",
        "claimed_area": "9.39",
        "recorded_area": "9.44",
        "processing_days": "92",
        "current_stage": "Gram Sabha",
        "documents_complete": "0",
        "land_record_available": "1",
        "overlap_percentage": "77.19",
        "previous_rejections": "1",
        "latitude": 22.866851,
        "longitude": 83.175392,
        "status": "Pending"
      }
    },
    {
      "type": "Feature",
      "geometry": {
        "type": "Point",
        "coordinates": [
          74.159935,
          21.226873
        ]
      },
      "properties": {
        "claim_id": "FRA0173",
        "state": "Maharashtra",
        "district": "Nandurbar",
        "village": "Village_20",
        "claim_type": "CR",
        "claimed_area": "1.72",
        "recorded_area": "1.48",
        "processing_days": "44",
        "current_stage": "DLC",
        "documents_complete": "0",
        "land_record_available": "0",
        "overlap_percentage": "10.41",
        "previous_rejections": "0",
        "latitude": 21.226873,
        "longitude": 74.159935,
        "status": "Rejected"
      }
    },
    {
      "type": "Feature",
      "geometry": {
        "type": "Point",
        "coordinates": [
          81.009006,
          22.867132
        ]
      },
      "properties": {
        "claim_id": "FRA0174",
        "state": "Madhya Pradesh",
        "district": "Dindori",
        "village": "Village_17",
        "claim_type": "CR",
        "claimed_area": "7.51",
        "recorded_area": "6.39",
        "processing_days": "130",
        "current_stage": "DLC",
        "documents_complete": "1",
        "land_record_available": "0",
        "overlap_percentage": "6.42",
        "previous_rejections": "3",
        "latitude": 22.867132,
        "longitude": 81.009006,
        "status": "Approved"
      }
    },
    {
      "type": "Feature",
      "geometry": {
        "type": "Point",
        "coordinates": [
          80.986842,
          23.003127
        ]
      },
      "properties": {
        "claim_id": "FRA0175",
        "state": "Madhya Pradesh",
        "district": "Dindori",
        "village": "Village_20",
        "claim_type": "CFR",
        "claimed_area": "5.0",
        "recorded_area": "4.38",
        "processing_days": "127",
        "current_stage": "SDLC",
        "documents_complete": "0",
        "land_record_available": "0",
        "overlap_percentage": "7.13",
        "previous_rejections": "1",
        "latitude": 23.003127,
        "longitude": 80.986842,
        "status": "Pending"
      }
    },
    {
      "type": "Feature",
      "geometry": {
        "type": "Point",
        "coordinates": [
          85.589505,
          21.653649
        ]
      },
      "properties": {
        "claim_id": "FRA0176",
        "state": "Odisha",
        "district": "Keonjhar",
        "village": "Village_94",
        "claim_type": "IFR",
        "claimed_area": "4.99",
        "recorded_area": "4.39",
        "processing_days": "170",
        "current_stage": "Gram Sabha",
        "documents_complete": "1",
        "land_record_available": "1",
        "overlap_percentage": "22.61",
        "previous_rejections": "3",
        "latitude": 21.653649,
        "longitude": 85.589505,
        "status": "Pending"
      }
    },
    {
      "type": "Feature",
      "geometry": {
        "type": "Point",
        "coordinates": [
          79.851649,
          20.290753
        ]
      },
      "properties": {
        "claim_id": "FRA0177",
        "state": "Maharashtra",
        "district": "Gadchiroli",
        "village": "Village_36",
        "claim_type": "CR",
        "claimed_area": "8.02",
        "recorded_area": "7.55",
        "processing_days": "69",
        "current_stage": "DLC",
        "documents_complete": "1",
        "land_record_available": "1",
        "overlap_percentage": "78.13",
        "previous_rejections": "0",
        "latitude": 20.290753,
        "longitude": 79.851649,
        "status": "Rejected"
      }
    },
    {
      "type": "Feature",
      "geometry": {
        "type": "Point",
        "coordinates": [
          82.755805,
          18.78432
        ]
      },
      "properties": {
        "claim_id": "FRA0178",
        "state": "Odisha",
        "district": "Koraput",
        "village": "Village_4",
        "claim_type": "CFR",
        "claimed_area": "2.04",
        "recorded_area": "2.11",
        "processing_days": "158",
        "current_stage": "Title Issued",
        "documents_complete": "1",
        "land_record_available": "1",
        "overlap_percentage": "46.4",
        "previous_rejections": "1",
        "latitude": 18.78432,
        "longitude": 82.755805,
        "status": "Pending"
      }
    },
    {
      "type": "Feature",
      "geometry": {
        "type": "Point",
        "coordinates": [
          74.198738,
          21.371088
        ]
      },
      "properties": {
        "claim_id": "FRA0179",
        "state": "Maharashtra",
        "district": "Nandurbar",
        "village": "Village_77",
        "claim_type": "CFR",
        "claimed_area": "3.83",
        "recorded_area": "3.44",
        "processing_days": "163",
        "current_stage": "Title Issued",
        "documents_complete": "0",
        "land_record_available": "1",
        "overlap_percentage": "62.81",
        "previous_rejections": "0",
        "latitude": 21.371088,
        "longitude": 74.198738,
        "status": "Rejected"
      }
    },
    {
      "type": "Feature",
      "geometry": {
        "type": "Point",
        "coordinates": [
          81.216908,
          23.082888
        ]
      },
      "properties": {
        "claim_id": "FRA0180",
        "state": "Madhya Pradesh",
        "district": "Dindori",
        "village": "Village_34",
        "claim_type": "IFR",
        "claimed_area": "9.12",
        "recorded_area": "8.3",
        "processing_days": "94",
        "current_stage": "Title Issued",
        "documents_complete": "1",
        "land_record_available": "0",
        "overlap_percentage": "18.98",
        "previous_rejections": "3",
        "latitude": 23.082888,
        "longitude": 81.216908,
        "status": "Approved"
      }
    },
    {
      "type": "Feature",
      "geometry": {
        "type": "Point",
        "coordinates": [
          80.341686,
          22.510476
        ]
      },
      "properties": {
        "claim_id": "FRA0181",
        "state": "Madhya Pradesh",
        "district": "Mandla",
        "village": "Village_15",
        "claim_type": "CR",
        "claimed_area": "7.89",
        "recorded_area": "7.61",
        "processing_days": "131",
        "current_stage": "Gram Sabha",
        "documents_complete": "1",
        "land_record_available": "0",
        "overlap_percentage": "38.53",
        "previous_rejections": "0",
        "latitude": 22.510476,
        "longitude": 80.341686,
        "status": "Approved"
      }
    },
    {
      "type": "Feature",
      "geometry": {
        "type": "Point",
        "coordinates": [
          82.570196,
          18.797184
        ]
      },
      "properties": {
        "claim_id": "FRA0182",
        "state": "Odisha",
        "district": "Koraput",
        "village": "Village_14",
        "claim_type": "CFR",
        "claimed_area": "2.77",
        "recorded_area": "2.84",
        "processing_days": "71",
        "current_stage": "SDLC",
        "documents_complete": "0",
        "land_record_available": "0",
        "overlap_percentage": "48.71",
        "previous_rejections": "3",
        "latitude": 18.797184,
        "longitude": 82.570196,
        "status": "Pending"
      }
    },
    {
      "type": "Feature",
      "geometry": {
        "type": "Point",
        "coordinates": [
          74.110315,
          21.254548
        ]
      },
      "properties": {
        "claim_id": "FRA0183",
        "state": "Maharashtra",
        "district": "Nandurbar",
        "village": "Village_22",
        "claim_type": "IFR",
        "claimed_area": "3.31",
        "recorded_area": "2.9",
        "processing_days": "73",
        "current_stage": "Title Issued",
        "documents_complete": "0",
        "land_record_available": "0",
        "overlap_percentage": "53.37",
        "previous_rejections": "2",
        "latitude": 21.254548,
        "longitude": 74.110315,
        "status": "Approved"
      }
    },
    {
      "type": "Feature",
      "geometry": {
        "type": "Point",
        "coordinates": [
          86.578043,
          22.04704
        ]
      },
      "properties": {
        "claim_id": "FRA0184",
        "state": "Odisha",
        "district": "Mayurbhanj",
        "village": "Village_99",
        "claim_type": "IFR",
        "claimed_area": "3.14",
        "recorded_area": "2.78",
        "processing_days": "39",
        "current_stage": "Title Issued",
        "documents_complete": "1",
        "land_record_available": "0",
        "overlap_percentage": "12.47",
        "previous_rejections": "0",
        "latitude": 22.04704,
        "longitude": 86.578043,
        "status": "Approved"
      }
    },
    {
      "type": "Feature",
      "geometry": {
        "type": "Point",
        "coordinates": [
          74.1914,
          21.283728
        ]
      },
      "properties": {
        "claim_id": "FRA0185",
        "state": "Maharashtra",
        "district": "Nandurbar",
        "village": "Village_31",
        "claim_type": "IFR",
        "claimed_area": "7.37",
        "recorded_area": "7.51",
        "processing_days": "140",
        "current_stage": "DLC",
        "documents_complete": "0",
        "land_record_available": "1",
        "overlap_percentage": "30.14",
        "previous_rejections": "1",
        "latitude": 21.283728,
        "longitude": 74.1914,
        "status": "Rejected"
      }
    },
    {
      "type": "Feature",
      "geometry": {
        "type": "Point",
        "coordinates": [
          81.886502,
          19.159614
        ]
      },
      "properties": {
        "claim_id": "FRA0186",
        "state": "Chhattisgarh",
        "district": "Bastar",
        "village": "Village_4",
        "claim_type": "CFR",
        "claimed_area": "1.84",
        "recorded_area": "1.9",
        "processing_days": "61",
        "current_stage": "DLC",
        "documents_complete": "1",
        "land_record_available": "1",
        "overlap_percentage": "50.14",
        "previous_rejections": "2",
        "latitude": 19.159614,
        "longitude": 81.886502,
        "status": "Pending"
      }
    },
    {
      "type": "Feature",
      "geometry": {
        "type": "Point",
        "coordinates": [
          80.483304,
          22.502776
        ]
      },
      "properties": {
        "claim_id": "FRA0187",
        "state": "Madhya Pradesh",
        "district": "Mandla",
        "village": "Village_78",
        "claim_type": "IFR",
        "claimed_area": "3.63",
        "recorded_area": "3.2",
        "processing_days": "140",
        "current_stage": "SDLC",
        "documents_complete": "1",
        "land_record_available": "0",
        "overlap_percentage": "46.49",
        "previous_rejections": "0",
        "latitude": 22.502776,
        "longitude": 80.483304,
        "status": "Approved"
      }
    },
    {
      "type": "Feature",
      "geometry": {
        "type": "Point",
        "coordinates": [
          80.318225,
          22.731619
        ]
      },
      "properties": {
        "claim_id": "FRA0188",
        "state": "Madhya Pradesh",
        "district": "Mandla",
        "village": "Village_78",
        "claim_type": "CFR",
        "claimed_area": "4.79",
        "recorded_area": "4.49",
        "processing_days": "123",
        "current_stage": "Title Issued",
        "documents_complete": "1",
        "land_record_available": "1",
        "overlap_percentage": "66.02",
        "previous_rejections": "2",
        "latitude": 22.731619,
        "longitude": 80.318225,
        "status": "Approved"
      }
    },
    {
      "type": "Feature",
      "geometry": {
        "type": "Point",
        "coordinates": [
          82.646172,
          18.796587
        ]
      },
      "properties": {
        "claim_id": "FRA0189",
        "state": "Odisha",
        "district": "Koraput",
        "village": "Village_48",
        "claim_type": "IFR",
        "claimed_area": "4.55",
        "recorded_area": "4.53",
        "processing_days": "47",
        "current_stage": "SDLC",
        "documents_complete": "0",
        "land_record_available": "1",
        "overlap_percentage": "66.43",
        "previous_rejections": "0",
        "latitude": 18.796587,
        "longitude": 82.646172,
        "status": "Pending"
      }
    },
    {
      "type": "Feature",
      "geometry": {
        "type": "Point",
        "coordinates": [
          84.63537,
          22.555541
        ]
      },
      "properties": {
        "claim_id": "FRA0190",
        "state": "Jharkhand",
        "district": "Simdega",
        "village": "Village_23",
        "claim_type": "CFR",
        "claimed_area": "5.86",
        "recorded_area": "5.01",
        "processing_days": "52",
        "current_stage": "SDLC",
        "documents_complete": "1",
        "land_record_available": "1",
        "overlap_percentage": "48.34",
        "previous_rejections": "3",
        "latitude": 22.555541,
        "longitude": 84.63537,
        "status": "Rejected"
      }
    },
    {
      "type": "Feature",
      "geometry": {
        "type": "Point",
        "coordinates": [
          86.814524,
          22.049398
        ]
      },
      "properties": {
        "claim_id": "FRA0191",
        "state": "Odisha",
        "district": "Mayurbhanj",
        "village": "Village_45",
        "claim_type": "IFR",
        "claimed_area": "4.7",
        "recorded_area": "4.79",
        "processing_days": "111",
        "current_stage": "Gram Sabha",
        "documents_complete": "0",
        "land_record_available": "0",
        "overlap_percentage": "17.27",
        "previous_rejections": "2",
        "latitude": 22.049398,
        "longitude": 86.814524,
        "status": "Rejected"
      }
    },
    {
      "type": "Feature",
      "geometry": {
        "type": "Point",
        "coordinates": [
          86.683784,
          22.041292
        ]
      },
      "properties": {
        "claim_id": "FRA0192",
        "state": "Odisha",
        "district": "Mayurbhanj",
        "village": "Village_74",
        "claim_type": "IFR",
        "claimed_area": "1.32",
        "recorded_area": "1.3",
        "processing_days": "147",
        "current_stage": "SDLC",
        "documents_complete": "1",
        "land_record_available": "1",
        "overlap_percentage": "57.62",
        "previous_rejections": "3",
        "latitude": 22.041292,
        "longitude": 86.683784,
        "status": "Pending"
      }
    },
    {
      "type": "Feature",
      "geometry": {
        "type": "Point",
        "coordinates": [
          81.865643,
          19.211795
        ]
      },
      "properties": {
        "claim_id": "FRA0193",
        "state": "Chhattisgarh",
        "district": "Bastar",
        "village": "Village_69",
        "claim_type": "CR",
        "claimed_area": "1.6",
        "recorded_area": "1.66",
        "processing_days": "180",
        "current_stage": "Title Issued",
        "documents_complete": "0",
        "land_record_available": "1",
        "overlap_percentage": "27.45",
        "previous_rejections": "1",
        "latitude": 19.211795,
        "longitude": 81.865643,
        "status": "Approved"
      }
    },
    {
      "type": "Feature",
      "geometry": {
        "type": "Point",
        "coordinates": [
          84.399921,
          23.024592
        ]
      },
      "properties": {
        "claim_id": "FRA0194",
        "state": "Jharkhand",
        "district": "Gumla",
        "village": "Village_6",
        "claim_type": "IFR",
        "claimed_area": "7.27",
        "recorded_area": "6.75",
        "processing_days": "66",
        "current_stage": "DLC",
        "documents_complete": "1",
        "land_record_available": "0",
        "overlap_percentage": "72.79",
        "previous_rejections": "0",
        "latitude": 23.024592,
        "longitude": 84.399921,
        "status": "Pending"
      }
    },
    {
      "type": "Feature",
      "geometry": {
        "type": "Point",
        "coordinates": [
          80.359469,
          22.453082
        ]
      },
      "properties": {
        "claim_id": "FRA0195",
        "state": "Madhya Pradesh",
        "district": "Mandla",
        "village": "Village_20",
        "claim_type": "CFR",
        "claimed_area": "3.23",
        "recorded_area": "3.22",
        "processing_days": "85",
        "current_stage": "Title Issued",
        "documents_complete": "1",
        "land_record_available": "0",
        "overlap_percentage": "66.1",
        "previous_rejections": "2",
        "latitude": 22.453082,
        "longitude": 80.359469,
        "status": "Rejected"
      }
    },
    {
      "type": "Feature",
      "geometry": {
        "type": "Point",
        "coordinates": [
          84.669474,
          22.547708
        ]
      },
      "properties": {
        "claim_id": "FRA0196",
        "state": "Jharkhand",
        "district": "Simdega",
        "village": "Village_64",
        "claim_type": "CR",
        "claimed_area": "1.54",
        "recorded_area": "1.35",
        "processing_days": "66",
        "current_stage": "SDLC",
        "documents_complete": "1",
        "land_record_available": "0",
        "overlap_percentage": "14.38",
        "previous_rejections": "2",
        "latitude": 22.547708,
        "longitude": 84.669474,
        "status": "Approved"
      }
    },
    {
      "type": "Feature",
      "geometry": {
        "type": "Point",
        "coordinates": [
          81.963185,
          18.954735
        ]
      },
      "properties": {
        "claim_id": "FRA0197",
        "state": "Chhattisgarh",
        "district": "Bastar",
        "village": "Village_43",
        "claim_type": "CR",
        "claimed_area": "2.25",
        "recorded_area": "2.34",
        "processing_days": "122",
        "current_stage": "DLC",
        "documents_complete": "1",
        "land_record_available": "0",
        "overlap_percentage": "82.9",
        "previous_rejections": "1",
        "latitude": 18.954735,
        "longitude": 81.963185,
        "status": "Pending"
      }
    },
    {
      "type": "Feature",
      "geometry": {
        "type": "Point",
        "coordinates": [
          84.660841,
          22.535636
        ]
      },
      "properties": {
        "claim_id": "FRA0198",
        "state": "Jharkhand",
        "district": "Simdega",
        "village": "Village_70",
        "claim_type": "CFR",
        "claimed_area": "9.39",
        "recorded_area": "9.78",
        "processing_days": "155",
        "current_stage": "DLC",
        "documents_complete": "0",
        "land_record_available": "0",
        "overlap_percentage": "41.43",
        "previous_rejections": "3",
        "latitude": 22.535636,
        "longitude": 84.660841,
        "status": "Pending"
      }
    },
    {
      "type": "Feature",
      "geometry": {
        "type": "Point",
        "coordinates": [
          80.414763,
          22.509544
        ]
      },
      "properties": {
        "claim_id": "FRA0199",
        "state": "Madhya Pradesh",
        "district": "Mandla",
        "village": "Village_4",
        "claim_type": "IFR",
        "claimed_area": "6.92",
        "recorded_area": "7.0",
        "processing_days": "60",
        "current_stage": "SDLC",
        "documents_complete": "1",
        "land_record_available": "0",
        "overlap_percentage": "77.21",
        "previous_rejections": "0",
        "latitude": 22.509544,
        "longitude": 80.414763,
        "status": "Rejected"
      }
    },
    {
      "type": "Feature",
      "geometry": {
        "type": "Point",
        "coordinates": [
          81.212575,
          22.816058
        ]
      },
      "properties": {
        "claim_id": "FRA0200",
        "state": "Madhya Pradesh",
        "district": "Dindori",
        "village": "Village_24",
        "claim_type": "CR",
        "claimed_area": "6.24",
        "recorded_area": "5.82",
        "processing_days": "65",
        "current_stage": "SDLC",
        "documents_complete": "1",
        "land_record_available": "0",
        "overlap_percentage": "24.66",
        "previous_rejections": "2",
        "latitude": 22.816058,
        "longitude": 81.212575,
        "status": "Approved"
      }
    },
    {
      "type": "Feature",
      "geometry": {
        "type": "Point",
        "coordinates": [
          86.769881,
          21.822354
        ]
      },
      "properties": {
        "claim_id": "FRA0201",
        "state": "Odisha",
        "district": "Mayurbhanj",
        "village": "Village_83",
        "claim_type": "IFR",
        "claimed_area": "1.01",
        "recorded_area": "0.97",
        "processing_days": "26",
        "current_stage": "Title Issued",
        "documents_complete": "0",
        "land_record_available": "0",
        "overlap_percentage": "19.73",
        "previous_rejections": "0",
        "latitude": 21.822354,
        "longitude": 86.769881,
        "status": "Rejected"
      }
    },
    {
      "type": "Feature",
      "geometry": {
        "type": "Point",
        "coordinates": [
          80.206878,
          21.946713
        ]
      },
      "properties": {
        "claim_id": "FRA0202",
        "state": "Madhya Pradesh",
        "district": "Balaghat",
        "village": "Village_94",
        "claim_type": "IFR",
        "claimed_area": "8.21",
        "recorded_area": "8.26",
        "processing_days": "32",
        "current_stage": "SDLC",
        "documents_complete": "0",
        "land_record_available": "0",
        "overlap_percentage": "71.06",
        "previous_rejections": "2",
        "latitude": 21.946713,
        "longitude": 80.206878,
        "status": "Pending"
      }
    },
    {
      "type": "Feature",
      "geometry": {
        "type": "Point",
        "coordinates": [
          85.472889,
          21.700185
        ]
      },
      "properties": {
        "claim_id": "FRA0203",
        "state": "Odisha",
        "district": "Keonjhar",
        "village": "Village_77",
        "claim_type": "CR",
        "claimed_area": "3.64",
        "recorded_area": "3.68",
        "processing_days": "30",
        "current_stage": "Title Issued",
        "documents_complete": "1",
        "land_record_available": "1",
        "overlap_percentage": "59.1",
        "previous_rejections": "3",
        "latitude": 21.700185,
        "longitude": 85.472889,
        "status": "Approved"
      }
    },
    {
      "type": "Feature",
      "geometry": {
        "type": "Point",
        "coordinates": [
          81.988552,
          19.037319
        ]
      },
      "properties": {
        "claim_id": "FRA0204",
        "state": "Chhattisgarh",
        "district": "Bastar",
        "village": "Village_50",
        "claim_type": "CR",
        "claimed_area": "6.58",
        "recorded_area": "6.7",
        "processing_days": "54",
        "current_stage": "DLC",
        "documents_complete": "1",
        "land_record_available": "1",
        "overlap_percentage": "83.39",
        "previous_rejections": "2",
        "latitude": 19.037319,
        "longitude": 81.988552,
        "status": "Approved"
      }
    },
    {
      "type": "Feature",
      "geometry": {
        "type": "Point",
        "coordinates": [
          80.128897,
          21.732823
        ]
      },
      "properties": {
        "claim_id": "FRA0205",
        "state": "Madhya Pradesh",
        "district": "Balaghat",
        "village": "Village_29",
        "claim_type": "CFR",
        "claimed_area": "8.86",
        "recorded_area": "8.54",
        "processing_days": "81",
        "current_stage": "Title Issued",
        "documents_complete": "1",
        "land_record_available": "1",
        "overlap_percentage": "57.16",
        "previous_rejections": "1",
        "latitude": 21.732823,
        "longitude": 80.128897,
        "status": "Approved"
      }
    },
    {
      "type": "Feature",
      "geometry": {
        "type": "Point",
        "coordinates": [
          84.570489,
          22.901532
        ]
      },
      "properties": {
        "claim_id": "FRA0206",
        "state": "Jharkhand",
        "district": "Gumla",
        "village": "Village_27",
        "claim_type": "IFR",
        "claimed_area": "8.69",
        "recorded_area": "7.56",
        "processing_days": "62",
        "current_stage": "Gram Sabha",
        "documents_complete": "1",
        "land_record_available": "0",
        "overlap_percentage": "17.43",
        "previous_rejections": "3",
        "latitude": 22.901532,
        "longitude": 84.570489,
        "status": "Pending"
      }
    },
    {
      "type": "Feature",
      "geometry": {
        "type": "Point",
        "coordinates": [
          85.538516,
          21.502269
        ]
      },
      "properties": {
        "claim_id": "FRA0207",
        "state": "Odisha",
        "district": "Keonjhar",
        "village": "Village_17",
        "claim_type": "CR",
        "claimed_area": "7.99",
        "recorded_area": "8.0",
        "processing_days": "55",
        "current_stage": "Title Issued",
        "documents_complete": "0",
        "land_record_available": "1",
        "overlap_percentage": "38.51",
        "previous_rejections": "0",
        "latitude": 21.502269,
        "longitude": 85.538516,
        "status": "Approved"
      }
    },
    {
      "type": "Feature",
      "geometry": {
        "type": "Point",
        "coordinates": [
          85.383578,
          23.292521
        ]
      },
      "properties": {
        "claim_id": "FRA0208",
        "state": "Jharkhand",
        "district": "Ranchi",
        "village": "Village_38",
        "claim_type": "CFR",
        "claimed_area": "5.87",
        "recorded_area": "6.01",
        "processing_days": "124",
        "current_stage": "Gram Sabha",
        "documents_complete": "0",
        "land_record_available": "1",
        "overlap_percentage": "1.75",
        "previous_rejections": "3",
        "latitude": 23.292521,
        "longitude": 85.383578,
        "status": "Approved"
      }
    },
    {
      "type": "Feature",
      "geometry": {
        "type": "Point",
        "coordinates": [
          85.436035,
          21.735398
        ]
      },
      "properties": {
        "claim_id": "FRA0209",
        "state": "Odisha",
        "district": "Keonjhar",
        "village": "Village_44",
        "claim_type": "IFR",
        "claimed_area": "6.62",
        "recorded_area": "5.85",
        "processing_days": "38",
        "current_stage": "Gram Sabha",
        "documents_complete": "0",
        "land_record_available": "0",
        "overlap_percentage": "37.67",
        "previous_rejections": "3",
        "latitude": 21.735398,
        "longitude": 85.436035,
        "status": "Rejected"
      }
    },
    {
      "type": "Feature",
      "geometry": {
        "type": "Point",
        "coordinates": [
          80.18902,
          21.854441
        ]
      },
      "properties": {
        "claim_id": "FRA0210",
        "state": "Madhya Pradesh",
        "district": "Balaghat",
        "village": "Village_92",
        "claim_type": "CFR",
        "claimed_area": "8.46",
        "recorded_area": "7.3",
        "processing_days": "105",
        "current_stage": "DLC",
        "documents_complete": "0",
        "land_record_available": "0",
        "overlap_percentage": "54.17",
        "previous_rejections": "0",
        "latitude": 21.854441,
        "longitude": 80.18902,
        "status": "Rejected"
      }
    },
    {
      "type": "Feature",
      "geometry": {
        "type": "Point",
        "coordinates": [
          83.050544,
          22.890764
        ]
      },
      "properties": {
        "claim_id": "FRA0211",
        "state": "Chhattisgarh",
        "district": "Surguja",
        "village": "Village_33",
        "claim_type": "CR",
        "claimed_area": "1.07",
        "recorded_area": "1.04",
        "processing_days": "113",
        "current_stage": "Title Issued",
        "documents_complete": "1",
        "land_record_available": "1",
        "overlap_percentage": "48.72",
        "previous_rejections": "0",
        "latitude": 22.890764,
        "longitude": 83.050544,
        "status": "Rejected"
      }
    },
    {
      "type": "Feature",
      "geometry": {
        "type": "Point",
        "coordinates": [
          86.640528,
          21.838825
        ]
      },
      "properties": {
        "claim_id": "FRA0212",
        "state": "Odisha",
        "district": "Mayurbhanj",
        "village": "Village_3",
        "claim_type": "CR",
        "claimed_area": "6.35",
        "recorded_area": "6.13",
        "processing_days": "89",
        "current_stage": "Title Issued",
        "documents_complete": "1",
        "land_record_available": "1",
        "overlap_percentage": "47.02",
        "previous_rejections": "1",
        "latitude": 21.838825,
        "longitude": 86.640528,
        "status": "Pending"
      }
    },
    {
      "type": "Feature",
      "geometry": {
        "type": "Point",
        "coordinates": [
          82.585115,
          18.811936
        ]
      },
      "properties": {
        "claim_id": "FRA0213",
        "state": "Odisha",
        "district": "Koraput",
        "village": "Village_36",
        "claim_type": "CR",
        "claimed_area": "6.92",
        "recorded_area": "5.91",
        "processing_days": "142",
        "current_stage": "Gram Sabha",
        "documents_complete": "1",
        "land_record_available": "1",
        "overlap_percentage": "26.67",
        "previous_rejections": "3",
        "latitude": 18.811936,
        "longitude": 82.585115,
        "status": "Pending"
      }
    },
    {
      "type": "Feature",
      "geometry": {
        "type": "Point",
        "coordinates": [
          80.210589,
          21.850209
        ]
      },
      "properties": {
        "claim_id": "FRA0214",
        "state": "Madhya Pradesh",
        "district": "Balaghat",
        "village": "Village_92",
        "claim_type": "IFR",
        "claimed_area": "3.46",
        "recorded_area": "3.2",
        "processing_days": "81",
        "current_stage": "DLC",
        "documents_complete": "0",
        "land_record_available": "0",
        "overlap_percentage": "37.86",
        "previous_rejections": "2",
        "latitude": 21.850209,
        "longitude": 80.210589,
        "status": "Approved"
      }
    },
    {
      "type": "Feature",
      "geometry": {
        "type": "Point",
        "coordinates": [
          83.164228,
          22.855818
        ]
      },
      "properties": {
        "claim_id": "FRA0215",
        "state": "Chhattisgarh",
        "district": "Surguja",
        "village": "Village_1",
        "claim_type": "CR",
        "claimed_area": "7.78",
        "recorded_area": "6.66",
        "processing_days": "132",
        "current_stage": "SDLC",
        "documents_complete": "0",
        "land_record_available": "0",
        "overlap_percentage": "40.36",
        "previous_rejections": "3",
        "latitude": 22.855818,
        "longitude": 83.164228,
        "status": "Pending"
      }
    },
    {
      "type": "Feature",
      "geometry": {
        "type": "Point",
        "coordinates": [
          85.284394,
          23.205761
        ]
      },
      "properties": {
        "claim_id": "FRA0216",
        "state": "Jharkhand",
        "district": "Ranchi",
        "village": "Village_76",
        "claim_type": "CR",
        "claimed_area": "6.54",
        "recorded_area": "6.56",
        "processing_days": "28",
        "current_stage": "Title Issued",
        "documents_complete": "1",
        "land_record_available": "0",
        "overlap_percentage": "85.91",
        "previous_rejections": "1",
        "latitude": 23.205761,
        "longitude": 85.284394,
        "status": "Approved"
      }
    },
    {
      "type": "Feature",
      "geometry": {
        "type": "Point",
        "coordinates": [
          85.16392,
          23.2222
        ]
      },
      "properties": {
        "claim_id": "FRA0217",
        "state": "Jharkhand",
        "district": "Ranchi",
        "village": "Village_6",
        "claim_type": "CR",
        "claimed_area": "5.72",
        "recorded_area": "5.31",
        "processing_days": "67",
        "current_stage": "Title Issued",
        "documents_complete": "0",
        "land_record_available": "1",
        "overlap_percentage": "54.47",
        "previous_rejections": "3",
        "latitude": 23.2222,
        "longitude": 85.16392,
        "status": "Pending"
      }
    },
    {
      "type": "Feature",
      "geometry": {
        "type": "Point",
        "coordinates": [
          74.363504,
          21.223864
        ]
      },
      "properties": {
        "claim_id": "FRA0218",
        "state": "Maharashtra",
        "district": "Nandurbar",
        "village": "Village_91",
        "claim_type": "CFR",
        "claimed_area": "5.38",
        "recorded_area": "5.38",
        "processing_days": "125",
        "current_stage": "Title Issued",
        "documents_complete": "0",
        "land_record_available": "0",
        "overlap_percentage": "36.8",
        "previous_rejections": "0",
        "latitude": 21.223864,
        "longitude": 74.363504,
        "status": "Approved"
      }
    },
    {
      "type": "Feature",
      "geometry": {
        "type": "Point",
        "coordinates": [
          85.192373,
          23.299433
        ]
      },
      "properties": {
        "claim_id": "FRA0219",
        "state": "Jharkhand",
        "district": "Ranchi",
        "village": "Village_92",
        "claim_type": "IFR",
        "claimed_area": "3.63",
        "recorded_area": "3.22",
        "processing_days": "140",
        "current_stage": "SDLC",
        "documents_complete": "0",
        "land_record_available": "1",
        "overlap_percentage": "66.29",
        "previous_rejections": "0",
        "latitude": 23.299433,
        "longitude": 85.192373,
        "status": "Pending"
      }
    },
    {
      "type": "Feature",
      "geometry": {
        "type": "Point",
        "coordinates": [
          81.41406,
          20.183602
        ]
      },
      "properties": {
        "claim_id": "FRA0220",
        "state": "Chhattisgarh",
        "district": "Kanker",
        "village": "Village_36",
        "claim_type": "CR",
        "claimed_area": "2.62",
        "recorded_area": "2.41",
        "processing_days": "153",
        "current_stage": "Title Issued",
        "documents_complete": "1",
        "land_record_available": "1",
        "overlap_percentage": "10.45",
        "previous_rejections": "0",
        "latitude": 20.183602,
        "longitude": 81.41406,
        "status": "Pending"
      }
    },
    {
      "type": "Feature",
      "geometry": {
        "type": "Point",
        "coordinates": [
          81.84522,
          19.139649
        ]
      },
      "properties": {
        "claim_id": "FRA0221",
        "state": "Chhattisgarh",
        "district": "Bastar",
        "village": "Village_82",
        "claim_type": "CR",
        "claimed_area": "5.96",
        "recorded_area": "5.81",
        "processing_days": "105",
        "current_stage": "Title Issued",
        "documents_complete": "1",
        "land_record_available": "1",
        "overlap_percentage": "83.8",
        "previous_rejections": "1",
        "latitude": 19.139649,
        "longitude": 81.84522,
        "status": "Approved"
      }
    },
    {
      "type": "Feature",
      "geometry": {
        "type": "Point",
        "coordinates": [
          85.299373,
          23.431238
        ]
      },
      "properties": {
        "claim_id": "FRA0222",
        "state": "Jharkhand",
        "district": "Ranchi",
        "village": "Village_51",
        "claim_type": "CR",
        "claimed_area": "7.8",
        "recorded_area": "7.04",
        "processing_days": "102",
        "current_stage": "SDLC",
        "documents_complete": "1",
        "land_record_available": "0",
        "overlap_percentage": "68.9",
        "previous_rejections": "1",
        "latitude": 23.431238,
        "longitude": 85.299373,
        "status": "Approved"
      }
    },
    {
      "type": "Feature",
      "geometry": {
        "type": "Point",
        "coordinates": [
          79.948433,
          20.236871
        ]
      },
      "properties": {
        "claim_id": "FRA0223",
        "state": "Maharashtra",
        "district": "Gadchiroli",
        "village": "Village_18",
        "claim_type": "CR",
        "claimed_area": "8.07",
        "recorded_area": "7.32",
        "processing_days": "58",
        "current_stage": "Title Issued",
        "documents_complete": "0",
        "land_record_available": "0",
        "overlap_percentage": "18.55",
        "previous_rejections": "3",
        "latitude": 20.236871,
        "longitude": 79.948433,
        "status": "Pending"
      }
    },
    {
      "type": "Feature",
      "geometry": {
        "type": "Point",
        "coordinates": [
          73.748335,
          19.973729
        ]
      },
      "properties": {
        "claim_id": "FRA0224",
        "state": "Maharashtra",
        "district": "Nashik",
        "village": "Village_57",
        "claim_type": "IFR",
        "claimed_area": "3.0",
        "recorded_area": "3.07",
        "processing_days": "82",
        "current_stage": "SDLC",
        "documents_complete": "1",
        "land_record_available": "1",
        "overlap_percentage": "52.55",
        "previous_rejections": "0",
        "latitude": 19.973729,
        "longitude": 73.748335,
        "status": "Rejected"
      }
    },
    {
      "type": "Feature",
      "geometry": {
        "type": "Point",
        "coordinates": [
          85.30338,
          23.472562
        ]
      },
      "properties": {
        "claim_id": "FRA0225",
        "state": "Jharkhand",
        "district": "Ranchi",
        "village": "Village_22",
        "claim_type": "CR",
        "claimed_area": "4.26",
        "recorded_area": "4.13",
        "processing_days": "52",
        "current_stage": "SDLC",
        "documents_complete": "1",
        "land_record_available": "1",
        "overlap_percentage": "61.8",
        "previous_rejections": "1",
        "latitude": 23.472562,
        "longitude": 85.30338,
        "status": "Pending"
      }
    },
    {
      "type": "Feature",
      "geometry": {
        "type": "Point",
        "coordinates": [
          81.889645,
          19.207682
        ]
      },
      "properties": {
        "claim_id": "FRA0226",
        "state": "Chhattisgarh",
        "district": "Bastar",
        "village": "Village_91",
        "claim_type": "CR",
        "claimed_area": "5.12",
        "recorded_area": "4.76",
        "processing_days": "87",
        "current_stage": "DLC",
        "documents_complete": "1",
        "land_record_available": "0",
        "overlap_percentage": "80.0",
        "previous_rejections": "0",
        "latitude": 19.207682,
        "longitude": 81.889645,
        "status": "Approved"
      }
    },
    {
      "type": "Feature",
      "geometry": {
        "type": "Point",
        "coordinates": [
          80.195995,
          21.938151
        ]
      },
      "properties": {
        "claim_id": "FRA0227",
        "state": "Madhya Pradesh",
        "district": "Balaghat",
        "village": "Village_90",
        "claim_type": "CFR",
        "claimed_area": "5.73",
        "recorded_area": "5.15",
        "processing_days": "141",
        "current_stage": "Gram Sabha",
        "documents_complete": "1",
        "land_record_available": "1",
        "overlap_percentage": "30.17",
        "previous_rejections": "1",
        "latitude": 21.938151,
        "longitude": 80.195995,
        "status": "Pending"
      }
    },
    {
      "type": "Feature",
      "geometry": {
        "type": "Point",
        "coordinates": [
          85.292088,
          23.32641
        ]
      },
      "properties": {
        "claim_id": "FRA0228",
        "state": "Jharkhand",
        "district": "Ranchi",
        "village": "Village_8",
        "claim_type": "CR",
        "claimed_area": "3.24",
        "recorded_area": "3.06",
        "processing_days": "102",
        "current_stage": "DLC",
        "documents_complete": "0",
        "land_record_available": "1",
        "overlap_percentage": "50.72",
        "previous_rejections": "2",
        "latitude": 23.32641,
        "longitude": 85.292088,
        "status": "Approved"
      }
    },
    {
      "type": "Feature",
      "geometry": {
        "type": "Point",
        "coordinates": [
          85.232611,
          23.405392
        ]
      },
      "properties": {
        "claim_id": "FRA0229",
        "state": "Jharkhand",
        "district": "Ranchi",
        "village": "Village_26",
        "claim_type": "IFR",
        "claimed_area": "1.35",
        "recorded_area": "1.26",
        "processing_days": "79",
        "current_stage": "Title Issued",
        "documents_complete": "1",
        "land_record_available": "1",
        "overlap_percentage": "8.23",
        "previous_rejections": "3",
        "latitude": 23.405392,
        "longitude": 85.232611,
        "status": "Pending"
      }
    },
    {
      "type": "Feature",
      "geometry": {
        "type": "Point",
        "coordinates": [
          73.910193,
          19.995283
        ]
      },
      "properties": {
        "claim_id": "FRA0230",
        "state": "Maharashtra",
        "district": "Nashik",
        "village": "Village_45",
        "claim_type": "CFR",
        "claimed_area": "5.1",
        "recorded_area": "4.66",
        "processing_days": "75",
        "current_stage": "Gram Sabha",
        "documents_complete": "1",
        "land_record_available": "1",
        "overlap_percentage": "0.01",
        "previous_rejections": "3",
        "latitude": 19.995283,
        "longitude": 73.910193,
        "status": "Rejected"
      }
    },
    {
      "type": "Feature",
      "geometry": {
        "type": "Point",
        "coordinates": [
          80.157657,
          21.932265
        ]
      },
      "properties": {
        "claim_id": "FRA0231",
        "state": "Madhya Pradesh",
        "district": "Balaghat",
        "village": "Village_42",
        "claim_type": "CFR",
        "claimed_area": "3.76",
        "recorded_area": "3.49",
        "processing_days": "72",
        "current_stage": "DLC",
        "documents_complete": "1",
        "land_record_available": "0",
        "overlap_percentage": "3.09",
        "previous_rejections": "2",
        "latitude": 21.932265,
        "longitude": 80.157657,
        "status": "Rejected"
      }
    },
    {
      "type": "Feature",
      "geometry": {
        "type": "Point",
        "coordinates": [
          82.040027,
          19.090497
        ]
      },
      "properties": {
        "claim_id": "FRA0232",
        "state": "Chhattisgarh",
        "district": "Bastar",
        "village": "Village_57",
        "claim_type": "IFR",
        "claimed_area": "6.47",
        "recorded_area": "6.31",
        "processing_days": "162",
        "current_stage": "SDLC",
        "documents_complete": "0",
        "land_record_available": "1",
        "overlap_percentage": "68.64",
        "previous_rejections": "2",
        "latitude": 19.090497,
        "longitude": 82.040027,
        "status": "Rejected"
      }
    },
    {
      "type": "Feature",
      "geometry": {
        "type": "Point",
        "coordinates": [
          81.114732,
          22.972182
        ]
      },
      "properties": {
        "claim_id": "FRA0233",
        "state": "Madhya Pradesh",
        "district": "Dindori",
        "village": "Village_65",
        "claim_type": "CFR",
        "claimed_area": "1.2",
        "recorded_area": "1.09",
        "processing_days": "57",
        "current_stage": "Gram Sabha",
        "documents_complete": "1",
        "land_record_available": "0",
        "overlap_percentage": "57.08",
        "previous_rejections": "2",
        "latitude": 22.972182,
        "longitude": 81.114732,
        "status": "Approved"
      }
    },
    {
      "type": "Feature",
      "geometry": {
        "type": "Point",
        "coordinates": [
          81.19907,
          23.065732
        ]
      },
      "properties": {
        "claim_id": "FRA0234",
        "state": "Madhya Pradesh",
        "district": "Dindori",
        "village": "Village_54",
        "claim_type": "CFR",
        "claimed_area": "4.16",
        "recorded_area": "4.24",
        "processing_days": "76",
        "current_stage": "Gram Sabha",
        "documents_complete": "0",
        "land_record_available": "1",
        "overlap_percentage": "67.81",
        "previous_rejections": "2",
        "latitude": 23.065732,
        "longitude": 81.19907,
        "status": "Rejected"
      }
    },
    {
      "type": "Feature",
      "geometry": {
        "type": "Point",
        "coordinates": [
          83.136427,
          22.842726
        ]
      },
      "properties": {
        "claim_id": "FRA0235",
        "state": "Chhattisgarh",
        "district": "Surguja",
        "village": "Village_36",
        "claim_type": "CR",
        "claimed_area": "2.48",
        "recorded_area": "2.43",
        "processing_days": "146",
        "current_stage": "SDLC",
        "documents_complete": "0",
        "land_record_available": "1",
        "overlap_percentage": "15.09",
        "previous_rejections": "3",
        "latitude": 22.842726,
        "longitude": 83.136427,
        "status": "Rejected"
      }
    },
    {
      "type": "Feature",
      "geometry": {
        "type": "Point",
        "coordinates": [
          84.562655,
          22.924094
        ]
      },
      "properties": {
        "claim_id": "FRA0236",
        "state": "Jharkhand",
        "district": "Gumla",
        "village": "Village_93",
        "claim_type": "CR",
        "claimed_area": "7.53",
        "recorded_area": "6.54",
        "processing_days": "88",
        "current_stage": "DLC",
        "documents_complete": "1",
        "land_record_available": "1",
        "overlap_percentage": "5.33",
        "previous_rejections": "3",
        "latitude": 22.924094,
        "longitude": 84.562655,
        "status": "Pending"
      }
    },
    {
      "type": "Feature",
      "geometry": {
        "type": "Point",
        "coordinates": [
          83.191939,
          22.959139
        ]
      },
      "properties": {
        "claim_id": "FRA0237",
        "state": "Chhattisgarh",
        "district": "Surguja",
        "village": "Village_50",
        "claim_type": "IFR",
        "claimed_area": "5.13",
        "recorded_area": "4.61",
        "processing_days": "118",
        "current_stage": "DLC",
        "documents_complete": "1",
        "land_record_available": "0",
        "overlap_percentage": "32.81",
        "previous_rejections": "2",
        "latitude": 22.959139,
        "longitude": 83.191939,
        "status": "Approved"
      }
    },
    {
      "type": "Feature",
      "geometry": {
        "type": "Point",
        "coordinates": [
          83.09984,
          23.04892
        ]
      },
      "properties": {
        "claim_id": "FRA0238",
        "state": "Chhattisgarh",
        "district": "Surguja",
        "village": "Village_9",
        "claim_type": "CR",
        "claimed_area": "1.13",
        "recorded_area": "1.18",
        "processing_days": "148",
        "current_stage": "Gram Sabha",
        "documents_complete": "0",
        "land_record_available": "0",
        "overlap_percentage": "68.36",
        "previous_rejections": "2",
        "latitude": 23.04892,
        "longitude": 83.09984,
        "status": "Approved"
      }
    },
    {
      "type": "Feature",
      "geometry": {
        "type": "Point",
        "coordinates": [
          84.451194,
          23.098954
        ]
      },
      "properties": {
        "claim_id": "FRA0239",
        "state": "Jharkhand",
        "district": "Gumla",
        "village": "Village_42",
        "claim_type": "CR",
        "claimed_area": "7.73",
        "recorded_area": "8.03",
        "processing_days": "47",
        "current_stage": "Gram Sabha",
        "documents_complete": "1",
        "land_record_available": "0",
        "overlap_percentage": "7.88",
        "previous_rejections": "0",
        "latitude": 23.098954,
        "longitude": 84.451194,
        "status": "Pending"
      }
    },
    {
      "type": "Feature",
      "geometry": {
        "type": "Point",
        "coordinates": [
          80.257131,
          21.702633
        ]
      },
      "properties": {
        "claim_id": "FRA0240",
        "state": "Madhya Pradesh",
        "district": "Balaghat",
        "village": "Village_44",
        "claim_type": "CR",
        "claimed_area": "6.94",
        "recorded_area": "6.48",
        "processing_days": "168",
        "current_stage": "Title Issued",
        "documents_complete": "0",
        "land_record_available": "0",
        "overlap_percentage": "12.05",
        "previous_rejections": "2",
        "latitude": 21.702633,
        "longitude": 80.257131,
        "status": "Pending"
      }
    },
    {
      "type": "Feature",
      "geometry": {
        "type": "Point",
        "coordinates": [
          74.197902,
          21.325094
        ]
      },
      "properties": {
        "claim_id": "FRA0241",
        "state": "Maharashtra",
        "district": "Nandurbar",
        "village": "Village_92",
        "claim_type": "CR",
        "claimed_area": "8.16",
        "recorded_area": "7.3",
        "processing_days": "141",
        "current_stage": "Gram Sabha",
        "documents_complete": "1",
        "land_record_available": "0",
        "overlap_percentage": "47.02",
        "previous_rejections": "0",
        "latitude": 21.325094,
        "longitude": 74.197902,
        "status": "Pending"
      }
    },
    {
      "type": "Feature",
      "geometry": {
        "type": "Point",
        "coordinates": [
          80.168387,
          21.785938
        ]
      },
      "properties": {
        "claim_id": "FRA0242",
        "state": "Madhya Pradesh",
        "district": "Balaghat",
        "village": "Village_92",
        "claim_type": "CFR",
        "claimed_area": "1.96",
        "recorded_area": "1.92",
        "processing_days": "139",
        "current_stage": "Title Issued",
        "documents_complete": "0",
        "land_record_available": "0",
        "overlap_percentage": "50.69",
        "previous_rejections": "3",
        "latitude": 21.785938,
        "longitude": 80.168387,
        "status": "Pending"
      }
    },
    {
      "type": "Feature",
      "geometry": {
        "type": "Point",
        "coordinates": [
          85.530293,
          21.774117
        ]
      },
      "properties": {
        "claim_id": "FRA0243",
        "state": "Odisha",
        "district": "Keonjhar",
        "village": "Village_47",
        "claim_type": "IFR",
        "claimed_area": "5.67",
        "recorded_area": "5.14",
        "processing_days": "60",
        "current_stage": "DLC",
        "documents_complete": "0",
        "land_record_available": "0",
        "overlap_percentage": "72.04",
        "previous_rejections": "2",
        "latitude": 21.774117,
        "longitude": 85.530293,
        "status": "Pending"
      }
    },
    {
      "type": "Feature",
      "geometry": {
        "type": "Point",
        "coordinates": [
          73.852235,
          19.892251
        ]
      },
      "properties": {
        "claim_id": "FRA0244",
        "state": "Maharashtra",
        "district": "Nashik",
        "village": "Village_76",
        "claim_type": "IFR",
        "claimed_area": "6.3",
        "recorded_area": "6.09",
        "processing_days": "98",
        "current_stage": "Title Issued",
        "documents_complete": "1",
        "land_record_available": "0",
        "overlap_percentage": "41.25",
        "previous_rejections": "0",
        "latitude": 19.892251,
        "longitude": 73.852235,
        "status": "Approved"
      }
    },
    {
      "type": "Feature",
      "geometry": {
        "type": "Point",
        "coordinates": [
          73.666253,
          20.144789
        ]
      },
      "properties": {
        "claim_id": "FRA0245",
        "state": "Maharashtra",
        "district": "Nashik",
        "village": "Village_38",
        "claim_type": "CR",
        "claimed_area": "2.63",
        "recorded_area": "2.27",
        "processing_days": "144",
        "current_stage": "DLC",
        "documents_complete": "1",
        "land_record_available": "1",
        "overlap_percentage": "40.82",
        "previous_rejections": "1",
        "latitude": 20.144789,
        "longitude": 73.666253,
        "status": "Approved"
      }
    },
    {
      "type": "Feature",
      "geometry": {
        "type": "Point",
        "coordinates": [
          85.367599,
          23.287411
        ]
      },
      "properties": {
        "claim_id": "FRA0246",
        "state": "Jharkhand",
        "district": "Ranchi",
        "village": "Village_16",
        "claim_type": "CFR",
        "claimed_area": "2.5",
        "recorded_area": "2.37",
        "processing_days": "125",
        "current_stage": "SDLC",
        "documents_complete": "1",
        "land_record_available": "0",
        "overlap_percentage": "23.82",
        "previous_rejections": "2",
        "latitude": 23.287411,
        "longitude": 85.367599,
        "status": "Rejected"
      }
    },
    {
      "type": "Feature",
      "geometry": {
        "type": "Point",
        "coordinates": [
          86.605458,
          21.997081
        ]
      },
      "properties": {
        "claim_id": "FRA0247",
        "state": "Odisha",
        "district": "Mayurbhanj",
        "village": "Village_42",
        "claim_type": "CFR",
        "claimed_area": "5.32",
        "recorded_area": "4.75",
        "processing_days": "21",
        "current_stage": "Title Issued",
        "documents_complete": "1",
        "land_record_available": "0",
        "overlap_percentage": "95",
        "previous_rejections": "0",
        "latitude": 21.997081,
        "longitude": 86.605458,
        "status": "Approved"
      }
    },
    {
      "type": "Feature",
      "geometry": {
        "type": "Point",
        "coordinates": [
          80.047596,
          20.297886
        ]
      },
      "properties": {
        "claim_id": "FRA0248",
        "state": "Maharashtra",
        "district": "Gadchiroli",
        "village": "Village_25",
        "claim_type": "CR",
        "claimed_area": "2.57",
        "recorded_area": "2.52",
        "processing_days": "86",
        "current_stage": "Gram Sabha",
        "documents_complete": "0",
        "land_record_available": "1",
        "overlap_percentage": "58.53",
        "previous_rejections": "0",
        "latitude": 20.297886,
        "longitude": 80.047596,
        "status": "Pending"
      }
    },
    {
      "type": "Feature",
      "geometry": {
        "type": "Point",
        "coordinates": [
          80.099985,
          21.668931
        ]
      },
      "properties": {
        "claim_id": "FRA0249",
        "state": "Madhya Pradesh",
        "district": "Balaghat",
        "village": "Village_19",
        "claim_type": "CR",
        "claimed_area": "5.16",
        "recorded_area": "4.58",
        "processing_days": "161",
        "current_stage": "DLC",
        "documents_complete": "1",
        "land_record_available": "1",
        "overlap_percentage": "40.29",
        "previous_rejections": "2",
        "latitude": 21.668931,
        "longitude": 80.099985,
        "status": "Approved"
      }
    },
    {
      "type": "Feature",
      "geometry": {
        "type": "Point",
        "coordinates": [
          85.721184,
          21.772883
        ]
      },
      "properties": {
        "claim_id": "FRA0250",
        "state": "Odisha",
        "district": "Keonjhar",
        "village": "Village_74",
        "claim_type": "IFR",
        "claimed_area": "2.31",
        "recorded_area": "2.34",
        "processing_days": "96",
        "current_stage": "SDLC",
        "documents_complete": "0",
        "land_record_available": "0",
        "overlap_percentage": "40.38",
        "previous_rejections": "2",
        "latitude": 21.772883,
        "longitude": 85.721184,
        "status": "Approved"
      }
    },
    {
      "type": "Feature",
      "geometry": {
        "type": "Point",
        "coordinates": [
          84.534101,
          23.169928
        ]
      },
      "properties": {
        "claim_id": "FRA0251",
        "state": "Jharkhand",
        "district": "Gumla",
        "village": "Village_31",
        "claim_type": "CR",
        "claimed_area": "4.81",
        "recorded_area": "4.49",
        "processing_days": "167",
        "current_stage": "Title Issued",
        "documents_complete": "0",
        "land_record_available": "0",
        "overlap_percentage": "6.1",
        "previous_rejections": "2",
        "latitude": 23.169928,
        "longitude": 84.534101,
        "status": "Pending"
      }
    },
    {
      "type": "Feature",
      "geometry": {
        "type": "Point",
        "coordinates": [
          81.352401,
          20.395966
        ]
      },
      "properties": {
        "claim_id": "FRA0252",
        "state": "Chhattisgarh",
        "district": "Kanker",
        "village": "Village_53",
        "claim_type": "IFR",
        "claimed_area": "7.49",
        "recorded_area": "6.63",
        "processing_days": "30",
        "current_stage": "Title Issued",
        "documents_complete": "0",
        "land_record_available": "0",
        "overlap_percentage": "89.39",
        "previous_rejections": "0",
        "latitude": 20.395966,
        "longitude": 81.352401,
        "status": "Rejected"
      }
    },
    {
      "type": "Feature",
      "geometry": {
        "type": "Point",
        "coordinates": [
          85.247116,
          23.394273
        ]
      },
      "properties": {
        "claim_id": "FRA0253",
        "state": "Jharkhand",
        "district": "Ranchi",
        "village": "Village_58",
        "claim_type": "CR",
        "claimed_area": "4.27",
        "recorded_area": "3.65",
        "processing_days": "94",
        "current_stage": "Gram Sabha",
        "documents_complete": "1",
        "land_record_available": "1",
        "overlap_percentage": "73.86",
        "previous_rejections": "0",
        "latitude": 23.394273,
        "longitude": 85.247116,
        "status": "Approved"
      }
    },
    {
      "type": "Feature",
      "geometry": {
        "type": "Point",
        "coordinates": [
          85.64586,
          21.672482
        ]
      },
      "properties": {
        "claim_id": "FRA0254",
        "state": "Odisha",
        "district": "Keonjhar",
        "village": "Village_28",
        "claim_type": "CFR",
        "claimed_area": "2.93",
        "recorded_area": "2.52",
        "processing_days": "119",
        "current_stage": "Title Issued",
        "documents_complete": "1",
        "land_record_available": "0",
        "overlap_percentage": "56.55",
        "previous_rejections": "0",
        "latitude": 21.672482,
        "longitude": 85.64586,
        "status": "Approved"
      }
    },
    {
      "type": "Feature",
      "geometry": {
        "type": "Point",
        "coordinates": [
          85.585283,
          21.647833
        ]
      },
      "properties": {
        "claim_id": "FRA0255",
        "state": "Odisha",
        "district": "Keonjhar",
        "village": "Village_11",
        "claim_type": "CFR",
        "claimed_area": "5.07",
        "recorded_area": "4.34",
        "processing_days": "128",
        "current_stage": "SDLC",
        "documents_complete": "0",
        "land_record_available": "1",
        "overlap_percentage": "69.56",
        "previous_rejections": "3",
        "latitude": 21.647833,
        "longitude": 85.585283,
        "status": "Approved"
      }
    },
    {
      "type": "Feature",
      "geometry": {
        "type": "Point",
        "coordinates": [
          73.696808,
          20.00756
        ]
      },
      "properties": {
        "claim_id": "FRA0256",
        "state": "Maharashtra",
        "district": "Nashik",
        "village": "Village_13",
        "claim_type": "CFR",
        "claimed_area": "3.71",
        "recorded_area": "3.52",
        "processing_days": "63",
        "current_stage": "SDLC",
        "documents_complete": "0",
        "land_record_available": "0",
        "overlap_percentage": "12.74",
        "previous_rejections": "2",
        "latitude": 20.00756,
        "longitude": 73.696808,
        "status": "Approved"
      }
    },
    {
      "type": "Feature",
      "geometry": {
        "type": "Point",
        "coordinates": [
          80.176711,
          21.75402
        ]
      },
      "properties": {
        "claim_id": "FRA0257",
        "state": "Madhya Pradesh",
        "district": "Balaghat",
        "village": "Village_52",
        "claim_type": "CFR",
        "claimed_area": "7.92",
        "recorded_area": "6.91",
        "processing_days": "112",
        "current_stage": "Title Issued",
        "documents_complete": "1",
        "land_record_available": "1",
        "overlap_percentage": "86.97",
        "previous_rejections": "3",
        "latitude": 21.75402,
        "longitude": 80.176711,
        "status": "Pending"
      }
    },
    {
      "type": "Feature",
      "geometry": {
        "type": "Point",
        "coordinates": [
          86.711257,
          21.799113
        ]
      },
      "properties": {
        "claim_id": "FRA0258",
        "state": "Odisha",
        "district": "Mayurbhanj",
        "village": "Village_17",
        "claim_type": "CFR",
        "claimed_area": "6.2",
        "recorded_area": "6.43",
        "processing_days": "43",
        "current_stage": "Title Issued",
        "documents_complete": "1",
        "land_record_available": "0",
        "overlap_percentage": "16.7",
        "previous_rejections": "2",
        "latitude": 21.799113,
        "longitude": 86.711257,
        "status": "Rejected"
      }
    },
    {
      "type": "Feature",
      "geometry": {
        "type": "Point",
        "coordinates": [
          80.494471,
          22.57126
        ]
      },
      "properties": {
        "claim_id": "FRA0259",
        "state": "Madhya Pradesh",
        "district": "Mandla",
        "village": "Village_93",
        "claim_type": "IFR",
        "claimed_area": "7.69",
        "recorded_area": "6.64",
        "processing_days": "52",
        "current_stage": "SDLC",
        "documents_complete": "0",
        "land_record_available": "1",
        "overlap_percentage": "25.75",
        "previous_rejections": "2",
        "latitude": 22.57126,
        "longitude": 80.494471,
        "status": "Approved"
      }
    },
    {
      "type": "Feature",
      "geometry": {
        "type": "Point",
        "coordinates": [
          83.348059,
          22.875912
        ]
      },
      "properties": {
        "claim_id": "FRA0260",
        "state": "Chhattisgarh",
        "district": "Surguja",
        "village": "Village_39",
        "claim_type": "CFR",
        "claimed_area": "7.31",
        "recorded_area": "7.36",
        "processing_days": "95",
        "current_stage": "Gram Sabha",
        "documents_complete": "0",
        "land_record_available": "1",
        "overlap_percentage": "11.26",
        "previous_rejections": "0",
        "latitude": 22.875912,
        "longitude": 83.348059,
        "status": "Rejected"
      }
    },
    {
      "type": "Feature",
      "geometry": {
        "type": "Point",
        "coordinates": [
          80.355108,
          22.508224
        ]
      },
      "properties": {
        "claim_id": "FRA0261",
        "state": "Madhya Pradesh",
        "district": "Mandla",
        "village": "Village_88",
        "claim_type": "CR",
        "claimed_area": "4.36",
        "recorded_area": "3.87",
        "processing_days": "170",
        "current_stage": "Gram Sabha",
        "documents_complete": "1",
        "land_record_available": "1",
        "overlap_percentage": "75.56",
        "previous_rejections": "0",
        "latitude": 22.508224,
        "longitude": 80.355108,
        "status": "Approved"
      }
    },
    {
      "type": "Feature",
      "geometry": {
        "type": "Point",
        "coordinates": [
          81.109732,
          22.839948
        ]
      },
      "properties": {
        "claim_id": "FRA0262",
        "state": "Madhya Pradesh",
        "district": "Dindori",
        "village": "Village_27",
        "claim_type": "CFR",
        "claimed_area": "2.5",
        "recorded_area": "2.4",
        "processing_days": "65",
        "current_stage": "Title Issued",
        "documents_complete": "0",
        "land_record_available": "0",
        "overlap_percentage": "8.81",
        "previous_rejections": "0",
        "latitude": 22.839948,
        "longitude": 81.109732,
        "status": "Rejected"
      }
    },
    {
      "type": "Feature",
      "geometry": {
        "type": "Point",
        "coordinates": [
          74.295458,
          21.438065
        ]
      },
      "properties": {
        "claim_id": "FRA0263",
        "state": "Maharashtra",
        "district": "Nandurbar",
        "village": "Village_20",
        "claim_type": "CR",
        "claimed_area": "7.89",
        "recorded_area": "6.8",
        "processing_days": "168",
        "current_stage": "Gram Sabha",
        "documents_complete": "0",
        "land_record_available": "0",
        "overlap_percentage": "79.23",
        "previous_rejections": "1",
        "latitude": 21.438065,
        "longitude": 74.295458,
        "status": "Pending"
      }
    },
    {
      "type": "Feature",
      "geometry": {
        "type": "Point",
        "coordinates": [
          81.583533,
          20.228186
        ]
      },
      "properties": {
        "claim_id": "FRA0264",
        "state": "Chhattisgarh",
        "district": "Kanker",
        "village": "Village_44",
        "claim_type": "CFR",
        "claimed_area": "6.99",
        "recorded_area": "6.02",
        "processing_days": "88",
        "current_stage": "SDLC",
        "documents_complete": "0",
        "land_record_available": "1",
        "overlap_percentage": "58.1",
        "previous_rejections": "2",
        "latitude": 20.228186,
        "longitude": 81.583533,
        "status": "Rejected"
      }
    },
    {
      "type": "Feature",
      "geometry": {
        "type": "Point",
        "coordinates": [
          81.169365,
          23.088679
        ]
      },
      "properties": {
        "claim_id": "FRA0265",
        "state": "Madhya Pradesh",
        "district": "Dindori",
        "village": "Village_55",
        "claim_type": "IFR",
        "claimed_area": "1.99",
        "recorded_area": "2.02",
        "processing_days": "22",
        "current_stage": "Title Issued",
        "documents_complete": "0",
        "land_record_available": "1",
        "overlap_percentage": "75.54",
        "previous_rejections": "1",
        "latitude": 23.088679,
        "longitude": 81.169365,
        "status": "Pending"
      }
    },
    {
      "type": "Feature",
      "geometry": {
        "type": "Point",
        "coordinates": [
          84.487414,
          23.02891
        ]
      },
      "properties": {
        "claim_id": "FRA0266",
        "state": "Jharkhand",
        "district": "Gumla",
        "village": "Village_8",
        "claim_type": "CFR",
        "claimed_area": "9.2",
        "recorded_area": "8.62",
        "processing_days": "52",
        "current_stage": "Title Issued",
        "documents_complete": "0",
        "land_record_available": "0",
        "overlap_percentage": "65.24",
        "previous_rejections": "3",
        "latitude": 23.02891,
        "longitude": 84.487414,
        "status": "Rejected"
      }
    },
    {
      "type": "Feature",
      "geometry": {
        "type": "Point",
        "coordinates": [
          82.811612,
          18.892046
        ]
      },
      "properties": {
        "claim_id": "FRA0267",
        "state": "Odisha",
        "district": "Koraput",
        "village": "Village_16",
        "claim_type": "IFR",
        "claimed_area": "8.49",
        "recorded_area": "8.1",
        "processing_days": "42",
        "current_stage": "SDLC",
        "documents_complete": "1",
        "land_record_available": "0",
        "overlap_percentage": "37.22",
        "previous_rejections": "2",
        "latitude": 18.892046,
        "longitude": 82.811612,
        "status": "Approved"
      }
    },
    {
      "type": "Feature",
      "geometry": {
        "type": "Point",
        "coordinates": [
          81.090795,
          23.058984
        ]
      },
      "properties": {
        "claim_id": "FRA0268",
        "state": "Madhya Pradesh",
        "district": "Dindori",
        "village": "Village_40",
        "claim_type": "IFR",
        "claimed_area": "9.26",
        "recorded_area": "8.68",
        "processing_days": "61",
        "current_stage": "DLC",
        "documents_complete": "1",
        "land_record_available": "1",
        "overlap_percentage": "56.43",
        "previous_rejections": "0",
        "latitude": 23.058984,
        "longitude": 81.090795,
        "status": "Pending"
      }
    },
    {
      "type": "Feature",
      "geometry": {
        "type": "Point",
        "coordinates": [
          74.294387,
          21.422649
        ]
      },
      "properties": {
        "claim_id": "FRA0269",
        "state": "Maharashtra",
        "district": "Nandurbar",
        "village": "Village_7",
        "claim_type": "CR",
        "claimed_area": "1.63",
        "recorded_area": "1.64",
        "processing_days": "39",
        "current_stage": "Gram Sabha",
        "documents_complete": "1",
        "land_record_available": "1",
        "overlap_percentage": "25.74",
        "previous_rejections": "1",
        "latitude": 21.422649,
        "longitude": 74.294387,
        "status": "Pending"
      }
    },
    {
      "type": "Feature",
      "geometry": {
        "type": "Point",
        "coordinates": [
          81.09548,
          23.003591
        ]
      },
      "properties": {
        "claim_id": "FRA0270",
        "state": "Madhya Pradesh",
        "district": "Dindori",
        "village": "Village_94",
        "claim_type": "CFR",
        "claimed_area": "6.09",
        "recorded_area": "5.78",
        "processing_days": "65",
        "current_stage": "Gram Sabha",
        "documents_complete": "0",
        "land_record_available": "1",
        "overlap_percentage": "38.72",
        "previous_rejections": "3",
        "latitude": 23.003591,
        "longitude": 81.09548,
        "status": "Approved"
      }
    },
    {
      "type": "Feature",
      "geometry": {
        "type": "Point",
        "coordinates": [
          73.790681,
          19.923357
        ]
      },
      "properties": {
        "claim_id": "FRA0271",
        "state": "Maharashtra",
        "district": "Nashik",
        "village": "Village_12",
        "claim_type": "CR",
        "claimed_area": "8.44",
        "recorded_area": "8.86",
        "processing_days": "77",
        "current_stage": "Title Issued",
        "documents_complete": "1",
        "land_record_available": "0",
        "overlap_percentage": "14.34",
        "previous_rejections": "1",
        "latitude": 19.923357,
        "longitude": 73.790681,
        "status": "Pending"
      }
    },
    {
      "type": "Feature",
      "geometry": {
        "type": "Point",
        "coordinates": [
          82.021708,
          19.1059
        ]
      },
      "properties": {
        "claim_id": "FRA0272",
        "state": "Chhattisgarh",
        "district": "Bastar",
        "village": "Village_81",
        "claim_type": "IFR",
        "claimed_area": "6.77",
        "recorded_area": "6.43",
        "processing_days": "97",
        "current_stage": "Gram Sabha",
        "documents_complete": "0",
        "land_record_available": "0",
        "overlap_percentage": "71.95",
        "previous_rejections": "2",
        "latitude": 19.1059,
        "longitude": 82.021708,
        "status": "Pending"
      }
    },
    {
      "type": "Feature",
      "geometry": {
        "type": "Point",
        "coordinates": [
          85.451901,
          21.611592
        ]
      },
      "properties": {
        "claim_id": "FRA0273",
        "state": "Odisha",
        "district": "Keonjhar",
        "village": "Village_90",
        "claim_type": "CR",
        "claimed_area": "3.81",
        "recorded_area": "3.55",
        "processing_days": "168",
        "current_stage": "Title Issued",
        "documents_complete": "1",
        "land_record_available": "1",
        "overlap_percentage": "82.8",
        "previous_rejections": "1",
        "latitude": 21.611592,
        "longitude": 85.451901,
        "status": "Rejected"
      }
    },
    {
      "type": "Feature",
      "geometry": {
        "type": "Point",
        "coordinates": [
          79.989757,
          20.081511
        ]
      },
      "properties": {
        "claim_id": "FRA0274",
        "state": "Maharashtra",
        "district": "Gadchiroli",
        "village": "Village_54",
        "claim_type": "IFR",
        "claimed_area": "6.39",
        "recorded_area": "6.18",
        "processing_days": "63",
        "current_stage": "Title Issued",
        "documents_complete": "0",
        "land_record_available": "0",
        "overlap_percentage": "71.28",
        "previous_rejections": "0",
        "latitude": 20.081511,
        "longitude": 79.989757,
        "status": "Rejected"
      }
    },
    {
      "type": "Feature",
      "geometry": {
        "type": "Point",
        "coordinates": [
          84.537202,
          22.548252
        ]
      },
      "properties": {
        "claim_id": "FRA0275",
        "state": "Jharkhand",
        "district": "Simdega",
        "village": "Village_34",
        "claim_type": "CFR",
        "claimed_area": "8.0",
        "recorded_area": "7.4",
        "processing_days": "154",
        "current_stage": "DLC",
        "documents_complete": "1",
        "land_record_available": "1",
        "overlap_percentage": "80.23",
        "previous_rejections": "3",
        "latitude": 22.548252,
        "longitude": 84.537202,
        "status": "Rejected"
      }
    },
    {
      "type": "Feature",
      "geometry": {
        "type": "Point",
        "coordinates": [
          81.503076,
          20.139016
        ]
      },
      "properties": {
        "claim_id": "FRA0276",
        "state": "Chhattisgarh",
        "district": "Kanker",
        "village": "Village_57",
        "claim_type": "CFR",
        "claimed_area": "9.55",
        "recorded_area": "9.27",
        "processing_days": "110",
        "current_stage": "DLC",
        "documents_complete": "1",
        "land_record_available": "0",
        "overlap_percentage": "66.35",
        "previous_rejections": "1",
        "latitude": 20.139016,
        "longitude": 81.503076,
        "status": "Rejected"
      }
    },
    {
      "type": "Feature",
      "geometry": {
        "type": "Point",
        "coordinates": [
          81.87748,
          19.165563
        ]
      },
      "properties": {
        "claim_id": "FRA0277",
        "state": "Chhattisgarh",
        "district": "Bastar",
        "village": "Village_81",
        "claim_type": "CFR",
        "claimed_area": "2.97",
        "recorded_area": "2.66",
        "processing_days": "170",
        "current_stage": "SDLC",
        "documents_complete": "0",
        "land_record_available": "0",
        "overlap_percentage": "72.16",
        "previous_rejections": "3",
        "latitude": 19.165563,
        "longitude": 81.87748,
        "status": "Approved"
      }
    },
    {
      "type": "Feature",
      "geometry": {
        "type": "Point",
        "coordinates": [
          86.601336,
          21.898926
        ]
      },
      "properties": {
        "claim_id": "FRA0278",
        "state": "Odisha",
        "district": "Mayurbhanj",
        "village": "Village_46",
        "claim_type": "CFR",
        "claimed_area": "3.09",
        "recorded_area": "2.82",
        "processing_days": "60",
        "current_stage": "Title Issued",
        "documents_complete": "0",
        "land_record_available": "0",
        "overlap_percentage": "50.18",
        "previous_rejections": "0",
        "latitude": 21.898926,
        "longitude": 86.601336,
        "status": "Pending"
      }
    },
    {
      "type": "Feature",
      "geometry": {
        "type": "Point",
        "coordinates": [
          85.238957,
          23.24009
        ]
      },
      "properties": {
        "claim_id": "FRA0279",
        "state": "Jharkhand",
        "district": "Ranchi",
        "village": "Village_10",
        "claim_type": "IFR",
        "claimed_area": "6.63",
        "recorded_area": "6.01",
        "processing_days": "148",
        "current_stage": "SDLC",
        "documents_complete": "1",
        "land_record_available": "1",
        "overlap_percentage": "38.43",
        "previous_rejections": "1",
        "latitude": 23.24009,
        "longitude": 85.238957,
        "status": "Approved"
      }
    },
    {
      "type": "Feature",
      "geometry": {
        "type": "Point",
        "coordinates": [
          84.562046,
          23.066692
        ]
      },
      "properties": {
        "claim_id": "FRA0280",
        "state": "Jharkhand",
        "district": "Gumla",
        "village": "Village_90",
        "claim_type": "IFR",
        "claimed_area": "6.27",
        "recorded_area": "5.44",
        "processing_days": "74",
        "current_stage": "Title Issued",
        "documents_complete": "0",
        "land_record_available": "1",
        "overlap_percentage": "86.24",
        "previous_rejections": "2",
        "latitude": 23.066692,
        "longitude": 84.562046,
        "status": "Approved"
      }
    },
    {
      "type": "Feature",
      "geometry": {
        "type": "Point",
        "coordinates": [
          73.880443,
          19.957477
        ]
      },
      "properties": {
        "claim_id": "FRA0281",
        "state": "Maharashtra",
        "district": "Nashik",
        "village": "Village_14",
        "claim_type": "CR",
        "claimed_area": "8.09",
        "recorded_area": "7.17",
        "processing_days": "44",
        "current_stage": "Title Issued",
        "documents_complete": "1",
        "land_record_available": "0",
        "overlap_percentage": "15.64",
        "previous_rejections": "0",
        "latitude": 19.957477,
        "longitude": 73.880443,
        "status": "Approved"
      }
    },
    {
      "type": "Feature",
      "geometry": {
        "type": "Point",
        "coordinates": [
          82.726995,
          18.82715
        ]
      },
      "properties": {
        "claim_id": "FRA0282",
        "state": "Odisha",
        "district": "Koraput",
        "village": "Village_19",
        "claim_type": "IFR",
        "claimed_area": "3.02",
        "recorded_area": "2.83",
        "processing_days": "130",
        "current_stage": "SDLC",
        "documents_complete": "0",
        "land_record_available": "0",
        "overlap_percentage": "51.98",
        "previous_rejections": "2",
        "latitude": 18.82715,
        "longitude": 82.726995,
        "status": "Pending"
      }
    },
    {
      "type": "Feature",
      "geometry": {
        "type": "Point",
        "coordinates": [
          73.883413,
          20.059269
        ]
      },
      "properties": {
        "claim_id": "FRA0283",
        "state": "Maharashtra",
        "district": "Nashik",
        "village": "Village_25",
        "claim_type": "CR",
        "claimed_area": "4.85",
        "recorded_area": "4.67",
        "processing_days": "133",
        "current_stage": "Title Issued",
        "documents_complete": "1",
        "land_record_available": "0",
        "overlap_percentage": "5.56",
        "previous_rejections": "1",
        "latitude": 20.059269,
        "longitude": 73.883413,
        "status": "Pending"
      }
    },
    {
      "type": "Feature",
      "geometry": {
        "type": "Point",
        "coordinates": [
          85.497536,
          21.628236
        ]
      },
      "properties": {
        "claim_id": "FRA0284",
        "state": "Odisha",
        "district": "Keonjhar",
        "village": "Village_66",
        "claim_type": "IFR",
        "claimed_area": "9.6",
        "recorded_area": "8.47",
        "processing_days": "177",
        "current_stage": "Title Issued",
        "documents_complete": "1",
        "land_record_available": "1",
        "overlap_percentage": "31.21",
        "previous_rejections": "3",
        "latitude": 21.628236,
        "longitude": 85.497536,
        "status": "Approved"
      }
    },
    {
      "type": "Feature",
      "geometry": {
        "type": "Point",
        "coordinates": [
          80.358833,
          22.552998
        ]
      },
      "properties": {
        "claim_id": "FRA0285",
        "state": "Madhya Pradesh",
        "district": "Mandla",
        "village": "Village_90",
        "claim_type": "CFR",
        "claimed_area": "3.94",
        "recorded_area": "3.49",
        "processing_days": "26",
        "current_stage": "DLC",
        "documents_complete": "1",
        "land_record_available": "1",
        "overlap_percentage": "7.61",
        "previous_rejections": "1",
        "latitude": 22.552998,
        "longitude": 80.358833,
        "status": "Rejected"
      }
    },
    {
      "type": "Feature",
      "geometry": {
        "type": "Point",
        "coordinates": [
          81.077089,
          22.917821
        ]
      },
      "properties": {
        "claim_id": "FRA0286",
        "state": "Madhya Pradesh",
        "district": "Dindori",
        "village": "Village_2",
        "claim_type": "IFR",
        "claimed_area": "6.18",
        "recorded_area": "6.23",
        "processing_days": "68",
        "current_stage": "SDLC",
        "documents_complete": "1",
        "land_record_available": "1",
        "overlap_percentage": "7.42",
        "previous_rejections": "0",
        "latitude": 22.917821,
        "longitude": 81.077089,
        "status": "Pending"
      }
    },
    {
      "type": "Feature",
      "geometry": {
        "type": "Point",
        "coordinates": [
          85.245109,
          23.335104
        ]
      },
      "properties": {
        "claim_id": "FRA0287",
        "state": "Jharkhand",
        "district": "Ranchi",
        "village": "Village_66",
        "claim_type": "CFR",
        "claimed_area": "1.63",
        "recorded_area": "1.66",
        "processing_days": "111",
        "current_stage": "DLC",
        "documents_complete": "1",
        "land_record_available": "0",
        "overlap_percentage": "78.91",
        "previous_rejections": "0",
        "latitude": 23.335104,
        "longitude": 85.245109,
        "status": "Approved"
      }
    },
    {
      "type": "Feature",
      "geometry": {
        "type": "Point",
        "coordinates": [
          80.39114,
          22.511862
        ]
      },
      "properties": {
        "claim_id": "FRA0288",
        "state": "Madhya Pradesh",
        "district": "Mandla",
        "village": "Village_61",
        "claim_type": "IFR",
        "claimed_area": "2.94",
        "recorded_area": "2.81",
        "processing_days": "25",
        "current_stage": "Title Issued",
        "documents_complete": "0",
        "land_record_available": "1",
        "overlap_percentage": "9.92",
        "previous_rejections": "0",
        "latitude": 22.511862,
        "longitude": 80.39114,
        "status": "Pending"
      }
    },
    {
      "type": "Feature",
      "geometry": {
        "type": "Point",
        "coordinates": [
          73.915932,
          20.004633
        ]
      },
      "properties": {
        "claim_id": "FRA0289",
        "state": "Maharashtra",
        "district": "Nashik",
        "village": "Village_62",
        "claim_type": "IFR",
        "claimed_area": "2.66",
        "recorded_area": "2.76",
        "processing_days": "145",
        "current_stage": "SDLC",
        "documents_complete": "0",
        "land_record_available": "0",
        "overlap_percentage": "88.64",
        "previous_rejections": "3",
        "latitude": 20.004633,
        "longitude": 73.915932,
        "status": "Pending"
      }
    },
    {
      "type": "Feature",
      "geometry": {
        "type": "Point",
        "coordinates": [
          83.113468,
          22.773995
        ]
      },
      "properties": {
        "claim_id": "FRA0290",
        "state": "Chhattisgarh",
        "district": "Surguja",
        "village": "Village_42",
        "claim_type": "CR",
        "claimed_area": "7.0",
        "recorded_area": "6.3",
        "processing_days": "67",
        "current_stage": "DLC",
        "documents_complete": "0",
        "land_record_available": "0",
        "overlap_percentage": "75.45",
        "previous_rejections": "3",
        "latitude": 22.773995,
        "longitude": 83.113468,
        "status": "Approved"
      }
    },
    {
      "type": "Feature",
      "geometry": {
        "type": "Point",
        "coordinates": [
          81.893889,
          19.127325
        ]
      },
      "properties": {
        "claim_id": "FRA0291",
        "state": "Chhattisgarh",
        "district": "Bastar",
        "village": "Village_28",
        "claim_type": "IFR",
        "claimed_area": "7.59",
        "recorded_area": "7.53",
        "processing_days": "96",
        "current_stage": "Title Issued",
        "documents_complete": "0",
        "land_record_available": "0",
        "overlap_percentage": "70.14",
        "previous_rejections": "0",
        "latitude": 19.127325,
        "longitude": 81.893889,
        "status": "Pending"
      }
    },
    {
      "type": "Feature",
      "geometry": {
        "type": "Point",
        "coordinates": [
          74.11492,
          21.244701
        ]
      },
      "properties": {
        "claim_id": "FRA0292",
        "state": "Maharashtra",
        "district": "Nandurbar",
        "village": "Village_33",
        "claim_type": "IFR",
        "claimed_area": "9.39",
        "recorded_area": "8.46",
        "processing_days": "106",
        "current_stage": "DLC",
        "documents_complete": "1",
        "land_record_available": "1",
        "overlap_percentage": "19.53",
        "previous_rejections": "0",
        "latitude": 21.244701,
        "longitude": 74.11492,
        "status": "Rejected"
      }
    },
    {
      "type": "Feature",
      "geometry": {
        "type": "Point",
        "coordinates": [
          80.277011,
          22.484891
        ]
      },
      "properties": {
        "claim_id": "FRA0293",
        "state": "Madhya Pradesh",
        "district": "Mandla",
        "village": "Village_2",
        "claim_type": "CFR",
        "claimed_area": "1.99",
        "recorded_area": "2.05",
        "processing_days": "66",
        "current_stage": "Title Issued",
        "documents_complete": "0",
        "land_record_available": "1",
        "overlap_percentage": "43.72",
        "previous_rejections": "0",
        "latitude": 22.484891,
        "longitude": 80.277011,
        "status": "Pending"
      }
    },
    {
      "type": "Feature",
      "geometry": {
        "type": "Point",
        "coordinates": [
          85.38364,
          23.381152
        ]
      },
      "properties": {
        "claim_id": "FRA0294",
        "state": "Jharkhand",
        "district": "Ranchi",
        "village": "Village_79",
        "claim_type": "CFR",
        "claimed_area": "3.39",
        "recorded_area": "3.08",
        "processing_days": "45",
        "current_stage": "SDLC",
        "documents_complete": "1",
        "land_record_available": "1",
        "overlap_percentage": "47.96",
        "previous_rejections": "2",
        "latitude": 23.381152,
        "longitude": 85.38364,
        "status": "Rejected"
      }
    },
    {
      "type": "Feature",
      "geometry": {
        "type": "Point",
        "coordinates": [
          84.616371,
          22.956741
        ]
      },
      "properties": {
        "claim_id": "FRA0295",
        "state": "Jharkhand",
        "district": "Gumla",
        "village": "Village_62",
        "claim_type": "IFR",
        "claimed_area": "8.63",
        "recorded_area": "7.85",
        "processing_days": "44",
        "current_stage": "Gram Sabha",
        "documents_complete": "1",
        "land_record_available": "1",
        "overlap_percentage": "69.02",
        "previous_rejections": "3",
        "latitude": 22.956741,
        "longitude": 84.616371,
        "status": "Approved"
      }
    },
    {
      "type": "Feature",
      "geometry": {
        "type": "Point",
        "coordinates": [
          82.735675,
          18.816415
        ]
      },
      "properties": {
        "claim_id": "FRA0296",
        "state": "Odisha",
        "district": "Koraput",
        "village": "Village_42",
        "claim_type": "IFR",
        "claimed_area": "4.2",
        "recorded_area": "4.22",
        "processing_days": "34",
        "current_stage": "DLC",
        "documents_complete": "0",
        "land_record_available": "0",
        "overlap_percentage": "33.51",
        "previous_rejections": "2",
        "latitude": 18.816415,
        "longitude": 82.735675,
        "status": "Pending"
      }
    },
    {
      "type": "Feature",
      "geometry": {
        "type": "Point",
        "coordinates": [
          74.108706,
          21.310721
        ]
      },
      "properties": {
        "claim_id": "FRA0297",
        "state": "Maharashtra",
        "district": "Nandurbar",
        "village": "Village_21",
        "claim_type": "IFR",
        "claimed_area": "8.64",
        "recorded_area": "7.61",
        "processing_days": "69",
        "current_stage": "Title Issued",
        "documents_complete": "0",
        "land_record_available": "0",
        "overlap_percentage": "88.11",
        "previous_rejections": "1",
        "latitude": 21.310721,
        "longitude": 74.108706,
        "status": "Approved"
      }
    },
    {
      "type": "Feature",
      "geometry": {
        "type": "Point",
        "coordinates": [
          85.225199,
          23.217655
        ]
      },
      "properties": {
        "claim_id": "FRA0298",
        "state": "Jharkhand",
        "district": "Ranchi",
        "village": "Village_26",
        "claim_type": "CR",
        "claimed_area": "2.72",
        "recorded_area": "2.67",
        "processing_days": "167",
        "current_stage": "SDLC",
        "documents_complete": "1",
        "land_record_available": "1",
        "overlap_percentage": "21.83",
        "previous_rejections": "1",
        "latitude": 23.217655,
        "longitude": 85.225199,
        "status": "Approved"
      }
    },
    {
      "type": "Feature",
      "geometry": {
        "type": "Point",
        "coordinates": [
          80.307394,
          22.727933
        ]
      },
      "properties": {
        "claim_id": "FRA0299",
        "state": "Madhya Pradesh",
        "district": "Mandla",
        "village": "Village_73",
        "claim_type": "CFR",
        "claimed_area": "7.92",
        "recorded_area": "7.44",
        "processing_days": "43",
        "current_stage": "Title Issued",
        "documents_complete": "1",
        "land_record_available": "1",
        "overlap_percentage": "65.83",
        "previous_rejections": "1",
        "latitude": 22.727933,
        "longitude": 80.307394,
        "status": "Rejected"
      }
    },
    {
      "type": "Feature",
      "geometry": {
        "type": "Point",
        "coordinates": [
          79.949249,
          20.316706
        ]
      },
      "properties": {
        "claim_id": "FRA0300",
        "state": "Maharashtra",
        "district": "Gadchiroli",
        "village": "Village_53",
        "claim_type": "CFR",
        "claimed_area": "5.51",
        "recorded_area": "4.81",
        "processing_days": "66",
        "current_stage": "DLC",
        "documents_complete": "0",
        "land_record_available": "0",
        "overlap_percentage": "17.99",
        "previous_rejections": "2",
        "latitude": 20.316706,
        "longitude": 79.949249,
        "status": "Pending"
      }
    },
    {
      "type": "Feature",
      "geometry": {
        "type": "Point",
        "coordinates": [
          82.831606,
          18.821542
        ]
      },
      "properties": {
        "claim_id": "FRA0301",
        "state": "Odisha",
        "district": "Koraput",
        "village": "Village_32",
        "claim_type": "CR",
        "claimed_area": "2.32",
        "recorded_area": "2.43",
        "processing_days": "83",
        "current_stage": "Gram Sabha",
        "documents_complete": "0",
        "land_record_available": "1",
        "overlap_percentage": "57.41",
        "previous_rejections": "3",
        "latitude": 18.821542,
        "longitude": 82.831606,
        "status": "Pending"
      }
    },
    {
      "type": "Feature",
      "geometry": {
        "type": "Point",
        "coordinates": [
          82.695593,
          18.837648
        ]
      },
      "properties": {
        "claim_id": "FRA0302",
        "state": "Odisha",
        "district": "Koraput",
        "village": "Village_73",
        "claim_type": "CR",
        "claimed_area": "1.4",
        "recorded_area": "1.22",
        "processing_days": "109",
        "current_stage": "SDLC",
        "documents_complete": "0",
        "land_record_available": "1",
        "overlap_percentage": "2.38",
        "previous_rejections": "1",
        "latitude": 18.837648,
        "longitude": 82.695593,
        "status": "Approved"
      }
    },
    {
      "type": "Feature",
      "geometry": {
        "type": "Point",
        "coordinates": [
          83.069465,
          22.856298
        ]
      },
      "properties": {
        "claim_id": "FRA0303",
        "state": "Chhattisgarh",
        "district": "Surguja",
        "village": "Village_46",
        "claim_type": "CFR",
        "claimed_area": "3.95",
        "recorded_area": "3.86",
        "processing_days": "133",
        "current_stage": "DLC",
        "documents_complete": "1",
        "land_record_available": "0",
        "overlap_percentage": "20.33",
        "previous_rejections": "0",
        "latitude": 22.856298,
        "longitude": 83.069465,
        "status": "Approved"
      }
    },
    {
      "type": "Feature",
      "geometry": {
        "type": "Point",
        "coordinates": [
          85.401064,
          23.387409
        ]
      },
      "properties": {
        "claim_id": "FRA0304",
        "state": "Jharkhand",
        "district": "Ranchi",
        "village": "Village_89",
        "claim_type": "IFR",
        "claimed_area": "9.89",
        "recorded_area": "8.7",
        "processing_days": "57",
        "current_stage": "Gram Sabha",
        "documents_complete": "0",
        "land_record_available": "0",
        "overlap_percentage": "41.21",
        "previous_rejections": "3",
        "latitude": 23.387409,
        "longitude": 85.401064,
        "status": "Rejected"
      }
    },
    {
      "type": "Feature",
      "geometry": {
        "type": "Point",
        "coordinates": [
          79.965229,
          20.203296
        ]
      },
      "properties": {
        "claim_id": "FRA0305",
        "state": "Maharashtra",
        "district": "Gadchiroli",
        "village": "Village_34",
        "claim_type": "CR",
        "claimed_area": "3.44",
        "recorded_area": "3.43",
        "processing_days": "74",
        "current_stage": "DLC",
        "documents_complete": "0",
        "land_record_available": "0",
        "overlap_percentage": "4.93",
        "previous_rejections": "3",
        "latitude": 20.203296,
        "longitude": 79.965229,
        "status": "Pending"
      }
    },
    {
      "type": "Feature",
      "geometry": {
        "type": "Point",
        "coordinates": [
          83.268028,
          22.871642
        ]
      },
      "properties": {
        "claim_id": "FRA0306",
        "state": "Chhattisgarh",
        "district": "Surguja",
        "village": "Village_2",
        "claim_type": "CFR",
        "claimed_area": "8.32",
        "recorded_area": "7.1",
        "processing_days": "144",
        "current_stage": "SDLC",
        "documents_complete": "0",
        "land_record_available": "0",
        "overlap_percentage": "41.55",
        "previous_rejections": "2",
        "latitude": 22.871642,
        "longitude": 83.268028,
        "status": "Approved"
      }
    },
    {
      "type": "Feature",
      "geometry": {
        "type": "Point",
        "coordinates": [
          81.879075,
          19.026319
        ]
      },
      "properties": {
        "claim_id": "FRA0307",
        "state": "Chhattisgarh",
        "district": "Bastar",
        "village": "Village_40",
        "claim_type": "CR",
        "claimed_area": "4.77",
        "recorded_area": "4.23",
        "processing_days": "149",
        "current_stage": "Title Issued",
        "documents_complete": "0",
        "land_record_available": "1",
        "overlap_percentage": "59.23",
        "previous_rejections": "0",
        "latitude": 19.026319,
        "longitude": 81.879075,
        "status": "Approved"
      }
    },
    {
      "type": "Feature",
      "geometry": {
        "type": "Point",
        "coordinates": [
          86.68112,
          21.929763
        ]
      },
      "properties": {
        "claim_id": "FRA0308",
        "state": "Odisha",
        "district": "Mayurbhanj",
        "village": "Village_11",
        "claim_type": "IFR",
        "claimed_area": "7.06",
        "recorded_area": "6.02",
        "processing_days": "136",
        "current_stage": "Gram Sabha",
        "documents_complete": "1",
        "land_record_available": "1",
        "overlap_percentage": "63.52",
        "previous_rejections": "3",
        "latitude": 21.929763,
        "longitude": 86.68112,
        "status": "Pending"
      }
    },
    {
      "type": "Feature",
      "geometry": {
        "type": "Point",
        "coordinates": [
          84.399158,
          23.045632
        ]
      },
      "properties": {
        "claim_id": "FRA0309",
        "state": "Jharkhand",
        "district": "Gumla",
        "village": "Village_8",
        "claim_type": "CR",
        "claimed_area": "5.14",
        "recorded_area": "4.66",
        "processing_days": "73",
        "current_stage": "DLC",
        "documents_complete": "1",
        "land_record_available": "1",
        "overlap_percentage": "79.51",
        "previous_rejections": "0",
        "latitude": 23.045632,
        "longitude": 84.399158,
        "status": "Approved"
      }
    },
    {
      "type": "Feature",
      "geometry": {
        "type": "Point",
        "coordinates": [
          82.600716,
          18.749861
        ]
      },
      "properties": {
        "claim_id": "FRA0310",
        "state": "Odisha",
        "district": "Koraput",
        "village": "Village_25",
        "claim_type": "CR",
        "claimed_area": "4.1",
        "recorded_area": "3.84",
        "processing_days": "77",
        "current_stage": "Title Issued",
        "documents_complete": "0",
        "land_record_available": "0",
        "overlap_percentage": "76.95",
        "previous_rejections": "0",
        "latitude": 18.749861,
        "longitude": 82.600716,
        "status": "Pending"
      }
    },
    {
      "type": "Feature",
      "geometry": {
        "type": "Point",
        "coordinates": [
          73.805273,
          19.873956
        ]
      },
      "properties": {
        "claim_id": "FRA0311",
        "state": "Maharashtra",
        "district": "Nashik",
        "village": "Village_44",
        "claim_type": "CFR",
        "claimed_area": "8.03",
        "recorded_area": "8.2",
        "processing_days": "48",
        "current_stage": "DLC",
        "documents_complete": "0",
        "land_record_available": "1",
        "overlap_percentage": "71.98",
        "previous_rejections": "0",
        "latitude": 19.873956,
        "longitude": 73.805273,
        "status": "Pending"
      }
    },
    {
      "type": "Feature",
      "geometry": {
        "type": "Point",
        "coordinates": [
          85.627438,
          21.547107
        ]
      },
      "properties": {
        "claim_id": "FRA0312",
        "state": "Odisha",
        "district": "Keonjhar",
        "village": "Village_41",
        "claim_type": "CFR",
        "claimed_area": "6.18",
        "recorded_area": "6.32",
        "processing_days": "62",
        "current_stage": "Title Issued",
        "documents_complete": "1",
        "land_record_available": "1",
        "overlap_percentage": "62.39",
        "previous_rejections": "2",
        "latitude": 21.547107,
        "longitude": 85.627438,
        "status": "Approved"
      }
    },
    {
      "type": "Feature",
      "geometry": {
        "type": "Point",
        "coordinates": [
          85.426433,
          23.382818
        ]
      },
      "properties": {
        "claim_id": "FRA0313",
        "state": "Jharkhand",
        "district": "Ranchi",
        "village": "Village_56",
        "claim_type": "CR",
        "claimed_area": "5.85",
        "recorded_area": "6.1",
        "processing_days": "122",
        "current_stage": "Title Issued",
        "documents_complete": "1",
        "land_record_available": "0",
        "overlap_percentage": "85.08",
        "previous_rejections": "0",
        "latitude": 23.382818,
        "longitude": 85.426433,
        "status": "Approved"
      }
    },
    {
      "type": "Feature",
      "geometry": {
        "type": "Point",
        "coordinates": [
          80.308777,
          21.802919
        ]
      },
      "properties": {
        "claim_id": "FRA0314",
        "state": "Madhya Pradesh",
        "district": "Balaghat",
        "village": "Village_1",
        "claim_type": "CFR",
        "claimed_area": "1.98",
        "recorded_area": "1.82",
        "processing_days": "98",
        "current_stage": "SDLC",
        "documents_complete": "1",
        "land_record_available": "1",
        "overlap_percentage": "38.03",
        "previous_rejections": "2",
        "latitude": 21.802919,
        "longitude": 80.308777,
        "status": "Rejected"
      }
    },
    {
      "type": "Feature",
      "geometry": {
        "type": "Point",
        "coordinates": [
          82.039697,
          19.08351
        ]
      },
      "properties": {
        "claim_id": "FRA0315",
        "state": "Chhattisgarh",
        "district": "Bastar",
        "village": "Village_51",
        "claim_type": "CFR",
        "claimed_area": "2.98",
        "recorded_area": "2.55",
        "processing_days": "113",
        "current_stage": "SDLC",
        "documents_complete": "0",
        "land_record_available": "0",
        "overlap_percentage": "37.32",
        "previous_rejections": "1",
        "latitude": 19.08351,
        "longitude": 82.039697,
        "status": "Pending"
      }
    },
    {
      "type": "Feature",
      "geometry": {
        "type": "Point",
        "coordinates": [
          84.639067,
          23.132693
        ]
      },
      "properties": {
        "claim_id": "FRA0316",
        "state": "Jharkhand",
        "district": "Gumla",
        "village": "Village_55",
        "claim_type": "IFR",
        "claimed_area": "9.18",
        "recorded_area": "9.54",
        "processing_days": "147",
        "current_stage": "DLC",
        "documents_complete": "1",
        "land_record_available": "1",
        "overlap_percentage": "62.89",
        "previous_rejections": "3",
        "latitude": 23.132693,
        "longitude": 84.639067,
        "status": "Approved"
      }
    },
    {
      "type": "Feature",
      "geometry": {
        "type": "Point",
        "coordinates": [
          80.235955,
          21.911161
        ]
      },
      "properties": {
        "claim_id": "FRA0317",
        "state": "Madhya Pradesh",
        "district": "Balaghat",
        "village": "Village_9",
        "claim_type": "CFR",
        "claimed_area": "5.53",
        "recorded_area": "4.96",
        "processing_days": "155",
        "current_stage": "Gram Sabha",
        "documents_complete": "0",
        "land_record_available": "1",
        "overlap_percentage": "48.97",
        "previous_rejections": "3",
        "latitude": 21.911161,
        "longitude": 80.235955,
        "status": "Pending"
      }
    },
    {
      "type": "Feature",
      "geometry": {
        "type": "Point",
        "coordinates": [
          80.140377,
          21.807289
        ]
      },
      "properties": {
        "claim_id": "FRA0318",
        "state": "Madhya Pradesh",
        "district": "Balaghat",
        "village": "Village_84",
        "claim_type": "IFR",
        "claimed_area": "2.21",
        "recorded_area": "2.23",
        "processing_days": "37",
        "current_stage": "Gram Sabha",
        "documents_complete": "0",
        "land_record_available": "1",
        "overlap_percentage": "76.55",
        "previous_rejections": "2",
        "latitude": 21.807289,
        "longitude": 80.140377,
        "status": "Approved"
      }
    },
    {
      "type": "Feature",
      "geometry": {
        "type": "Point",
        "coordinates": [
          81.037871,
          22.913329
        ]
      },
      "properties": {
        "claim_id": "FRA0319",
        "state": "Madhya Pradesh",
        "district": "Dindori",
        "village": "Village_98",
        "claim_type": "CR",
        "claimed_area": "5.27",
        "recorded_area": "4.71",
        "processing_days": "137",
        "current_stage": "DLC",
        "documents_complete": "0",
        "land_record_available": "0",
        "overlap_percentage": "34.7",
        "previous_rejections": "0",
        "latitude": 22.913329,
        "longitude": 81.037871,
        "status": "Pending"
      }
    },
    {
      "type": "Feature",
      "geometry": {
        "type": "Point",
        "coordinates": [
          80.077646,
          21.680437
        ]
      },
      "properties": {
        "claim_id": "FRA0320",
        "state": "Madhya Pradesh",
        "district": "Balaghat",
        "village": "Village_39",
        "claim_type": "CR",
        "claimed_area": "1.31",
        "recorded_area": "1.36",
        "processing_days": "155",
        "current_stage": "Title Issued",
        "documents_complete": "1",
        "land_record_available": "1",
        "overlap_percentage": "78.7",
        "previous_rejections": "0",
        "latitude": 21.680437,
        "longitude": 80.077646,
        "status": "Rejected"
      }
    },
    {
      "type": "Feature",
      "geometry": {
        "type": "Point",
        "coordinates": [
          80.142659,
          20.187381
        ]
      },
      "properties": {
        "claim_id": "FRA0321",
        "state": "Maharashtra",
        "district": "Gadchiroli",
        "village": "Village_80",
        "claim_type": "CFR",
        "claimed_area": "5.28",
        "recorded_area": "4.72",
        "processing_days": "40",
        "current_stage": "Title Issued",
        "documents_complete": "0",
        "land_record_available": "0",
        "overlap_percentage": "28.24",
        "previous_rejections": "0",
        "latitude": 20.187381,
        "longitude": 80.142659,
        "status": "Approved"
      }
    },
    {
      "type": "Feature",
      "geometry": {
        "type": "Point",
        "coordinates": [
          84.595041,
          22.713447
        ]
      },
      "properties": {
        "claim_id": "FRA0322",
        "state": "Jharkhand",
        "district": "Simdega",
        "village": "Village_95",
        "claim_type": "CR",
        "claimed_area": "9.96",
        "recorded_area": "10.02",
        "processing_days": "98",
        "current_stage": "Title Issued",
        "documents_complete": "1",
        "land_record_available": "0",
        "overlap_percentage": "56.31",
        "previous_rejections": "2",
        "latitude": 22.713447,
        "longitude": 84.595041,
        "status": "Approved"
      }
    },
    {
      "type": "Feature",
      "geometry": {
        "type": "Point",
        "coordinates": [
          82.007674,
          19.022854
        ]
      },
      "properties": {
        "claim_id": "FRA0323",
        "state": "Chhattisgarh",
        "district": "Bastar",
        "village": "Village_27",
        "claim_type": "CR",
        "claimed_area": "1.74",
        "recorded_area": "1.66",
        "processing_days": "126",
        "current_stage": "DLC",
        "documents_complete": "0",
        "land_record_available": "0",
        "overlap_percentage": "89.43",
        "previous_rejections": "1",
        "latitude": 19.022854,
        "longitude": 82.007674,
        "status": "Approved"
      }
    },
    {
      "type": "Feature",
      "geometry": {
        "type": "Point",
        "coordinates": [
          86.824143,
          21.857568
        ]
      },
      "properties": {
        "claim_id": "FRA0324",
        "state": "Odisha",
        "district": "Mayurbhanj",
        "village": "Village_82",
        "claim_type": "CR",
        "claimed_area": "9.17",
        "recorded_area": "8.22",
        "processing_days": "137",
        "current_stage": "Title Issued",
        "documents_complete": "0",
        "land_record_available": "1",
        "overlap_percentage": "88.35",
        "previous_rejections": "2",
        "latitude": 21.857568,
        "longitude": 86.824143,
        "status": "Pending"
      }
    },
    {
      "type": "Feature",
      "geometry": {
        "type": "Point",
        "coordinates": [
          83.072393,
          22.901482
        ]
      },
      "properties": {
        "claim_id": "FRA0325",
        "state": "Chhattisgarh",
        "district": "Surguja",
        "village": "Village_99",
        "claim_type": "CFR",
        "claimed_area": "2.76",
        "recorded_area": "2.46",
        "processing_days": "144",
        "current_stage": "Gram Sabha",
        "documents_complete": "1",
        "land_record_available": "0",
        "overlap_percentage": "47.1",
        "previous_rejections": "0",
        "latitude": 22.901482,
        "longitude": 83.072393,
        "status": "Approved"
      }
    },
    {
      "type": "Feature",
      "geometry": {
        "type": "Point",
        "coordinates": [
          84.427809,
          23.075222
        ]
      },
      "properties": {
        "claim_id": "FRA0326",
        "state": "Jharkhand",
        "district": "Gumla",
        "village": "Village_97",
        "claim_type": "IFR",
        "claimed_area": "9.66",
        "recorded_area": "9.13",
        "processing_days": "136",
        "current_stage": "Title Issued",
        "documents_complete": "0",
        "land_record_available": "1",
        "overlap_percentage": "30.57",
        "previous_rejections": "0",
        "latitude": 23.075222,
        "longitude": 84.427809,
        "status": "Approved"
      }
    },
    {
      "type": "Feature",
      "geometry": {
        "type": "Point",
        "coordinates": [
          81.531822,
          20.313738
        ]
      },
      "properties": {
        "claim_id": "FRA0327",
        "state": "Chhattisgarh",
        "district": "Kanker",
        "village": "Village_14",
        "claim_type": "IFR",
        "claimed_area": "9.81",
        "recorded_area": "9.32",
        "processing_days": "29",
        "current_stage": "Title Issued",
        "documents_complete": "0",
        "land_record_available": "1",
        "overlap_percentage": "6.24",
        "previous_rejections": "1",
        "latitude": 20.313738,
        "longitude": 81.531822,
        "status": "Rejected"
      }
    },
    {
      "type": "Feature",
      "geometry": {
        "type": "Point",
        "coordinates": [
          80.243841,
          22.463562
        ]
      },
      "properties": {
        "claim_id": "FRA0328",
        "state": "Madhya Pradesh",
        "district": "Mandla",
        "village": "Village_14",
        "claim_type": "CR",
        "claimed_area": "7.44",
        "recorded_area": "6.67",
        "processing_days": "76",
        "current_stage": "SDLC",
        "documents_complete": "1",
        "land_record_available": "0",
        "overlap_percentage": "84.76",
        "previous_rejections": "3",
        "latitude": 22.463562,
        "longitude": 80.243841,
        "status": "Pending"
      }
    },
    {
      "type": "Feature",
      "geometry": {
        "type": "Point",
        "coordinates": [
          85.548989,
          21.653388
        ]
      },
      "properties": {
        "claim_id": "FRA0329",
        "state": "Odisha",
        "district": "Keonjhar",
        "village": "Village_60",
        "claim_type": "IFR",
        "claimed_area": "5.68",
        "recorded_area": "5.51",
        "processing_days": "25",
        "current_stage": "Gram Sabha",
        "documents_complete": "1",
        "land_record_available": "1",
        "overlap_percentage": "0.71",
        "previous_rejections": "0",
        "latitude": 21.653388,
        "longitude": 85.548989,
        "status": "Rejected"
      }
    },
    {
      "type": "Feature",
      "geometry": {
        "type": "Point",
        "coordinates": [
          73.648245,
          20.017556
        ]
      },
      "properties": {
        "claim_id": "FRA0330",
        "state": "Maharashtra",
        "district": "Nashik",
        "village": "Village_47",
        "claim_type": "CFR",
        "claimed_area": "6.9",
        "recorded_area": "6.93",
        "processing_days": "101",
        "current_stage": "SDLC",
        "documents_complete": "1",
        "land_record_available": "0",
        "overlap_percentage": "63.76",
        "previous_rejections": "2",
        "latitude": 20.017556,
        "longitude": 73.648245,
        "status": "Rejected"
      }
    },
    {
      "type": "Feature",
      "geometry": {
        "type": "Point",
        "coordinates": [
          84.422626,
          22.700707
        ]
      },
      "properties": {
        "claim_id": "FRA0331",
        "state": "Jharkhand",
        "district": "Simdega",
        "village": "Village_23",
        "claim_type": "CR",
        "claimed_area": "5.67",
        "recorded_area": "5.34",
        "processing_days": "110",
        "current_stage": "Gram Sabha",
        "documents_complete": "1",
        "land_record_available": "0",
        "overlap_percentage": "34.77",
        "previous_rejections": "0",
        "latitude": 22.700707,
        "longitude": 84.422626,
        "status": "Approved"
      }
    },
    {
      "type": "Feature",
      "geometry": {
        "type": "Point",
        "coordinates": [
          80.234894,
          22.457294
        ]
      },
      "properties": {
        "claim_id": "FRA0332",
        "state": "Madhya Pradesh",
        "district": "Mandla",
        "village": "Village_82",
        "claim_type": "CFR",
        "claimed_area": "6.65",
        "recorded_area": "6.28",
        "processing_days": "48",
        "current_stage": "Gram Sabha",
        "documents_complete": "0",
        "land_record_available": "1",
        "overlap_percentage": "19.32",
        "previous_rejections": "2",
        "latitude": 22.457294,
        "longitude": 80.234894,
        "status": "Approved"
      }
    },
    {
      "type": "Feature",
      "geometry": {
        "type": "Point",
        "coordinates": [
          80.114751,
          21.816147
        ]
      },
      "properties": {
        "claim_id": "FRA0333",
        "state": "Madhya Pradesh",
        "district": "Balaghat",
        "village": "Village_70",
        "claim_type": "CFR",
        "claimed_area": "9.64",
        "recorded_area": "8.72",
        "processing_days": "26",
        "current_stage": "SDLC",
        "documents_complete": "1",
        "land_record_available": "0",
        "overlap_percentage": "39.03",
        "previous_rejections": "1",
        "latitude": 21.816147,
        "longitude": 80.114751,
        "status": "Approved"
      }
    },
    {
      "type": "Feature",
      "geometry": {
        "type": "Point",
        "coordinates": [
          81.967965,
          19.037452
        ]
      },
      "properties": {
        "claim_id": "FRA0334",
        "state": "Chhattisgarh",
        "district": "Bastar",
        "village": "Village_30",
        "claim_type": "IFR",
        "claimed_area": "1.32",
        "recorded_area": "1.36",
        "processing_days": "73",
        "current_stage": "SDLC",
        "documents_complete": "1",
        "land_record_available": "0",
        "overlap_percentage": "75.79",
        "previous_rejections": "2",
        "latitude": 19.037452,
        "longitude": 81.967965,
        "status": "Pending"
      }
    },
    {
      "type": "Feature",
      "geometry": {
        "type": "Point",
        "coordinates": [
          85.357221,
          23.366365
        ]
      },
      "properties": {
        "claim_id": "FRA0335",
        "state": "Jharkhand",
        "district": "Ranchi",
        "village": "Village_43",
        "claim_type": "IFR",
        "claimed_area": "2.81",
        "recorded_area": "2.8",
        "processing_days": "52",
        "current_stage": "Title Issued",
        "documents_complete": "0",
        "land_record_available": "1",
        "overlap_percentage": "7.03",
        "previous_rejections": "3",
        "latitude": 23.366365,
        "longitude": 85.357221,
        "status": "Approved"
      }
    },
    {
      "type": "Feature",
      "geometry": {
        "type": "Point",
        "coordinates": [
          73.837564,
          20.103432
        ]
      },
      "properties": {
        "claim_id": "FRA0336",
        "state": "Maharashtra",
        "district": "Nashik",
        "village": "Village_81",
        "claim_type": "CFR",
        "claimed_area": "5.72",
        "recorded_area": "5.38",
        "processing_days": "169",
        "current_stage": "SDLC",
        "documents_complete": "0",
        "land_record_available": "1",
        "overlap_percentage": "66.03",
        "previous_rejections": "1",
        "latitude": 20.103432,
        "longitude": 73.837564,
        "status": "Rejected"
      }
    },
    {
      "type": "Feature",
      "geometry": {
        "type": "Point",
        "coordinates": [
          83.111097,
          22.890485
        ]
      },
      "properties": {
        "claim_id": "FRA0337",
        "state": "Chhattisgarh",
        "district": "Surguja",
        "village": "Village_41",
        "claim_type": "CR",
        "claimed_area": "9.43",
        "recorded_area": "9.69",
        "processing_days": "28",
        "current_stage": "Gram Sabha",
        "documents_complete": "1",
        "land_record_available": "0",
        "overlap_percentage": "14.12",
        "previous_rejections": "0",
        "latitude": 22.890485,
        "longitude": 83.111097,
        "status": "Pending"
      }
    },
    {
      "type": "Feature",
      "geometry": {
        "type": "Point",
        "coordinates": [
          80.431232,
          22.69665
        ]
      },
      "properties": {
        "claim_id": "FRA0338",
        "state": "Madhya Pradesh",
        "district": "Mandla",
        "village": "Village_98",
        "claim_type": "CFR",
        "claimed_area": "7.73",
        "recorded_area": "7.15",
        "processing_days": "84",
        "current_stage": "Title Issued",
        "documents_complete": "0",
        "land_record_available": "0",
        "overlap_percentage": "73.68",
        "previous_rejections": "3",
        "latitude": 22.69665,
        "longitude": 80.431232,
        "status": "Rejected"
      }
    },
    {
      "type": "Feature",
      "geometry": {
        "type": "Point",
        "coordinates": [
          73.818536,
          19.901417
        ]
      },
      "properties": {
        "claim_id": "FRA0339",
        "state": "Maharashtra",
        "district": "Nashik",
        "village": "Village_95",
        "claim_type": "CFR",
        "claimed_area": "5.29",
        "recorded_area": "5.49",
        "processing_days": "57",
        "current_stage": "Gram Sabha",
        "documents_complete": "0",
        "land_record_available": "0",
        "overlap_percentage": "1.38",
        "previous_rejections": "1",
        "latitude": 19.901417,
        "longitude": 73.818536,
        "status": "Approved"
      }
    },
    {
      "type": "Feature",
      "geometry": {
        "type": "Point",
        "coordinates": [
          81.853407,
          19.095042
        ]
      },
      "properties": {
        "claim_id": "FRA0340",
        "state": "Chhattisgarh",
        "district": "Bastar",
        "village": "Village_74",
        "claim_type": "CFR",
        "claimed_area": "3.33",
        "recorded_area": "3.23",
        "processing_days": "180",
        "current_stage": "DLC",
        "documents_complete": "1",
        "land_record_available": "0",
        "overlap_percentage": "7.03",
        "previous_rejections": "3",
        "latitude": 19.095042,
        "longitude": 81.853407,
        "status": "Rejected"
      }
    },
    {
      "type": "Feature",
      "geometry": {
        "type": "Point",
        "coordinates": [
          81.856607,
          19.065585
        ]
      },
      "properties": {
        "claim_id": "FRA0341",
        "state": "Chhattisgarh",
        "district": "Bastar",
        "village": "Village_87",
        "claim_type": "CR",
        "claimed_area": "8.49",
        "recorded_area": "7.62",
        "processing_days": "129",
        "current_stage": "SDLC",
        "documents_complete": "0",
        "land_record_available": "0",
        "overlap_percentage": "30.05",
        "previous_rejections": "3",
        "latitude": 19.065585,
        "longitude": 81.856607,
        "status": "Pending"
      }
    },
    {
      "type": "Feature",
      "geometry": {
        "type": "Point",
        "coordinates": [
          85.327965,
          23.46723
        ]
      },
      "properties": {
        "claim_id": "FRA0342",
        "state": "Jharkhand",
        "district": "Ranchi",
        "village": "Village_35",
        "claim_type": "IFR",
        "claimed_area": "7.85",
        "recorded_area": "7.65",
        "processing_days": "47",
        "current_stage": "DLC",
        "documents_complete": "0",
        "land_record_available": "1",
        "overlap_percentage": "15.6",
        "previous_rejections": "0",
        "latitude": 23.46723,
        "longitude": 85.327965,
        "status": "Pending"
      }
    },
    {
      "type": "Feature",
      "geometry": {
        "type": "Point",
        "coordinates": [
          74.368681,
          21.373248
        ]
      },
      "properties": {
        "claim_id": "FRA0343",
        "state": "Maharashtra",
        "district": "Nandurbar",
        "village": "Village_73",
        "claim_type": "CR",
        "claimed_area": "5.02",
        "recorded_area": "4.88",
        "processing_days": "164",
        "current_stage": "DLC",
        "documents_complete": "1",
        "land_record_available": "1",
        "overlap_percentage": "82.76",
        "previous_rejections": "0",
        "latitude": 21.373248,
        "longitude": 74.368681,
        "status": "Approved"
      }
    },
    {
      "type": "Feature",
      "geometry": {
        "type": "Point",
        "coordinates": [
          83.230467,
          23.036101
        ]
      },
      "properties": {
        "claim_id": "FRA0344",
        "state": "Chhattisgarh",
        "district": "Surguja",
        "village": "Village_72",
        "claim_type": "CR",
        "claimed_area": "6.69",
        "recorded_area": "6.6",
        "processing_days": "25",
        "current_stage": "Gram Sabha",
        "documents_complete": "0",
        "land_record_available": "0",
        "overlap_percentage": "42.64",
        "previous_rejections": "2",
        "latitude": 23.036101,
        "longitude": 83.230467,
        "status": "Pending"
      }
    },
    {
      "type": "Feature",
      "geometry": {
        "type": "Point",
        "coordinates": [
          85.208261,
          23.264512
        ]
      },
      "properties": {
        "claim_id": "FRA0345",
        "state": "Jharkhand",
        "district": "Ranchi",
        "village": "Village_15",
        "claim_type": "CFR",
        "claimed_area": "5.39",
        "recorded_area": "4.91",
        "processing_days": "149",
        "current_stage": "Gram Sabha",
        "documents_complete": "0",
        "land_record_available": "1",
        "overlap_percentage": "66.82",
        "previous_rejections": "0",
        "latitude": 23.264512,
        "longitude": 85.208261,
        "status": "Rejected"
      }
    },
    {
      "type": "Feature",
      "geometry": {
        "type": "Point",
        "coordinates": [
          83.155343,
          22.790266
        ]
      },
      "properties": {
        "claim_id": "FRA0346",
        "state": "Chhattisgarh",
        "district": "Surguja",
        "village": "Village_23",
        "claim_type": "IFR",
        "claimed_area": "9.0",
        "recorded_area": "8.45",
        "processing_days": "86",
        "current_stage": "Gram Sabha",
        "documents_complete": "0",
        "land_record_available": "1",
        "overlap_percentage": "88.04",
        "previous_rejections": "0",
        "latitude": 22.790266,
        "longitude": 83.155343,
        "status": "Rejected"
      }
    },
    {
      "type": "Feature",
      "geometry": {
        "type": "Point",
        "coordinates": [
          84.670392,
          23.012522
        ]
      },
      "properties": {
        "claim_id": "FRA0347",
        "state": "Jharkhand",
        "district": "Gumla",
        "village": "Village_34",
        "claim_type": "CFR",
        "claimed_area": "1.91",
        "recorded_area": "1.95",
        "processing_days": "41",
        "current_stage": "Gram Sabha",
        "documents_complete": "0",
        "land_record_available": "0",
        "overlap_percentage": "57.37",
        "previous_rejections": "2",
        "latitude": 23.012522,
        "longitude": 84.670392,
        "status": "Rejected"
      }
    },
    {
      "type": "Feature",
      "geometry": {
        "type": "Point",
        "coordinates": [
          84.400691,
          22.695112
        ]
      },
      "properties": {
        "claim_id": "FRA0348",
        "state": "Jharkhand",
        "district": "Simdega",
        "village": "Village_50",
        "claim_type": "CFR",
        "claimed_area": "9.43",
        "recorded_area": "8.4",
        "processing_days": "26",
        "current_stage": "Title Issued",
        "documents_complete": "0",
        "land_record_available": "0",
        "overlap_percentage": "31.42",
        "previous_rejections": "1",
        "latitude": 22.695112,
        "longitude": 84.400691,
        "status": "Pending"
      }
    },
    {
      "type": "Feature",
      "geometry": {
        "type": "Point",
        "coordinates": [
          85.30723,
          23.312957
        ]
      },
      "properties": {
        "claim_id": "FRA0349",
        "state": "Jharkhand",
        "district": "Ranchi",
        "village": "Village_29",
        "claim_type": "CR",
        "claimed_area": "4.71",
        "recorded_area": "4.4",
        "processing_days": "151",
        "current_stage": "DLC",
        "documents_complete": "1",
        "land_record_available": "1",
        "overlap_percentage": "54.97",
        "previous_rejections": "3",
        "latitude": 23.312957,
        "longitude": 85.30723,
        "status": "Pending"
      }
    },
    {
      "type": "Feature",
      "geometry": {
        "type": "Point",
        "coordinates": [
          81.904624,
          19.168069
        ]
      },
      "properties": {
        "claim_id": "FRA0350",
        "state": "Chhattisgarh",
        "district": "Bastar",
        "village": "Village_94",
        "claim_type": "CFR",
        "claimed_area": "4.57",
        "recorded_area": "4.1",
        "processing_days": "107",
        "current_stage": "DLC",
        "documents_complete": "1",
        "land_record_available": "1",
        "overlap_percentage": "41.81",
        "previous_rejections": "0",
        "latitude": 19.168069,
        "longitude": 81.904624,
        "status": "Approved"
      }
    },
    {
      "type": "Feature",
      "geometry": {
        "type": "Point",
        "coordinates": [
          81.814232,
          19.180286
        ]
      },
      "properties": {
        "claim_id": "FRA0351",
        "state": "Chhattisgarh",
        "district": "Bastar",
        "village": "Village_56",
        "claim_type": "CR",
        "claimed_area": "3.86",
        "recorded_area": "3.67",
        "processing_days": "180",
        "current_stage": "DLC",
        "documents_complete": "0",
        "land_record_available": "1",
        "overlap_percentage": "2.5",
        "previous_rejections": "2",
        "latitude": 19.180286,
        "longitude": 81.814232,
        "status": "Pending"
      }
    },
    {
      "type": "Feature",
      "geometry": {
        "type": "Point",
        "coordinates": [
          82.644653,
          18.842857
        ]
      },
      "properties": {
        "claim_id": "FRA0352",
        "state": "Odisha",
        "district": "Koraput",
        "village": "Village_96",
        "claim_type": "CFR",
        "claimed_area": "3.28",
        "recorded_area": "3.3",
        "processing_days": "50",
        "current_stage": "SDLC",
        "documents_complete": "1",
        "land_record_available": "0",
        "overlap_percentage": "41.53",
        "previous_rejections": "0",
        "latitude": 18.842857,
        "longitude": 82.644653,
        "status": "Approved"
      }
    },
    {
      "type": "Feature",
      "geometry": {
        "type": "Point",
        "coordinates": [
          81.340063,
          20.136984
        ]
      },
      "properties": {
        "claim_id": "FRA0353",
        "state": "Chhattisgarh",
        "district": "Kanker",
        "village": "Village_14",
        "claim_type": "IFR",
        "claimed_area": "8.68",
        "recorded_area": "8.46",
        "processing_days": "21",
        "current_stage": "SDLC",
        "documents_complete": "0",
        "land_record_available": "0",
        "overlap_percentage": "80.12",
        "previous_rejections": "0",
        "latitude": 20.136984,
        "longitude": 81.340063,
        "status": "Approved"
      }
    },
    {
      "type": "Feature",
      "geometry": {
        "type": "Point",
        "coordinates": [
          85.727138,
          21.619408
        ]
      },
      "properties": {
        "claim_id": "FRA0354",
        "state": "Odisha",
        "district": "Keonjhar",
        "village": "Village_91",
        "claim_type": "CR",
        "claimed_area": "3.54",
        "recorded_area": "3.63",
        "processing_days": "136",
        "current_stage": "SDLC",
        "documents_complete": "1",
        "land_record_available": "0",
        "overlap_percentage": "59.34",
        "previous_rejections": "2",
        "latitude": 21.619408,
        "longitude": 85.727138,
        "status": "Rejected"
      }
    },
    {
      "type": "Feature",
      "geometry": {
        "type": "Point",
        "coordinates": [
          81.868938,
          19.01649
        ]
      },
      "properties": {
        "claim_id": "FRA0355",
        "state": "Chhattisgarh",
        "district": "Bastar",
        "village": "Village_85",
        "claim_type": "CFR",
        "claimed_area": "5.61",
        "recorded_area": "5.11",
        "processing_days": "57",
        "current_stage": "Gram Sabha",
        "documents_complete": "1",
        "land_record_available": "0",
        "overlap_percentage": "64.73",
        "previous_rejections": "1",
        "latitude": 19.01649,
        "longitude": 81.868938,
        "status": "Approved"
      }
    },
    {
      "type": "Feature",
      "geometry": {
        "type": "Point",
        "coordinates": [
          80.377227,
          22.740577
        ]
      },
      "properties": {
        "claim_id": "FRA0356",
        "state": "Madhya Pradesh",
        "district": "Mandla",
        "village": "Village_94",
        "claim_type": "CFR",
        "claimed_area": "3.17",
        "recorded_area": "2.97",
        "processing_days": "139",
        "current_stage": "Gram Sabha",
        "documents_complete": "1",
        "land_record_available": "1",
        "overlap_percentage": "65.14",
        "previous_rejections": "3",
        "latitude": 22.740577,
        "longitude": 80.377227,
        "status": "Rejected"
      }
    },
    {
      "type": "Feature",
      "geometry": {
        "type": "Point",
        "coordinates": [
          83.065312,
          22.911574
        ]
      },
      "properties": {
        "claim_id": "FRA0357",
        "state": "Chhattisgarh",
        "district": "Surguja",
        "village": "Village_97",
        "claim_type": "CR",
        "claimed_area": "8.17",
        "recorded_area": "7.04",
        "processing_days": "156",
        "current_stage": "Gram Sabha",
        "documents_complete": "1",
        "land_record_available": "1",
        "overlap_percentage": "62.9",
        "previous_rejections": "3",
        "latitude": 22.911574,
        "longitude": 83.065312,
        "status": "Rejected"
      }
    },
    {
      "type": "Feature",
      "geometry": {
        "type": "Point",
        "coordinates": [
          80.25472,
          22.569433
        ]
      },
      "properties": {
        "claim_id": "FRA0358",
        "state": "Madhya Pradesh",
        "district": "Mandla",
        "village": "Village_34",
        "claim_type": "CFR",
        "claimed_area": "8.43",
        "recorded_area": "7.25",
        "processing_days": "105",
        "current_stage": "DLC",
        "documents_complete": "0",
        "land_record_available": "1",
        "overlap_percentage": "33.53",
        "previous_rejections": "3",
        "latitude": 22.569433,
        "longitude": 80.25472,
        "status": "Pending"
      }
    },
    {
      "type": "Feature",
      "geometry": {
        "type": "Point",
        "coordinates": [
          85.666375,
          21.485684
        ]
      },
      "properties": {
        "claim_id": "FRA0359",
        "state": "Odisha",
        "district": "Keonjhar",
        "village": "Village_43",
        "claim_type": "CFR",
        "claimed_area": "5.82",
        "recorded_area": "6.02",
        "processing_days": "81",
        "current_stage": "Gram Sabha",
        "documents_complete": "1",
        "land_record_available": "1",
        "overlap_percentage": "44.45",
        "previous_rejections": "0",
        "latitude": 21.485684,
        "longitude": 85.666375,
        "status": "Approved"
      }
    },
    {
      "type": "Feature",
      "geometry": {
        "type": "Point",
        "coordinates": [
          86.767412,
          21.834859
        ]
      },
      "properties": {
        "claim_id": "FRA0360",
        "state": "Odisha",
        "district": "Mayurbhanj",
        "village": "Village_10",
        "claim_type": "IFR",
        "claimed_area": "6.82",
        "recorded_area": "6.4",
        "processing_days": "165",
        "current_stage": "Gram Sabha",
        "documents_complete": "1",
        "land_record_available": "0",
        "overlap_percentage": "44.99",
        "previous_rejections": "2",
        "latitude": 21.834859,
        "longitude": 86.767412,
        "status": "Approved"
      }
    },
    {
      "type": "Feature",
      "geometry": {
        "type": "Point",
        "coordinates": [
          74.116334,
          21.459136
        ]
      },
      "properties": {
        "claim_id": "FRA0361",
        "state": "Maharashtra",
        "district": "Nandurbar",
        "village": "Village_69",
        "claim_type": "CR",
        "claimed_area": "2.91",
        "recorded_area": "2.87",
        "processing_days": "105",
        "current_stage": "DLC",
        "documents_complete": "1",
        "land_record_available": "1",
        "overlap_percentage": "87.16",
        "previous_rejections": "3",
        "latitude": 21.459136,
        "longitude": 74.116334,
        "status": "Approved"
      }
    },
    {
      "type": "Feature",
      "geometry": {
        "type": "Point",
        "coordinates": [
          85.287988,
          23.253443
        ]
      },
      "properties": {
        "claim_id": "FRA0362",
        "state": "Jharkhand",
        "district": "Ranchi",
        "village": "Village_87",
        "claim_type": "CFR",
        "claimed_area": "4.12",
        "recorded_area": "3.9",
        "processing_days": "116",
        "current_stage": "Title Issued",
        "documents_complete": "0",
        "land_record_available": "1",
        "overlap_percentage": "24.13",
        "previous_rejections": "0",
        "latitude": 23.253443,
        "longitude": 85.287988,
        "status": "Approved"
      }
    },
    {
      "type": "Feature",
      "geometry": {
        "type": "Point",
        "coordinates": [
          79.956735,
          20.111318
        ]
      },
      "properties": {
        "claim_id": "FRA0363",
        "state": "Maharashtra",
        "district": "Gadchiroli",
        "village": "Village_37",
        "claim_type": "CFR",
        "claimed_area": "1.59",
        "recorded_area": "1.52",
        "processing_days": "114",
        "current_stage": "SDLC",
        "documents_complete": "1",
        "land_record_available": "1",
        "overlap_percentage": "7.78",
        "previous_rejections": "3",
        "latitude": 20.111318,
        "longitude": 79.956735,
        "status": "Pending"
      }
    },
    {
      "type": "Feature",
      "geometry": {
        "type": "Point",
        "coordinates": [
          74.091471,
          21.254394
        ]
      },
      "properties": {
        "claim_id": "FRA0364",
        "state": "Maharashtra",
        "district": "Nandurbar",
        "village": "Village_12",
        "claim_type": "CR",
        "claimed_area": "1.51",
        "recorded_area": "1.45",
        "processing_days": "62",
        "current_stage": "Title Issued",
        "documents_complete": "1",
        "land_record_available": "0",
        "overlap_percentage": "31.62",
        "previous_rejections": "3",
        "latitude": 21.254394,
        "longitude": 74.091471,
        "status": "Approved"
      }
    },
    {
      "type": "Feature",
      "geometry": {
        "type": "Point",
        "coordinates": [
          84.373532,
          22.71991
        ]
      },
      "properties": {
        "claim_id": "FRA0365",
        "state": "Jharkhand",
        "district": "Simdega",
        "village": "Village_30",
        "claim_type": "CFR",
        "claimed_area": "4.4",
        "recorded_area": "4.49",
        "processing_days": "38",
        "current_stage": "SDLC",
        "documents_complete": "0",
        "land_record_available": "0",
        "overlap_percentage": "8.61",
        "previous_rejections": "2",
        "latitude": 22.71991,
        "longitude": 84.373532,
        "status": "Approved"
      }
    },
    {
      "type": "Feature",
      "geometry": {
        "type": "Point",
        "coordinates": [
          80.119364,
          21.720644
        ]
      },
      "properties": {
        "claim_id": "FRA0366",
        "state": "Madhya Pradesh",
        "district": "Balaghat",
        "village": "Village_6",
        "claim_type": "IFR",
        "claimed_area": "3.01",
        "recorded_area": "2.69",
        "processing_days": "66",
        "current_stage": "Title Issued",
        "documents_complete": "1",
        "land_record_available": "0",
        "overlap_percentage": "66.23",
        "previous_rejections": "2",
        "latitude": 21.720644,
        "longitude": 80.119364,
        "status": "Approved"
      }
    },
    {
      "type": "Feature",
      "geometry": {
        "type": "Point",
        "coordinates": [
          82.043214,
          19.02445
        ]
      },
      "properties": {
        "claim_id": "FRA0367",
        "state": "Chhattisgarh",
        "district": "Bastar",
        "village": "Village_74",
        "claim_type": "CFR",
        "claimed_area": "6.29",
        "recorded_area": "6.01",
        "processing_days": "21",
        "current_stage": "Gram Sabha",
        "documents_complete": "0",
        "land_record_available": "1",
        "overlap_percentage": "32.55",
        "previous_rejections": "0",
        "latitude": 19.02445,
        "longitude": 82.043214,
        "status": "Rejected"
      }
    },
    {
      "type": "Feature",
      "geometry": {
        "type": "Point",
        "coordinates": [
          80.135732,
          21.866284
        ]
      },
      "properties": {
        "claim_id": "FRA0368",
        "state": "Madhya Pradesh",
        "district": "Balaghat",
        "village": "Village_74",
        "claim_type": "CFR",
        "claimed_area": "4.45",
        "recorded_area": "4.21",
        "processing_days": "156",
        "current_stage": "Title Issued",
        "documents_complete": "0",
        "land_record_available": "1",
        "overlap_percentage": "28.16",
        "previous_rejections": "3",
        "latitude": 21.866284,
        "longitude": 80.135732,
        "status": "Pending"
      }
    },
    {
      "type": "Feature",
      "geometry": {
        "type": "Point",
        "coordinates": [
          80.147757,
          21.849122
        ]
      },
      "properties": {
        "claim_id": "FRA0369",
        "state": "Madhya Pradesh",
        "district": "Balaghat",
        "village": "Village_10",
        "claim_type": "IFR",
        "claimed_area": "3.14",
        "recorded_area": "3.18",
        "processing_days": "178",
        "current_stage": "SDLC",
        "documents_complete": "0",
        "land_record_available": "0",
        "overlap_percentage": "61.44",
        "previous_rejections": "3",
        "latitude": 21.849122,
        "longitude": 80.147757,
        "status": "Pending"
      }
    },
    {
      "type": "Feature",
      "geometry": {
        "type": "Point",
        "coordinates": [
          83.177316,
          22.858397
        ]
      },
      "properties": {
        "claim_id": "FRA0370",
        "state": "Chhattisgarh",
        "district": "Surguja",
        "village": "Village_26",
        "claim_type": "CFR",
        "claimed_area": "9.8",
        "recorded_area": "9.94",
        "processing_days": "74",
        "current_stage": "Gram Sabha",
        "documents_complete": "1",
        "land_record_available": "0",
        "overlap_percentage": "66.29",
        "previous_rejections": "1",
        "latitude": 22.858397,
        "longitude": 83.177316,
        "status": "Pending"
      }
    },
    {
      "type": "Feature",
      "geometry": {
        "type": "Point",
        "coordinates": [
          83.078387,
          22.962289
        ]
      },
      "properties": {
        "claim_id": "FRA0371",
        "state": "Chhattisgarh",
        "district": "Surguja",
        "village": "Village_100",
        "claim_type": "IFR",
        "claimed_area": "7.89",
        "recorded_area": "7.43",
        "processing_days": "53",
        "current_stage": "DLC",
        "documents_complete": "1",
        "land_record_available": "1",
        "overlap_percentage": "62.1",
        "previous_rejections": "3",
        "latitude": 22.962289,
        "longitude": 83.078387,
        "status": "Pending"
      }
    },
    {
      "type": "Feature",
      "geometry": {
        "type": "Point",
        "coordinates": [
          85.453876,
          23.242645
        ]
      },
      "properties": {
        "claim_id": "FRA0372",
        "state": "Jharkhand",
        "district": "Ranchi",
        "village": "Village_95",
        "claim_type": "IFR",
        "claimed_area": "6.82",
        "recorded_area": "6.91",
        "processing_days": "20",
        "current_stage": "SDLC",
        "documents_complete": "1",
        "land_record_available": "0",
        "overlap_percentage": "39.72",
        "previous_rejections": "1",
        "latitude": 23.242645,
        "longitude": 85.453876,
        "status": "Pending"
      }
    },
    {
      "type": "Feature",
      "geometry": {
        "type": "Point",
        "coordinates": [
          86.834682,
          21.839288
        ]
      },
      "properties": {
        "claim_id": "FRA0373",
        "state": "Odisha",
        "district": "Mayurbhanj",
        "village": "Village_31",
        "claim_type": "IFR",
        "claimed_area": "6.58",
        "recorded_area": "6.7",
        "processing_days": "106",
        "current_stage": "DLC",
        "documents_complete": "0",
        "land_record_available": "0",
        "overlap_percentage": "22.24",
        "previous_rejections": "3",
        "latitude": 21.839288,
        "longitude": 86.834682,
        "status": "Pending"
      }
    },
    {
      "type": "Feature",
      "geometry": {
        "type": "Point",
        "coordinates": [
          85.409213,
          23.234687
        ]
      },
      "properties": {
        "claim_id": "FRA0374",
        "state": "Jharkhand",
        "district": "Ranchi",
        "village": "Village_39",
        "claim_type": "CFR",
        "claimed_area": "6.12",
        "recorded_area": "5.97",
        "processing_days": "118",
        "current_stage": "Gram Sabha",
        "documents_complete": "1",
        "land_record_available": "1",
        "overlap_percentage": "15.36",
        "previous_rejections": "1",
        "latitude": 23.234687,
        "longitude": 85.409213,
        "status": "Pending"
      }
    },
    {
      "type": "Feature",
      "geometry": {
        "type": "Point",
        "coordinates": [
          83.29621,
          22.965583
        ]
      },
      "properties": {
        "claim_id": "FRA0375",
        "state": "Chhattisgarh",
        "district": "Surguja",
        "village": "Village_9",
        "claim_type": "IFR",
        "claimed_area": "2.28",
        "recorded_area": "2.0",
        "processing_days": "32",
        "current_stage": "DLC",
        "documents_complete": "1",
        "land_record_available": "0",
        "overlap_percentage": "64.41",
        "previous_rejections": "3",
        "latitude": 22.965583,
        "longitude": 83.29621,
        "status": "Rejected"
      }
    },
    {
      "type": "Feature",
      "geometry": {
        "type": "Point",
        "coordinates": [
          84.66376,
          22.968053
        ]
      },
      "properties": {
        "claim_id": "FRA0376",
        "state": "Jharkhand",
        "district": "Gumla",
        "village": "Village_8",
        "claim_type": "CFR",
        "claimed_area": "9.96",
        "recorded_area": "9.21",
        "processing_days": "68",
        "current_stage": "DLC",
        "documents_complete": "0",
        "land_record_available": "1",
        "overlap_percentage": "17.76",
        "previous_rejections": "3",
        "latitude": 22.968053,
        "longitude": 84.66376,
        "status": "Rejected"
      }
    },
    {
      "type": "Feature",
      "geometry": {
        "type": "Point",
        "coordinates": [
          74.16962,
          21.27456
        ]
      },
      "properties": {
        "claim_id": "FRA0377",
        "state": "Maharashtra",
        "district": "Nandurbar",
        "village": "Village_79",
        "claim_type": "CR",
        "claimed_area": "6.6",
        "recorded_area": "6.74",
        "processing_days": "127",
        "current_stage": "DLC",
        "documents_complete": "1",
        "land_record_available": "0",
        "overlap_percentage": "9.18",
        "previous_rejections": "2",
        "latitude": 21.27456,
        "longitude": 74.16962,
        "status": "Pending"
      }
    },
    {
      "type": "Feature",
      "geometry": {
        "type": "Point",
        "coordinates": [
          81.181649,
          22.799703
        ]
      },
      "properties": {
        "claim_id": "FRA0378",
        "state": "Madhya Pradesh",
        "district": "Dindori",
        "village": "Village_67",
        "claim_type": "CR",
        "claimed_area": "3.73",
        "recorded_area": "3.86",
        "processing_days": "148",
        "current_stage": "Title Issued",
        "documents_complete": "1",
        "land_record_available": "1",
        "overlap_percentage": "79.15",
        "previous_rejections": "0",
        "latitude": 22.799703,
        "longitude": 81.181649,
        "status": "Pending"
      }
    },
    {
      "type": "Feature",
      "geometry": {
        "type": "Point",
        "coordinates": [
          74.245147,
          21.225375
        ]
      },
      "properties": {
        "claim_id": "FRA0379",
        "state": "Maharashtra",
        "district": "Nandurbar",
        "village": "Village_7",
        "claim_type": "CR",
        "claimed_area": "1.77",
        "recorded_area": "1.61",
        "processing_days": "62",
        "current_stage": "Gram Sabha",
        "documents_complete": "1",
        "land_record_available": "0",
        "overlap_percentage": "31.29",
        "previous_rejections": "2",
        "latitude": 21.225375,
        "longitude": 74.245147,
        "status": "Rejected"
      }
    },
    {
      "type": "Feature",
      "geometry": {
        "type": "Point",
        "coordinates": [
          82.019029,
          19.105608
        ]
      },
      "properties": {
        "claim_id": "FRA0380",
        "state": "Chhattisgarh",
        "district": "Bastar",
        "village": "Village_39",
        "claim_type": "CR",
        "claimed_area": "6.56",
        "recorded_area": "6.4",
        "processing_days": "53",
        "current_stage": "DLC",
        "documents_complete": "1",
        "land_record_available": "1",
        "overlap_percentage": "72.23",
        "previous_rejections": "0",
        "latitude": 19.105608,
        "longitude": 82.019029,
        "status": "Pending"
      }
    },
    {
      "type": "Feature",
      "geometry": {
        "type": "Point",
        "coordinates": [
          86.772171,
          22.008512
        ]
      },
      "properties": {
        "claim_id": "FRA0381",
        "state": "Odisha",
        "district": "Mayurbhanj",
        "village": "Village_35",
        "claim_type": "CFR",
        "claimed_area": "6.45",
        "recorded_area": "5.51",
        "processing_days": "176",
        "current_stage": "DLC",
        "documents_complete": "0",
        "land_record_available": "1",
        "overlap_percentage": "72.32",
        "previous_rejections": "0",
        "latitude": 22.008512,
        "longitude": 86.772171,
        "status": "Rejected"
      }
    },
    {
      "type": "Feature",
      "geometry": {
        "type": "Point",
        "coordinates": [
          86.592269,
          21.8992
        ]
      },
      "properties": {
        "claim_id": "FRA0382",
        "state": "Odisha",
        "district": "Mayurbhanj",
        "village": "Village_15",
        "claim_type": "IFR",
        "claimed_area": "9.25",
        "recorded_area": "9.19",
        "processing_days": "88",
        "current_stage": "Gram Sabha",
        "documents_complete": "1",
        "land_record_available": "0",
        "overlap_percentage": "67.73",
        "previous_rejections": "1",
        "latitude": 21.8992,
        "longitude": 86.592269,
        "status": "Approved"
      }
    },
    {
      "type": "Feature",
      "geometry": {
        "type": "Point",
        "coordinates": [
          81.015125,
          22.816273
        ]
      },
      "properties": {
        "claim_id": "FRA0383",
        "state": "Madhya Pradesh",
        "district": "Dindori",
        "village": "Village_31",
        "claim_type": "CR",
        "claimed_area": "8.48",
        "recorded_area": "8.09",
        "processing_days": "174",
        "current_stage": "Gram Sabha",
        "documents_complete": "0",
        "land_record_available": "0",
        "overlap_percentage": "24.39",
        "previous_rejections": "2",
        "latitude": 22.816273,
        "longitude": 81.015125,
        "status": "Rejected"
      }
    },
    {
      "type": "Feature",
      "geometry": {
        "type": "Point",
        "coordinates": [
          80.106093,
          20.081552
        ]
      },
      "properties": {
        "claim_id": "FRA0384",
        "state": "Maharashtra",
        "district": "Gadchiroli",
        "village": "Village_9",
        "claim_type": "CFR",
        "claimed_area": "1.61",
        "recorded_area": "1.43",
        "processing_days": "38",
        "current_stage": "SDLC",
        "documents_complete": "1",
        "land_record_available": "1",
        "overlap_percentage": "6.2",
        "previous_rejections": "2",
        "latitude": 20.081552,
        "longitude": 80.106093,
        "status": "Pending"
      }
    },
    {
      "type": "Feature",
      "geometry": {
        "type": "Point",
        "coordinates": [
          80.0877,
          21.782723
        ]
      },
      "properties": {
        "claim_id": "FRA0385",
        "state": "Madhya Pradesh",
        "district": "Balaghat",
        "village": "Village_22",
        "claim_type": "CFR",
        "claimed_area": "8.88",
        "recorded_area": "8.58",
        "processing_days": "56",
        "current_stage": "Title Issued",
        "documents_complete": "0",
        "land_record_available": "0",
        "overlap_percentage": "71.04",
        "previous_rejections": "0",
        "latitude": 21.782723,
        "longitude": 80.0877,
        "status": "Pending"
      }
    },
    {
      "type": "Feature",
      "geometry": {
        "type": "Point",
        "coordinates": [
          84.515601,
          22.944925
        ]
      },
      "properties": {
        "claim_id": "FRA0386",
        "state": "Jharkhand",
        "district": "Gumla",
        "village": "Village_81",
        "claim_type": "CR",
        "claimed_area": "7.13",
        "recorded_area": "6.4",
        "processing_days": "81",
        "current_stage": "Title Issued",
        "documents_complete": "1",
        "land_record_available": "1",
        "overlap_percentage": "53.48",
        "previous_rejections": "0",
        "latitude": 22.944925,
        "longitude": 84.515601,
        "status": "Pending"
      }
    },
    {
      "type": "Feature",
      "geometry": {
        "type": "Point",
        "coordinates": [
          84.523841,
          22.551577
        ]
      },
      "properties": {
        "claim_id": "FRA0387",
        "state": "Jharkhand",
        "district": "Simdega",
        "village": "Village_86",
        "claim_type": "CFR",
        "claimed_area": "7.88",
        "recorded_area": "8.06",
        "processing_days": "90",
        "current_stage": "SDLC",
        "documents_complete": "0",
        "land_record_available": "0",
        "overlap_percentage": "16.43",
        "previous_rejections": "1",
        "latitude": 22.551577,
        "longitude": 84.523841,
        "status": "Approved"
      }
    },
    {
      "type": "Feature",
      "geometry": {
        "type": "Point",
        "coordinates": [
          81.609773,
          20.349037
        ]
      },
      "properties": {
        "claim_id": "FRA0388",
        "state": "Chhattisgarh",
        "district": "Kanker",
        "village": "Village_71",
        "claim_type": "CR",
        "claimed_area": "3.85",
        "recorded_area": "3.73",
        "processing_days": "84",
        "current_stage": "Gram Sabha",
        "documents_complete": "0",
        "land_record_available": "1",
        "overlap_percentage": "63.45",
        "previous_rejections": "1",
        "latitude": 20.349037,
        "longitude": 81.609773,
        "status": "Pending"
      }
    },
    {
      "type": "Feature",
      "geometry": {
        "type": "Point",
        "coordinates": [
          81.957388,
          19.214626
        ]
      },
      "properties": {
        "claim_id": "FRA0389",
        "state": "Chhattisgarh",
        "district": "Bastar",
        "village": "Village_65",
        "claim_type": "CR",
        "claimed_area": "4.47",
        "recorded_area": "3.97",
        "processing_days": "56",
        "current_stage": "DLC",
        "documents_complete": "0",
        "land_record_available": "0",
        "overlap_percentage": "54.49",
        "previous_rejections": "3",
        "latitude": 19.214626,
        "longitude": 81.957388,
        "status": "Rejected"
      }
    },
    {
      "type": "Feature",
      "geometry": {
        "type": "Point",
        "coordinates": [
          81.449343,
          20.168558
        ]
      },
      "properties": {
        "claim_id": "FRA0390",
        "state": "Chhattisgarh",
        "district": "Kanker",
        "village": "Village_70",
        "claim_type": "CR",
        "claimed_area": "1.92",
        "recorded_area": "1.87",
        "processing_days": "31",
        "current_stage": "Title Issued",
        "documents_complete": "1",
        "land_record_available": "1",
        "overlap_percentage": "32.56",
        "previous_rejections": "1",
        "latitude": 20.168558,
        "longitude": 81.449343,
        "status": "Pending"
      }
    },
    {
      "type": "Feature",
      "geometry": {
        "type": "Point",
        "coordinates": [
          85.381202,
          23.220472
        ]
      },
      "properties": {
        "claim_id": "FRA0391",
        "state": "Jharkhand",
        "district": "Ranchi",
        "village": "Village_33",
        "claim_type": "IFR",
        "claimed_area": "9.28",
        "recorded_area": "8.46",
        "processing_days": "141",
        "current_stage": "SDLC",
        "documents_complete": "1",
        "land_record_available": "0",
        "overlap_percentage": "60.65",
        "previous_rejections": "0",
        "latitude": 23.220472,
        "longitude": 85.381202,
        "status": "Pending"
      }
    },
    {
      "type": "Feature",
      "geometry": {
        "type": "Point",
        "coordinates": [
          80.235299,
          22.527867
        ]
      },
      "properties": {
        "claim_id": "FRA0392",
        "state": "Madhya Pradesh",
        "district": "Mandla",
        "village": "Village_60",
        "claim_type": "IFR",
        "claimed_area": "5.99",
        "recorded_area": "5.45",
        "processing_days": "137",
        "current_stage": "Title Issued",
        "documents_complete": "0",
        "land_record_available": "0",
        "overlap_percentage": "52.7",
        "previous_rejections": "2",
        "latitude": 22.527867,
        "longitude": 80.235299,
        "status": "Rejected"
      }
    },
    {
      "type": "Feature",
      "geometry": {
        "type": "Point",
        "coordinates": [
          73.875379,
          20.071229
        ]
      },
      "properties": {
        "claim_id": "FRA0393",
        "state": "Maharashtra",
        "district": "Nashik",
        "village": "Village_13",
        "claim_type": "CR",
        "claimed_area": "7.49",
        "recorded_area": "7.79",
        "processing_days": "77",
        "current_stage": "SDLC",
        "documents_complete": "0",
        "land_record_available": "1",
        "overlap_percentage": "33.74",
        "previous_rejections": "3",
        "latitude": 20.071229,
        "longitude": 73.875379,
        "status": "Approved"
      }
    },
    {
      "type": "Feature",
      "geometry": {
        "type": "Point",
        "coordinates": [
          85.620301,
          21.668487
        ]
      },
      "properties": {
        "claim_id": "FRA0394",
        "state": "Odisha",
        "district": "Keonjhar",
        "village": "Village_36",
        "claim_type": "CR",
        "claimed_area": "1.47",
        "recorded_area": "1.4",
        "processing_days": "120",
        "current_stage": "Gram Sabha",
        "documents_complete": "1",
        "land_record_available": "1",
        "overlap_percentage": "51.12",
        "previous_rejections": "0",
        "latitude": 21.668487,
        "longitude": 85.620301,
        "status": "Approved"
      }
    },
    {
      "type": "Feature",
      "geometry": {
        "type": "Point",
        "coordinates": [
          81.844061,
          19.189784
        ]
      },
      "properties": {
        "claim_id": "FRA0395",
        "state": "Chhattisgarh",
        "district": "Bastar",
        "village": "Village_82",
        "claim_type": "CFR",
        "claimed_area": "2.31",
        "recorded_area": "2.04",
        "processing_days": "150",
        "current_stage": "Title Issued",
        "documents_complete": "1",
        "land_record_available": "1",
        "overlap_percentage": "27.61",
        "previous_rejections": "3",
        "latitude": 19.189784,
        "longitude": 81.844061,
        "status": "Approved"
      }
    },
    {
      "type": "Feature",
      "geometry": {
        "type": "Point",
        "coordinates": [
          80.086422,
          20.29137
        ]
      },
      "properties": {
        "claim_id": "FRA0396",
        "state": "Maharashtra",
        "district": "Gadchiroli",
        "village": "Village_58",
        "claim_type": "CR",
        "claimed_area": "6.38",
        "recorded_area": "5.59",
        "processing_days": "20",
        "current_stage": "Gram Sabha",
        "documents_complete": "0",
        "land_record_available": "0",
        "overlap_percentage": "11.83",
        "previous_rejections": "0",
        "latitude": 20.29137,
        "longitude": 80.086422,
        "status": "Approved"
      }
    },
    {
      "type": "Feature",
      "geometry": {
        "type": "Point",
        "coordinates": [
          79.89888,
          20.19222
        ]
      },
      "properties": {
        "claim_id": "FRA0397",
        "state": "Maharashtra",
        "district": "Gadchiroli",
        "village": "Village_35",
        "claim_type": "CFR",
        "claimed_area": "3.45",
        "recorded_area": "3.34",
        "processing_days": "146",
        "current_stage": "DLC",
        "documents_complete": "1",
        "land_record_available": "0",
        "overlap_percentage": "50.97",
        "previous_rejections": "0",
        "latitude": 20.19222,
        "longitude": 79.89888,
        "status": "Approved"
      }
    },
    {
      "type": "Feature",
      "geometry": {
        "type": "Point",
        "coordinates": [
          80.347679,
          22.598957
        ]
      },
      "properties": {
        "claim_id": "FRA0398",
        "state": "Madhya Pradesh",
        "district": "Mandla",
        "village": "Village_24",
        "claim_type": "CFR",
        "claimed_area": "3.15",
        "recorded_area": "3.12",
        "processing_days": "137",
        "current_stage": "Gram Sabha",
        "documents_complete": "1",
        "land_record_available": "1",
        "overlap_percentage": "7.07",
        "previous_rejections": "0",
        "latitude": 22.598957,
        "longitude": 80.347679,
        "status": "Approved"
      }
    },
    {
      "type": "Feature",
      "geometry": {
        "type": "Point",
        "coordinates": [
          81.936384,
          19.157202
        ]
      },
      "properties": {
        "claim_id": "FRA0399",
        "state": "Chhattisgarh",
        "district": "Bastar",
        "village": "Village_4",
        "claim_type": "CR",
        "claimed_area": "6.99",
        "recorded_area": "5.99",
        "processing_days": "119",
        "current_stage": "DLC",
        "documents_complete": "1",
        "land_record_available": "0",
        "overlap_percentage": "1.48",
        "previous_rejections": "0",
        "latitude": 19.157202,
        "longitude": 81.936384,
        "status": "Approved"
      }
    },
    {
      "type": "Feature",
      "geometry": {
        "type": "Point",
        "coordinates": [
          81.471884,
          20.272729
        ]
      },
      "properties": {
        "claim_id": "FRA0400",
        "state": "Chhattisgarh",
        "district": "Kanker",
        "village": "Village_28",
        "claim_type": "CFR",
        "claimed_area": "3.19",
        "recorded_area": "3.02",
        "processing_days": "60",
        "current_stage": "Gram Sabha",
        "documents_complete": "0",
        "land_record_available": "1",
        "overlap_percentage": "83.04",
        "previous_rejections": "1",
        "latitude": 20.272729,
        "longitude": 81.471884,
        "status": "Approved"
      }
    },
    {
      "type": "Feature",
      "geometry": {
        "type": "Point",
        "coordinates": [
          82.002182,
          19.247189
        ]
      },
      "properties": {
        "claim_id": "FRA0401",
        "state": "Chhattisgarh",
        "district": "Bastar",
        "village": "Village_36",
        "claim_type": "CFR",
        "claimed_area": "5.97",
        "recorded_area": "5.38",
        "processing_days": "163",
        "current_stage": "Gram Sabha",
        "documents_complete": "1",
        "land_record_available": "1",
        "overlap_percentage": "83.19",
        "previous_rejections": "0",
        "latitude": 19.247189,
        "longitude": 82.002182,
        "status": "Pending"
      }
    },
    {
      "type": "Feature",
      "geometry": {
        "type": "Point",
        "coordinates": [
          81.571569,
          20.193829
        ]
      },
      "properties": {
        "claim_id": "FRA0402",
        "state": "Chhattisgarh",
        "district": "Kanker",
        "village": "Village_42",
        "claim_type": "IFR",
        "claimed_area": "4.23",
        "recorded_area": "4.01",
        "processing_days": "82",
        "current_stage": "DLC",
        "documents_complete": "0",
        "land_record_available": "1",
        "overlap_percentage": "64.69",
        "previous_rejections": "1",
        "latitude": 20.193829,
        "longitude": 81.571569,
        "status": "Approved"
      }
    },
    {
      "type": "Feature",
      "geometry": {
        "type": "Point",
        "coordinates": [
          79.986372,
          20.194109
        ]
      },
      "properties": {
        "claim_id": "FRA0403",
        "state": "Maharashtra",
        "district": "Gadchiroli",
        "village": "Village_79",
        "claim_type": "CFR",
        "claimed_area": "3.41",
        "recorded_area": "2.92",
        "processing_days": "155",
        "current_stage": "Title Issued",
        "documents_complete": "0",
        "land_record_available": "1",
        "overlap_percentage": "29.59",
        "previous_rejections": "3",
        "latitude": 20.194109,
        "longitude": 79.986372,
        "status": "Approved"
      }
    },
    {
      "type": "Feature",
      "geometry": {
        "type": "Point",
        "coordinates": [
          82.716032,
          18.797807
        ]
      },
      "properties": {
        "claim_id": "FRA0404",
        "state": "Odisha",
        "district": "Koraput",
        "village": "Village_47",
        "claim_type": "IFR",
        "claimed_area": "5.01",
        "recorded_area": "4.51",
        "processing_days": "116",
        "current_stage": "Title Issued",
        "documents_complete": "0",
        "land_record_available": "0",
        "overlap_percentage": "29.78",
        "previous_rejections": "3",
        "latitude": 18.797807,
        "longitude": 82.716032,
        "status": "Rejected"
      }
    },
    {
      "type": "Feature",
      "geometry": {
        "type": "Point",
        "coordinates": [
          83.325468,
          22.987936
        ]
      },
      "properties": {
        "claim_id": "FRA0405",
        "state": "Chhattisgarh",
        "district": "Surguja",
        "village": "Village_76",
        "claim_type": "IFR",
        "claimed_area": "7.12",
        "recorded_area": "7.01",
        "processing_days": "59",
        "current_stage": "SDLC",
        "documents_complete": "0",
        "land_record_available": "1",
        "overlap_percentage": "67.45",
        "previous_rejections": "2",
        "latitude": 22.987936,
        "longitude": 83.325468,
        "status": "Approved"
      }
    },
    {
      "type": "Feature",
      "geometry": {
        "type": "Point",
        "coordinates": [
          73.872877,
          19.934218
        ]
      },
      "properties": {
        "claim_id": "FRA0406",
        "state": "Maharashtra",
        "district": "Nashik",
        "village": "Village_84",
        "claim_type": "CFR",
        "claimed_area": "5.99",
        "recorded_area": "5.32",
        "processing_days": "116",
        "current_stage": "Gram Sabha",
        "documents_complete": "1",
        "land_record_available": "0",
        "overlap_percentage": "11.08",
        "previous_rejections": "2",
        "latitude": 19.934218,
        "longitude": 73.872877,
        "status": "Approved"
      }
    },
    {
      "type": "Feature",
      "geometry": {
        "type": "Point",
        "coordinates": [
          80.211558,
          21.93797
        ]
      },
      "properties": {
        "claim_id": "FRA0407",
        "state": "Madhya Pradesh",
        "district": "Balaghat",
        "village": "Village_56",
        "claim_type": "IFR",
        "claimed_area": "7.71",
        "recorded_area": "7.31",
        "processing_days": "82",
        "current_stage": "DLC",
        "documents_complete": "0",
        "land_record_available": "0",
        "overlap_percentage": "8.28",
        "previous_rejections": "2",
        "latitude": 21.93797,
        "longitude": 80.211558,
        "status": "Rejected"
      }
    },
    {
      "type": "Feature",
      "geometry": {
        "type": "Point",
        "coordinates": [
          84.573556,
          23.073346
        ]
      },
      "properties": {
        "claim_id": "FRA0408",
        "state": "Jharkhand",
        "district": "Gumla",
        "village": "Village_43",
        "claim_type": "CFR",
        "claimed_area": "3.72",
        "recorded_area": "3.39",
        "processing_days": "94",
        "current_stage": "SDLC",
        "documents_complete": "0",
        "land_record_available": "1",
        "overlap_percentage": "46.73",
        "previous_rejections": "3",
        "latitude": 23.073346,
        "longitude": 84.573556,
        "status": "Approved"
      }
    },
    {
      "type": "Feature",
      "geometry": {
        "type": "Point",
        "coordinates": [
          73.86477,
          19.915727
        ]
      },
      "properties": {
        "claim_id": "FRA0409",
        "state": "Maharashtra",
        "district": "Nashik",
        "village": "Village_17",
        "claim_type": "CFR",
        "claimed_area": "7.37",
        "recorded_area": "6.68",
        "processing_days": "103",
        "current_stage": "Title Issued",
        "documents_complete": "1",
        "land_record_available": "1",
        "overlap_percentage": "68.83",
        "previous_rejections": "1",
        "latitude": 19.915727,
        "longitude": 73.86477,
        "status": "Approved"
      }
    },
    {
      "type": "Feature",
      "geometry": {
        "type": "Point",
        "coordinates": [
          79.89927,
          20.06371
        ]
      },
      "properties": {
        "claim_id": "FRA0410",
        "state": "Maharashtra",
        "district": "Gadchiroli",
        "village": "Village_66",
        "claim_type": "CR",
        "claimed_area": "9.27",
        "recorded_area": "9.48",
        "processing_days": "25",
        "current_stage": "Gram Sabha",
        "documents_complete": "0",
        "land_record_available": "0",
        "overlap_percentage": "9.56",
        "previous_rejections": "1",
        "latitude": 20.06371,
        "longitude": 79.89927,
        "status": "Approved"
      }
    },
    {
      "type": "Feature",
      "geometry": {
        "type": "Point",
        "coordinates": [
          81.020055,
          22.865745
        ]
      },
      "properties": {
        "claim_id": "FRA0411",
        "state": "Madhya Pradesh",
        "district": "Dindori",
        "village": "Village_79",
        "claim_type": "CR",
        "claimed_area": "6.89",
        "recorded_area": "6.98",
        "processing_days": "112",
        "current_stage": "SDLC",
        "documents_complete": "1",
        "land_record_available": "0",
        "overlap_percentage": "49.03",
        "previous_rejections": "0",
        "latitude": 22.865745,
        "longitude": 81.020055,
        "status": "Approved"
      }
    },
    {
      "type": "Feature",
      "geometry": {
        "type": "Point",
        "coordinates": [
          80.120166,
          21.709401
        ]
      },
      "properties": {
        "claim_id": "FRA0412",
        "state": "Madhya Pradesh",
        "district": "Balaghat",
        "village": "Village_23",
        "claim_type": "CR",
        "claimed_area": "9.89",
        "recorded_area": "8.84",
        "processing_days": "112",
        "current_stage": "SDLC",
        "documents_complete": "0",
        "land_record_available": "0",
        "overlap_percentage": "43.03",
        "previous_rejections": "2",
        "latitude": 21.709401,
        "longitude": 80.120166,
        "status": "Approved"
      }
    },
    {
      "type": "Feature",
      "geometry": {
        "type": "Point",
        "coordinates": [
          82.064018,
          18.956761
        ]
      },
      "properties": {
        "claim_id": "FRA0413",
        "state": "Chhattisgarh",
        "district": "Bastar",
        "village": "Village_24",
        "claim_type": "IFR",
        "claimed_area": "1.55",
        "recorded_area": "1.32",
        "processing_days": "78",
        "current_stage": "Gram Sabha",
        "documents_complete": "0",
        "land_record_available": "0",
        "overlap_percentage": "87.97",
        "previous_rejections": "2",
        "latitude": 18.956761,
        "longitude": 82.064018,
        "status": "Rejected"
      }
    },
    {
      "type": "Feature",
      "geometry": {
        "type": "Point",
        "coordinates": [
          80.947491,
          23.06797
        ]
      },
      "properties": {
        "claim_id": "FRA0414",
        "state": "Madhya Pradesh",
        "district": "Dindori",
        "village": "Village_9",
        "claim_type": "CR",
        "claimed_area": "2.61",
        "recorded_area": "2.54",
        "processing_days": "126",
        "current_stage": "DLC",
        "documents_complete": "0",
        "land_record_available": "1",
        "overlap_percentage": "87.61",
        "previous_rejections": "1",
        "latitude": 23.06797,
        "longitude": 80.947491,
        "status": "Approved"
      }
    },
    {
      "type": "Feature",
      "geometry": {
        "type": "Point",
        "coordinates": [
          74.294719,
          21.307813
        ]
      },
      "properties": {
        "claim_id": "FRA0415",
        "state": "Maharashtra",
        "district": "Nandurbar",
        "village": "Village_3",
        "claim_type": "IFR",
        "claimed_area": "8.32",
        "recorded_area": "8.09",
        "processing_days": "170",
        "current_stage": "SDLC",
        "documents_complete": "1",
        "land_record_available": "1",
        "overlap_percentage": "7.29",
        "previous_rejections": "0",
        "latitude": 21.307813,
        "longitude": 74.294719,
        "status": "Approved"
      }
    },
    {
      "type": "Feature",
      "geometry": {
        "type": "Point",
        "coordinates": [
          85.447438,
          23.486455
        ]
      },
      "properties": {
        "claim_id": "FRA0416",
        "state": "Jharkhand",
        "district": "Ranchi",
        "village": "Village_56",
        "claim_type": "IFR",
        "claimed_area": "5.09",
        "recorded_area": "4.92",
        "processing_days": "94",
        "current_stage": "Title Issued",
        "documents_complete": "0",
        "land_record_available": "0",
        "overlap_percentage": "77.6",
        "previous_rejections": "1",
        "latitude": 23.486455,
        "longitude": 85.447438,
        "status": "Pending"
      }
    },
    {
      "type": "Feature",
      "geometry": {
        "type": "Point",
        "coordinates": [
          82.006026,
          19.053478
        ]
      },
      "properties": {
        "claim_id": "FRA0417",
        "state": "Chhattisgarh",
        "district": "Bastar",
        "village": "Village_86",
        "claim_type": "CR",
        "claimed_area": "3.64",
        "recorded_area": "3.67",
        "processing_days": "71",
        "current_stage": "Title Issued",
        "documents_complete": "0",
        "land_record_available": "1",
        "overlap_percentage": "0.9",
        "previous_rejections": "0",
        "latitude": 19.053478,
        "longitude": 82.006026,
        "status": "Pending"
      }
    },
    {
      "type": "Feature",
      "geometry": {
        "type": "Point",
        "coordinates": [
          73.830267,
          19.992374
        ]
      },
      "properties": {
        "claim_id": "FRA0418",
        "state": "Maharashtra",
        "district": "Nashik",
        "village": "Village_2",
        "claim_type": "CFR",
        "claimed_area": "2.32",
        "recorded_area": "2.25",
        "processing_days": "36",
        "current_stage": "Gram Sabha",
        "documents_complete": "0",
        "land_record_available": "0",
        "overlap_percentage": "53.41",
        "previous_rejections": "1",
        "latitude": 19.992374,
        "longitude": 73.830267,
        "status": "Pending"
      }
    },
    {
      "type": "Feature",
      "geometry": {
        "type": "Point",
        "coordinates": [
          80.094496,
          20.134336
        ]
      },
      "properties": {
        "claim_id": "FRA0419",
        "state": "Maharashtra",
        "district": "Gadchiroli",
        "village": "Village_76",
        "claim_type": "CFR",
        "claimed_area": "4.06",
        "recorded_area": "4.22",
        "processing_days": "160",
        "current_stage": "Gram Sabha",
        "documents_complete": "1",
        "land_record_available": "1",
        "overlap_percentage": "64.95",
        "previous_rejections": "3",
        "latitude": 20.134336,
        "longitude": 80.094496,
        "status": "Pending"
      }
    },
    {
      "type": "Feature",
      "geometry": {
        "type": "Point",
        "coordinates": [
          80.087024,
          20.244922
        ]
      },
      "properties": {
        "claim_id": "FRA0420",
        "state": "Maharashtra",
        "district": "Gadchiroli",
        "village": "Village_62",
        "claim_type": "CFR",
        "claimed_area": "5.96",
        "recorded_area": "6.01",
        "processing_days": "68",
        "current_stage": "Title Issued",
        "documents_complete": "1",
        "land_record_available": "1",
        "overlap_percentage": "50.01",
        "previous_rejections": "1",
        "latitude": 20.244922,
        "longitude": 80.087024,
        "status": "Approved"
      }
    },
    {
      "type": "Feature",
      "geometry": {
        "type": "Point",
        "coordinates": [
          86.6122,
          22.016585
        ]
      },
      "properties": {
        "claim_id": "FRA0421",
        "state": "Odisha",
        "district": "Mayurbhanj",
        "village": "Village_83",
        "claim_type": "CFR",
        "claimed_area": "7.46",
        "recorded_area": "7.17",
        "processing_days": "101",
        "current_stage": "Title Issued",
        "documents_complete": "0",
        "land_record_available": "0",
        "overlap_percentage": "34.0",
        "previous_rejections": "3",
        "latitude": 22.016585,
        "longitude": 86.6122,
        "status": "Rejected"
      }
    },
    {
      "type": "Feature",
      "geometry": {
        "type": "Point",
        "coordinates": [
          81.370789,
          20.390274
        ]
      },
      "properties": {
        "claim_id": "FRA0422",
        "state": "Chhattisgarh",
        "district": "Kanker",
        "village": "Village_73",
        "claim_type": "IFR",
        "claimed_area": "4.32",
        "recorded_area": "4.16",
        "processing_days": "99",
        "current_stage": "SDLC",
        "documents_complete": "1",
        "land_record_available": "1",
        "overlap_percentage": "0.15",
        "previous_rejections": "3",
        "latitude": 20.390274,
        "longitude": 81.370789,
        "status": "Approved"
      }
    },
    {
      "type": "Feature",
      "geometry": {
        "type": "Point",
        "coordinates": [
          86.745386,
          21.81108
        ]
      },
      "properties": {
        "claim_id": "FRA0423",
        "state": "Odisha",
        "district": "Mayurbhanj",
        "village": "Village_32",
        "claim_type": "CFR",
        "claimed_area": "9.01",
        "recorded_area": "9.44",
        "processing_days": "113",
        "current_stage": "DLC",
        "documents_complete": "0",
        "land_record_available": "1",
        "overlap_percentage": "36.52",
        "previous_rejections": "2",
        "latitude": 21.81108,
        "longitude": 86.745386,
        "status": "Approved"
      }
    },
    {
      "type": "Feature",
      "geometry": {
        "type": "Point",
        "coordinates": [
          82.842512,
          18.787752
        ]
      },
      "properties": {
        "claim_id": "FRA0424",
        "state": "Odisha",
        "district": "Koraput",
        "village": "Village_75",
        "claim_type": "CFR",
        "claimed_area": "4.19",
        "recorded_area": "3.58",
        "processing_days": "109",
        "current_stage": "Title Issued",
        "documents_complete": "1",
        "land_record_available": "1",
        "overlap_percentage": "50.94",
        "previous_rejections": "1",
        "latitude": 18.787752,
        "longitude": 82.842512,
        "status": "Approved"
      }
    },
    {
      "type": "Feature",
      "geometry": {
        "type": "Point",
        "coordinates": [
          81.025031,
          22.809553
        ]
      },
      "properties": {
        "claim_id": "FRA0425",
        "state": "Madhya Pradesh",
        "district": "Dindori",
        "village": "Village_76",
        "claim_type": "IFR",
        "claimed_area": "3.22",
        "recorded_area": "3.03",
        "processing_days": "151",
        "current_stage": "SDLC",
        "documents_complete": "1",
        "land_record_available": "0",
        "overlap_percentage": "15.41",
        "previous_rejections": "2",
        "latitude": 22.809553,
        "longitude": 81.025031,
        "status": "Rejected"
      }
    },
    {
      "type": "Feature",
      "geometry": {
        "type": "Point",
        "coordinates": [
          86.696448,
          21.93291
        ]
      },
      "properties": {
        "claim_id": "FRA0426",
        "state": "Odisha",
        "district": "Mayurbhanj",
        "village": "Village_84",
        "claim_type": "CFR",
        "claimed_area": "5.8",
        "recorded_area": "5.54",
        "processing_days": "172",
        "current_stage": "SDLC",
        "documents_complete": "0",
        "land_record_available": "1",
        "overlap_percentage": "52.52",
        "previous_rejections": "3",
        "latitude": 21.93291,
        "longitude": 86.696448,
        "status": "Rejected"
      }
    },
    {
      "type": "Feature",
      "geometry": {
        "type": "Point",
        "coordinates": [
          83.275437,
          22.907658
        ]
      },
      "properties": {
        "claim_id": "FRA0427",
        "state": "Chhattisgarh",
        "district": "Surguja",
        "village": "Village_24",
        "claim_type": "IFR",
        "claimed_area": "1.75",
        "recorded_area": "1.7",
        "processing_days": "29",
        "current_stage": "SDLC",
        "documents_complete": "0",
        "land_record_available": "1",
        "overlap_percentage": "14.87",
        "previous_rejections": "1",
        "latitude": 22.907658,
        "longitude": 83.275437,
        "status": "Rejected"
      }
    },
    {
      "type": "Feature",
      "geometry": {
        "type": "Point",
        "coordinates": [
          82.638264,
          18.757999
        ]
      },
      "properties": {
        "claim_id": "FRA0428",
        "state": "Odisha",
        "district": "Koraput",
        "village": "Village_47",
        "claim_type": "IFR",
        "claimed_area": "1.77",
        "recorded_area": "1.64",
        "processing_days": "79",
        "current_stage": "DLC",
        "documents_complete": "0",
        "land_record_available": "0",
        "overlap_percentage": "38.0",
        "previous_rejections": "3",
        "latitude": 18.757999,
        "longitude": 82.638264,
        "status": "Pending"
      }
    },
    {
      "type": "Feature",
      "geometry": {
        "type": "Point",
        "coordinates": [
          80.939735,
          22.912115
        ]
      },
      "properties": {
        "claim_id": "FRA0429",
        "state": "Madhya Pradesh",
        "district": "Dindori",
        "village": "Village_41",
        "claim_type": "IFR",
        "claimed_area": "4.07",
        "recorded_area": "4.06",
        "processing_days": "50",
        "current_stage": "SDLC",
        "documents_complete": "1",
        "land_record_available": "1",
        "overlap_percentage": "53.91",
        "previous_rejections": "3",
        "latitude": 22.912115,
        "longitude": 80.939735,
        "status": "Pending"
      }
    },
    {
      "type": "Feature",
      "geometry": {
        "type": "Point",
        "coordinates": [
          81.146206,
          22.846747
        ]
      },
      "properties": {
        "claim_id": "FRA0430",
        "state": "Madhya Pradesh",
        "district": "Dindori",
        "village": "Village_63",
        "claim_type": "CR",
        "claimed_area": "5.1",
        "recorded_area": "4.52",
        "processing_days": "158",
        "current_stage": "Gram Sabha",
        "documents_complete": "1",
        "land_record_available": "1",
        "overlap_percentage": "69.08",
        "previous_rejections": "3",
        "latitude": 22.846747,
        "longitude": 81.146206,
        "status": "Pending"
      }
    },
    {
      "type": "Feature",
      "geometry": {
        "type": "Point",
        "coordinates": [
          80.279456,
          21.895246
        ]
      },
      "properties": {
        "claim_id": "FRA0431",
        "state": "Madhya Pradesh",
        "district": "Balaghat",
        "village": "Village_85",
        "claim_type": "CFR",
        "claimed_area": "8.02",
        "recorded_area": "8.07",
        "processing_days": "27",
        "current_stage": "Title Issued",
        "documents_complete": "0",
        "land_record_available": "1",
        "overlap_percentage": "17.28",
        "previous_rejections": "2",
        "latitude": 21.895246,
        "longitude": 80.279456,
        "status": "Approved"
      }
    },
    {
      "type": "Feature",
      "geometry": {
        "type": "Point",
        "coordinates": [
          80.141812,
          20.084509
        ]
      },
      "properties": {
        "claim_id": "FRA0432",
        "state": "Maharashtra",
        "district": "Gadchiroli",
        "village": "Village_50",
        "claim_type": "IFR",
        "claimed_area": "7.28",
        "recorded_area": "6.26",
        "processing_days": "105",
        "current_stage": "Gram Sabha",
        "documents_complete": "0",
        "land_record_available": "1",
        "overlap_percentage": "2.38",
        "previous_rejections": "2",
        "latitude": 20.084509,
        "longitude": 80.141812,
        "status": "Rejected"
      }
    },
    {
      "type": "Feature",
      "geometry": {
        "type": "Point",
        "coordinates": [
          80.141752,
          21.729737
        ]
      },
      "properties": {
        "claim_id": "FRA0433",
        "state": "Madhya Pradesh",
        "district": "Balaghat",
        "village": "Village_67",
        "claim_type": "CR",
        "claimed_area": "4.7",
        "recorded_area": "4.79",
        "processing_days": "28",
        "current_stage": "Title Issued",
        "documents_complete": "1",
        "land_record_available": "1",
        "overlap_percentage": "46.51",
        "previous_rejections": "1",
        "latitude": 21.729737,
        "longitude": 80.141752,
        "status": "Approved"
      }
    },
    {
      "type": "Feature",
      "geometry": {
        "type": "Point",
        "coordinates": [
          80.072452,
          20.209646
        ]
      },
      "properties": {
        "claim_id": "FRA0434",
        "state": "Maharashtra",
        "district": "Gadchiroli",
        "village": "Village_25",
        "claim_type": "CFR",
        "claimed_area": "8.23",
        "recorded_area": "8.5",
        "processing_days": "79",
        "current_stage": "Title Issued",
        "documents_complete": "0",
        "land_record_available": "1",
        "overlap_percentage": "46.92",
        "previous_rejections": "2",
        "latitude": 20.209646,
        "longitude": 80.072452,
        "status": "Rejected"
      }
    },
    {
      "type": "Feature",
      "geometry": {
        "type": "Point",
        "coordinates": [
          85.61257,
          21.536533
        ]
      },
      "properties": {
        "claim_id": "FRA0435",
        "state": "Odisha",
        "district": "Keonjhar",
        "village": "Village_4",
        "claim_type": "CR",
        "claimed_area": "2.2",
        "recorded_area": "1.91",
        "processing_days": "77",
        "current_stage": "Title Issued",
        "documents_complete": "1",
        "land_record_available": "1",
        "overlap_percentage": "25.28",
        "previous_rejections": "0",
        "latitude": 21.536533,
        "longitude": 85.61257,
        "status": "Approved"
      }
    },
    {
      "type": "Feature",
      "geometry": {
        "type": "Point",
        "coordinates": [
          81.434353,
          20.32706
        ]
      },
      "properties": {
        "claim_id": "FRA0436",
        "state": "Chhattisgarh",
        "district": "Kanker",
        "village": "Village_58",
        "claim_type": "IFR",
        "claimed_area": "6.85",
        "recorded_area": "6.98",
        "processing_days": "60",
        "current_stage": "Title Issued",
        "documents_complete": "0",
        "land_record_available": "0",
        "overlap_percentage": "18.73",
        "previous_rejections": "3",
        "latitude": 20.32706,
        "longitude": 81.434353,
        "status": "Rejected"
      }
    },
    {
      "type": "Feature",
      "geometry": {
        "type": "Point",
        "coordinates": [
          79.940211,
          20.114539
        ]
      },
      "properties": {
        "claim_id": "FRA0437",
        "state": "Maharashtra",
        "district": "Gadchiroli",
        "village": "Village_79",
        "claim_type": "CR",
        "claimed_area": "7.31",
        "recorded_area": "7.09",
        "processing_days": "136",
        "current_stage": "SDLC",
        "documents_complete": "1",
        "land_record_available": "1",
        "overlap_percentage": "12.92",
        "previous_rejections": "1",
        "latitude": 20.114539,
        "longitude": 79.940211,
        "status": "Rejected"
      }
    },
    {
      "type": "Feature",
      "geometry": {
        "type": "Point",
        "coordinates": [
          86.660254,
          21.971694
        ]
      },
      "properties": {
        "claim_id": "FRA0438",
        "state": "Odisha",
        "district": "Mayurbhanj",
        "village": "Village_5",
        "claim_type": "IFR",
        "claimed_area": "1.86",
        "recorded_area": "1.76",
        "processing_days": "74",
        "current_stage": "DLC",
        "documents_complete": "1",
        "land_record_available": "1",
        "overlap_percentage": "87.63",
        "previous_rejections": "0",
        "latitude": 21.971694,
        "longitude": 86.660254,
        "status": "Approved"
      }
    },
    {
      "type": "Feature",
      "geometry": {
        "type": "Point",
        "coordinates": [
          80.041141,
          21.758606
        ]
      },
      "properties": {
        "claim_id": "FRA0439",
        "state": "Madhya Pradesh",
        "district": "Balaghat",
        "village": "Village_27",
        "claim_type": "IFR",
        "claimed_area": "7.56",
        "recorded_area": "7.91",
        "processing_days": "77",
        "current_stage": "SDLC",
        "documents_complete": "1",
        "land_record_available": "1",
        "overlap_percentage": "39.69",
        "previous_rejections": "3",
        "latitude": 21.758606,
        "longitude": 80.041141,
        "status": "Pending"
      }
    },
    {
      "type": "Feature",
      "geometry": {
        "type": "Point",
        "coordinates": [
          80.114461,
          20.240963
        ]
      },
      "properties": {
        "claim_id": "FRA0440",
        "state": "Maharashtra",
        "district": "Gadchiroli",
        "village": "Village_56",
        "claim_type": "CFR",
        "claimed_area": "3.56",
        "recorded_area": "3.52",
        "processing_days": "93",
        "current_stage": "Title Issued",
        "documents_complete": "0",
        "land_record_available": "0",
        "overlap_percentage": "79.02",
        "previous_rejections": "3",
        "latitude": 20.240963,
        "longitude": 80.114461,
        "status": "Rejected"
      }
    },
    {
      "type": "Feature",
      "geometry": {
        "type": "Point",
        "coordinates": [
          86.747948,
          21.889274
        ]
      },
      "properties": {
        "claim_id": "FRA0441",
        "state": "Odisha",
        "district": "Mayurbhanj",
        "village": "Village_17",
        "claim_type": "CFR",
        "claimed_area": "3.99",
        "recorded_area": "3.9",
        "processing_days": "85",
        "current_stage": "Title Issued",
        "documents_complete": "0",
        "land_record_available": "0",
        "overlap_percentage": "79.07",
        "previous_rejections": "0",
        "latitude": 21.889274,
        "longitude": 86.747948,
        "status": "Approved"
      }
    },
    {
      "type": "Feature",
      "geometry": {
        "type": "Point",
        "coordinates": [
          85.428051,
          23.30126
        ]
      },
      "properties": {
        "claim_id": "FRA0442",
        "state": "Jharkhand",
        "district": "Ranchi",
        "village": "Village_44",
        "claim_type": "CFR",
        "claimed_area": "6.75",
        "recorded_area": "6.21",
        "processing_days": "35",
        "current_stage": "DLC",
        "documents_complete": "1",
        "land_record_available": "1",
        "overlap_percentage": "73.14",
        "previous_rejections": "3",
        "latitude": 23.30126,
        "longitude": 85.428051,
        "status": "Pending"
      }
    },
    {
      "type": "Feature",
      "geometry": {
        "type": "Point",
        "coordinates": [
          80.997757,
          23.058595
        ]
      },
      "properties": {
        "claim_id": "FRA0443",
        "state": "Madhya Pradesh",
        "district": "Dindori",
        "village": "Village_45",
        "claim_type": "CFR",
        "claimed_area": "5.96",
        "recorded_area": "5.11",
        "processing_days": "128",
        "current_stage": "Title Issued",
        "documents_complete": "1",
        "land_record_available": "1",
        "overlap_percentage": "35.89",
        "previous_rejections": "3",
        "latitude": 23.058595,
        "longitude": 80.997757,
        "status": "Pending"
      }
    },
    {
      "type": "Feature",
      "geometry": {
        "type": "Point",
        "coordinates": [
          84.62383,
          23.05058
        ]
      },
      "properties": {
        "claim_id": "FRA0444",
        "state": "Jharkhand",
        "district": "Gumla",
        "village": "Village_68",
        "claim_type": "CR",
        "claimed_area": "5.03",
        "recorded_area": "5.04",
        "processing_days": "174",
        "current_stage": "Gram Sabha",
        "documents_complete": "0",
        "land_record_available": "1",
        "overlap_percentage": "8.55",
        "previous_rejections": "3",
        "latitude": 23.05058,
        "longitude": 84.62383,
        "status": "Pending"
      }
    },
    {
      "type": "Feature",
      "geometry": {
        "type": "Point",
        "coordinates": [
          74.118355,
          21.386598
        ]
      },
      "properties": {
        "claim_id": "FRA0445",
        "state": "Maharashtra",
        "district": "Nandurbar",
        "village": "Village_14",
        "claim_type": "CFR",
        "claimed_area": "4.41",
        "recorded_area": "3.99",
        "processing_days": "57",
        "current_stage": "SDLC",
        "documents_complete": "0",
        "land_record_available": "1",
        "overlap_percentage": "12.81",
        "previous_rejections": "3",
        "latitude": 21.386598,
        "longitude": 74.118355,
        "status": "Approved"
      }
    },
    {
      "type": "Feature",
      "geometry": {
        "type": "Point",
        "coordinates": [
          81.590999,
          20.173517
        ]
      },
      "properties": {
        "claim_id": "FRA0446",
        "state": "Chhattisgarh",
        "district": "Kanker",
        "village": "Village_16",
        "claim_type": "CR",
        "claimed_area": "9.54",
        "recorded_area": "8.25",
        "processing_days": "75",
        "current_stage": "Gram Sabha",
        "documents_complete": "0",
        "land_record_available": "0",
        "overlap_percentage": "38.98",
        "previous_rejections": "1",
        "latitude": 20.173517,
        "longitude": 81.590999,
        "status": "Rejected"
      }
    },
    {
      "type": "Feature",
      "geometry": {
        "type": "Point",
        "coordinates": [
          82.640771,
          18.700915
        ]
      },
      "properties": {
        "claim_id": "FRA0447",
        "state": "Odisha",
        "district": "Koraput",
        "village": "Village_30",
        "claim_type": "CFR",
        "claimed_area": "9.5",
        "recorded_area": "4.2",
        "processing_days": "280",
        "current_stage": "SDLC",
        "documents_complete": "0",
        "land_record_available": "0",
        "overlap_percentage": "92",
        "previous_rejections": "3",
        "latitude": 18.700915,
        "longitude": 82.640771,
        "status": "Pending"
      }
    },
    {
      "type": "Feature",
      "geometry": {
        "type": "Point",
        "coordinates": [
          81.939221,
          19.033761
        ]
      },
      "properties": {
        "claim_id": "FRA0448",
        "state": "Chhattisgarh",
        "district": "Bastar",
        "village": "Village_57",
        "claim_type": "IFR",
        "claimed_area": "7.24",
        "recorded_area": "7.55",
        "processing_days": "128",
        "current_stage": "Gram Sabha",
        "documents_complete": "0",
        "land_record_available": "0",
        "overlap_percentage": "65.47",
        "previous_rejections": "3",
        "latitude": 19.033761,
        "longitude": 81.939221,
        "status": "Approved"
      }
    },
    {
      "type": "Feature",
      "geometry": {
        "type": "Point",
        "coordinates": [
          85.521099,
          21.529846
        ]
      },
      "properties": {
        "claim_id": "FRA0449",
        "state": "Odisha",
        "district": "Keonjhar",
        "village": "Village_56",
        "claim_type": "IFR",
        "claimed_area": "6.8",
        "recorded_area": "6.82",
        "processing_days": "26",
        "current_stage": "SDLC",
        "documents_complete": "1",
        "land_record_available": "0",
        "overlap_percentage": "51.39",
        "previous_rejections": "3",
        "latitude": 21.529846,
        "longitude": 85.521099,
        "status": "Approved"
      }
    },
    {
      "type": "Feature",
      "geometry": {
        "type": "Point",
        "coordinates": [
          80.02501,
          20.173099
        ]
      },
      "properties": {
        "claim_id": "FRA0450",
        "state": "Maharashtra",
        "district": "Gadchiroli",
        "village": "Village_82",
        "claim_type": "IFR",
        "claimed_area": "7.7",
        "recorded_area": "6.57",
        "processing_days": "67",
        "current_stage": "Title Issued",
        "documents_complete": "1",
        "land_record_available": "0",
        "overlap_percentage": "27.17",
        "previous_rejections": "2",
        "latitude": 20.173099,
        "longitude": 80.02501,
        "status": "Pending"
      }
    },
    {
      "type": "Feature",
      "geometry": {
        "type": "Point",
        "coordinates": [
          74.3605,
          21.370635
        ]
      },
      "properties": {
        "claim_id": "FRA0451",
        "state": "Maharashtra",
        "district": "Nandurbar",
        "village": "Village_15",
        "claim_type": "IFR",
        "claimed_area": "6.55",
        "recorded_area": "6.27",
        "processing_days": "33",
        "current_stage": "SDLC",
        "documents_complete": "0",
        "land_record_available": "1",
        "overlap_percentage": "51.4",
        "previous_rejections": "2",
        "latitude": 21.370635,
        "longitude": 74.3605,
        "status": "Pending"
      }
    },
    {
      "type": "Feature",
      "geometry": {
        "type": "Point",
        "coordinates": [
          85.46579,
          21.77552
        ]
      },
      "properties": {
        "claim_id": "FRA0452",
        "state": "Odisha",
        "district": "Keonjhar",
        "village": "Village_40",
        "claim_type": "CFR",
        "claimed_area": "2.06",
        "recorded_area": "1.9",
        "processing_days": "108",
        "current_stage": "DLC",
        "documents_complete": "1",
        "land_record_available": "0",
        "overlap_percentage": "81.28",
        "previous_rejections": "0",
        "latitude": 21.77552,
        "longitude": 85.46579,
        "status": "Rejected"
      }
    },
    {
      "type": "Feature",
      "geometry": {
        "type": "Point",
        "coordinates": [
          84.631721,
          23.174182
        ]
      },
      "properties": {
        "claim_id": "FRA0453",
        "state": "Jharkhand",
        "district": "Gumla",
        "village": "Village_65",
        "claim_type": "CR",
        "claimed_area": "1.51",
        "recorded_area": "1.31",
        "processing_days": "109",
        "current_stage": "DLC",
        "documents_complete": "0",
        "land_record_available": "1",
        "overlap_percentage": "67.15",
        "previous_rejections": "2",
        "latitude": 23.174182,
        "longitude": 84.631721,
        "status": "Rejected"
      }
    },
    {
      "type": "Feature",
      "geometry": {
        "type": "Point",
        "coordinates": [
          81.478856,
          20.226299
        ]
      },
      "properties": {
        "claim_id": "FRA0454",
        "state": "Chhattisgarh",
        "district": "Kanker",
        "village": "Village_70",
        "claim_type": "CR",
        "claimed_area": "4.76",
        "recorded_area": "4.09",
        "processing_days": "80",
        "current_stage": "Title Issued",
        "documents_complete": "0",
        "land_record_available": "0",
        "overlap_percentage": "51.59",
        "previous_rejections": "2",
        "latitude": 20.226299,
        "longitude": 81.478856,
        "status": "Rejected"
      }
    },
    {
      "type": "Feature",
      "geometry": {
        "type": "Point",
        "coordinates": [
          81.390925,
          20.329551
        ]
      },
      "properties": {
        "claim_id": "FRA0455",
        "state": "Chhattisgarh",
        "district": "Kanker",
        "village": "Village_57",
        "claim_type": "CFR",
        "claimed_area": "2.28",
        "recorded_area": "2.37",
        "processing_days": "165",
        "current_stage": "Title Issued",
        "documents_complete": "1",
        "land_record_available": "0",
        "overlap_percentage": "2.77",
        "previous_rejections": "0",
        "latitude": 20.329551,
        "longitude": 81.390925,
        "status": "Pending"
      }
    },
    {
      "type": "Feature",
      "geometry": {
        "type": "Point",
        "coordinates": [
          82.08465,
          19.211689
        ]
      },
      "properties": {
        "claim_id": "FRA0456",
        "state": "Chhattisgarh",
        "district": "Bastar",
        "village": "Village_82",
        "claim_type": "CR",
        "claimed_area": "9.51",
        "recorded_area": "8.91",
        "processing_days": "113",
        "current_stage": "Gram Sabha",
        "documents_complete": "0",
        "land_record_available": "0",
        "overlap_percentage": "31.82",
        "previous_rejections": "2",
        "latitude": 19.211689,
        "longitude": 82.08465,
        "status": "Rejected"
      }
    },
    {
      "type": "Feature",
      "geometry": {
        "type": "Point",
        "coordinates": [
          80.058254,
          20.166431
        ]
      },
      "properties": {
        "claim_id": "FRA0457",
        "state": "Maharashtra",
        "district": "Gadchiroli",
        "village": "Village_39",
        "claim_type": "CFR",
        "claimed_area": "8.5",
        "recorded_area": "8.07",
        "processing_days": "80",
        "current_stage": "DLC",
        "documents_complete": "0",
        "land_record_available": "0",
        "overlap_percentage": "49.89",
        "previous_rejections": "1",
        "latitude": 20.166431,
        "longitude": 80.058254,
        "status": "Rejected"
      }
    },
    {
      "type": "Feature",
      "geometry": {
        "type": "Point",
        "coordinates": [
          83.073228,
          22.910299
        ]
      },
      "properties": {
        "claim_id": "FRA0458",
        "state": "Chhattisgarh",
        "district": "Surguja",
        "village": "Village_97",
        "claim_type": "CR",
        "claimed_area": "6.21",
        "recorded_area": "5.89",
        "processing_days": "103",
        "current_stage": "Gram Sabha",
        "documents_complete": "1",
        "land_record_available": "0",
        "overlap_percentage": "7.31",
        "previous_rejections": "1",
        "latitude": 22.910299,
        "longitude": 83.073228,
        "status": "Pending"
      }
    },
    {
      "type": "Feature",
      "geometry": {
        "type": "Point",
        "coordinates": [
          86.600027,
          21.97639
        ]
      },
      "properties": {
        "claim_id": "FRA0459",
        "state": "Odisha",
        "district": "Mayurbhanj",
        "village": "Village_46",
        "claim_type": "CFR",
        "claimed_area": "6.99",
        "recorded_area": "6.99",
        "processing_days": "52",
        "current_stage": "DLC",
        "documents_complete": "0",
        "land_record_available": "1",
        "overlap_percentage": "9.88",
        "previous_rejections": "2",
        "latitude": 21.97639,
        "longitude": 86.600027,
        "status": "Rejected"
      }
    },
    {
      "type": "Feature",
      "geometry": {
        "type": "Point",
        "coordinates": [
          86.789909,
          21.781615
        ]
      },
      "properties": {
        "claim_id": "FRA0460",
        "state": "Odisha",
        "district": "Mayurbhanj",
        "village": "Village_36",
        "claim_type": "CFR",
        "claimed_area": "8.95",
        "recorded_area": "8.27",
        "processing_days": "59",
        "current_stage": "Title Issued",
        "documents_complete": "0",
        "land_record_available": "1",
        "overlap_percentage": "41.46",
        "previous_rejections": "0",
        "latitude": 21.781615,
        "longitude": 86.789909,
        "status": "Approved"
      }
    },
    {
      "type": "Feature",
      "geometry": {
        "type": "Point",
        "coordinates": [
          86.799446,
          21.924509
        ]
      },
      "properties": {
        "claim_id": "FRA0461",
        "state": "Odisha",
        "district": "Mayurbhanj",
        "village": "Village_14",
        "claim_type": "IFR",
        "claimed_area": "7.92",
        "recorded_area": "7.99",
        "processing_days": "126",
        "current_stage": "Title Issued",
        "documents_complete": "1",
        "land_record_available": "1",
        "overlap_percentage": "89.95",
        "previous_rejections": "2",
        "latitude": 21.924509,
        "longitude": 86.799446,
        "status": "Pending"
      }
    },
    {
      "type": "Feature",
      "geometry": {
        "type": "Point",
        "coordinates": [
          85.176445,
          23.291749
        ]
      },
      "properties": {
        "claim_id": "FRA0462",
        "state": "Jharkhand",
        "district": "Ranchi",
        "village": "Village_82",
        "claim_type": "CR",
        "claimed_area": "1.71",
        "recorded_area": "1.63",
        "processing_days": "158",
        "current_stage": "Title Issued",
        "documents_complete": "0",
        "land_record_available": "1",
        "overlap_percentage": "4.01",
        "previous_rejections": "2",
        "latitude": 23.291749,
        "longitude": 85.176445,
        "status": "Pending"
      }
    },
    {
      "type": "Feature",
      "geometry": {
        "type": "Point",
        "coordinates": [
          86.626357,
          21.929701
        ]
      },
      "properties": {
        "claim_id": "FRA0463",
        "state": "Odisha",
        "district": "Mayurbhanj",
        "village": "Village_34",
        "claim_type": "IFR",
        "claimed_area": "8.43",
        "recorded_area": "8.81",
        "processing_days": "171",
        "current_stage": "SDLC",
        "documents_complete": "1",
        "land_record_available": "1",
        "overlap_percentage": "37.86",
        "previous_rejections": "3",
        "latitude": 21.929701,
        "longitude": 86.626357,
        "status": "Approved"
      }
    },
    {
      "type": "Feature",
      "geometry": {
        "type": "Point",
        "coordinates": [
          82.562984,
          18.889966
        ]
      },
      "properties": {
        "claim_id": "FRA0464",
        "state": "Odisha",
        "district": "Koraput",
        "village": "Village_27",
        "claim_type": "CR",
        "claimed_area": "6.52",
        "recorded_area": "6.45",
        "processing_days": "111",
        "current_stage": "Gram Sabha",
        "documents_complete": "1",
        "land_record_available": "0",
        "overlap_percentage": "48.52",
        "previous_rejections": "1",
        "latitude": 18.889966,
        "longitude": 82.562984,
        "status": "Pending"
      }
    },
    {
      "type": "Feature",
      "geometry": {
        "type": "Point",
        "coordinates": [
          80.488369,
          22.561356
        ]
      },
      "properties": {
        "claim_id": "FRA0465",
        "state": "Madhya Pradesh",
        "district": "Mandla",
        "village": "Village_56",
        "claim_type": "CR",
        "claimed_area": "8.65",
        "recorded_area": "8.6",
        "processing_days": "172",
        "current_stage": "DLC",
        "documents_complete": "1",
        "land_record_available": "0",
        "overlap_percentage": "83.55",
        "previous_rejections": "2",
        "latitude": 22.561356,
        "longitude": 80.488369,
        "status": "Approved"
      }
    },
    {
      "type": "Feature",
      "geometry": {
        "type": "Point",
        "coordinates": [
          81.437114,
          20.210691
        ]
      },
      "properties": {
        "claim_id": "FRA0466",
        "state": "Chhattisgarh",
        "district": "Kanker",
        "village": "Village_58",
        "claim_type": "CR",
        "claimed_area": "6.65",
        "recorded_area": "6.13",
        "processing_days": "52",
        "current_stage": "SDLC",
        "documents_complete": "0",
        "land_record_available": "1",
        "overlap_percentage": "40.22",
        "previous_rejections": "1",
        "latitude": 20.210691,
        "longitude": 81.437114,
        "status": "Rejected"
      }
    },
    {
      "type": "Feature",
      "geometry": {
        "type": "Point",
        "coordinates": [
          80.974291,
          22.831959
        ]
      },
      "properties": {
        "claim_id": "FRA0467",
        "state": "Madhya Pradesh",
        "district": "Dindori",
        "village": "Village_10",
        "claim_type": "CR",
        "claimed_area": "9.4",
        "recorded_area": "8.56",
        "processing_days": "60",
        "current_stage": "Title Issued",
        "documents_complete": "0",
        "land_record_available": "1",
        "overlap_percentage": "11.63",
        "previous_rejections": "2",
        "latitude": 22.831959,
        "longitude": 80.974291,
        "status": "Approved"
      }
    },
    {
      "type": "Feature",
      "geometry": {
        "type": "Point",
        "coordinates": [
          81.568546,
          20.377105
        ]
      },
      "properties": {
        "claim_id": "FRA0468",
        "state": "Chhattisgarh",
        "district": "Kanker",
        "village": "Village_73",
        "claim_type": "IFR",
        "claimed_area": "3.71",
        "recorded_area": "3.27",
        "processing_days": "129",
        "current_stage": "Gram Sabha",
        "documents_complete": "1",
        "land_record_available": "0",
        "overlap_percentage": "61.75",
        "previous_rejections": "2",
        "latitude": 20.377105,
        "longitude": 81.568546,
        "status": "Approved"
      }
    },
    {
      "type": "Feature",
      "geometry": {
        "type": "Point",
        "coordinates": [
          84.509045,
          23.033733
        ]
      },
      "properties": {
        "claim_id": "FRA0469",
        "state": "Jharkhand",
        "district": "Gumla",
        "village": "Village_60",
        "claim_type": "CR",
        "claimed_area": "8.27",
        "recorded_area": "7.55",
        "processing_days": "107",
        "current_stage": "SDLC",
        "documents_complete": "0",
        "land_record_available": "1",
        "overlap_percentage": "18.56",
        "previous_rejections": "0",
        "latitude": 23.033733,
        "longitude": 84.509045,
        "status": "Rejected"
      }
    },
    {
      "type": "Feature",
      "geometry": {
        "type": "Point",
        "coordinates": [
          82.022261,
          19.101028
        ]
      },
      "properties": {
        "claim_id": "FRA0470",
        "state": "Chhattisgarh",
        "district": "Bastar",
        "village": "Village_13",
        "claim_type": "IFR",
        "claimed_area": "5.9",
        "recorded_area": "6.1",
        "processing_days": "39",
        "current_stage": "SDLC",
        "documents_complete": "0",
        "land_record_available": "1",
        "overlap_percentage": "74.32",
        "previous_rejections": "1",
        "latitude": 19.101028,
        "longitude": 82.022261,
        "status": "Pending"
      }
    },
    {
      "type": "Feature",
      "geometry": {
        "type": "Point",
        "coordinates": [
          79.910503,
          20.248056
        ]
      },
      "properties": {
        "claim_id": "FRA0471",
        "state": "Maharashtra",
        "district": "Gadchiroli",
        "village": "Village_79",
        "claim_type": "CFR",
        "claimed_area": "7.92",
        "recorded_area": "6.8",
        "processing_days": "130",
        "current_stage": "Title Issued",
        "documents_complete": "0",
        "land_record_available": "0",
        "overlap_percentage": "12.38",
        "previous_rejections": "0",
        "latitude": 20.248056,
        "longitude": 79.910503,
        "status": "Pending"
      }
    },
    {
      "type": "Feature",
      "geometry": {
        "type": "Point",
        "coordinates": [
          80.440077,
          22.508304
        ]
      },
      "properties": {
        "claim_id": "FRA0472",
        "state": "Madhya Pradesh",
        "district": "Mandla",
        "village": "Village_44",
        "claim_type": "CR",
        "claimed_area": "4.99",
        "recorded_area": "4.74",
        "processing_days": "46",
        "current_stage": "Gram Sabha",
        "documents_complete": "0",
        "land_record_available": "1",
        "overlap_percentage": "35.2",
        "previous_rejections": "0",
        "latitude": 22.508304,
        "longitude": 80.440077,
        "status": "Approved"
      }
    },
    {
      "type": "Feature",
      "geometry": {
        "type": "Point",
        "coordinates": [
          82.601266,
          18.739551
        ]
      },
      "properties": {
        "claim_id": "FRA0473",
        "state": "Odisha",
        "district": "Koraput",
        "village": "Village_62",
        "claim_type": "CR",
        "claimed_area": "8.88",
        "recorded_area": "7.55",
        "processing_days": "24",
        "current_stage": "Title Issued",
        "documents_complete": "1",
        "land_record_available": "1",
        "overlap_percentage": "44.18",
        "previous_rejections": "1",
        "latitude": 18.739551,
        "longitude": 82.601266,
        "status": "Approved"
      }
    },
    {
      "type": "Feature",
      "geometry": {
        "type": "Point",
        "coordinates": [
          82.015127,
          19.064693
        ]
      },
      "properties": {
        "claim_id": "FRA0474",
        "state": "Chhattisgarh",
        "district": "Bastar",
        "village": "Village_42",
        "claim_type": "IFR",
        "claimed_area": "4.32",
        "recorded_area": "3.87",
        "processing_days": "156",
        "current_stage": "DLC",
        "documents_complete": "0",
        "land_record_available": "0",
        "overlap_percentage": "17.05",
        "previous_rejections": "3",
        "latitude": 19.064693,
        "longitude": 82.015127,
        "status": "Rejected"
      }
    },
    {
      "type": "Feature",
      "geometry": {
        "type": "Point",
        "coordinates": [
          84.676103,
          23.090628
        ]
      },
      "properties": {
        "claim_id": "FRA0475",
        "state": "Jharkhand",
        "district": "Gumla",
        "village": "Village_5",
        "claim_type": "CFR",
        "claimed_area": "1.07",
        "recorded_area": "1.01",
        "processing_days": "155",
        "current_stage": "Gram Sabha",
        "documents_complete": "1",
        "land_record_available": "1",
        "overlap_percentage": "5.82",
        "previous_rejections": "1",
        "latitude": 23.090628,
        "longitude": 84.676103,
        "status": "Approved"
      }
    },
    {
      "type": "Feature",
      "geometry": {
        "type": "Point",
        "coordinates": [
          83.137642,
          22.849854
        ]
      },
      "properties": {
        "claim_id": "FRA0476",
        "state": "Chhattisgarh",
        "district": "Surguja",
        "village": "Village_92",
        "claim_type": "IFR",
        "claimed_area": "9.85",
        "recorded_area": "10.21",
        "processing_days": "86",
        "current_stage": "Gram Sabha",
        "documents_complete": "1",
        "land_record_available": "0",
        "overlap_percentage": "59.12",
        "previous_rejections": "0",
        "latitude": 22.849854,
        "longitude": 83.137642,
        "status": "Pending"
      }
    },
    {
      "type": "Feature",
      "geometry": {
        "type": "Point",
        "coordinates": [
          74.151009,
          21.429329
        ]
      },
      "properties": {
        "claim_id": "FRA0477",
        "state": "Maharashtra",
        "district": "Nandurbar",
        "village": "Village_33",
        "claim_type": "CR",
        "claimed_area": "5.85",
        "recorded_area": "6.11",
        "processing_days": "109",
        "current_stage": "SDLC",
        "documents_complete": "0",
        "land_record_available": "1",
        "overlap_percentage": "67.91",
        "previous_rejections": "1",
        "latitude": 21.429329,
        "longitude": 74.151009,
        "status": "Approved"
      }
    },
    {
      "type": "Feature",
      "geometry": {
        "type": "Point",
        "coordinates": [
          80.292123,
          22.591325
        ]
      },
      "properties": {
        "claim_id": "FRA0478",
        "state": "Madhya Pradesh",
        "district": "Mandla",
        "village": "Village_48",
        "claim_type": "CFR",
        "claimed_area": "1.39",
        "recorded_area": "1.31",
        "processing_days": "36",
        "current_stage": "DLC",
        "documents_complete": "0",
        "land_record_available": "0",
        "overlap_percentage": "0.9",
        "previous_rejections": "0",
        "latitude": 22.591325,
        "longitude": 80.292123,
        "status": "Rejected"
      }
    },
    {
      "type": "Feature",
      "geometry": {
        "type": "Point",
        "coordinates": [
          82.824412,
          18.821552
        ]
      },
      "properties": {
        "claim_id": "FRA0479",
        "state": "Odisha",
        "district": "Koraput",
        "village": "Village_90",
        "claim_type": "IFR",
        "claimed_area": "3.94",
        "recorded_area": "3.47",
        "processing_days": "166",
        "current_stage": "Gram Sabha",
        "documents_complete": "1",
        "land_record_available": "1",
        "overlap_percentage": "55.45",
        "previous_rejections": "3",
        "latitude": 18.821552,
        "longitude": 82.824412,
        "status": "Approved"
      }
    },
    {
      "type": "Feature",
      "geometry": {
        "type": "Point",
        "coordinates": [
          80.515894,
          22.672097
        ]
      },
      "properties": {
        "claim_id": "FRA0480",
        "state": "Madhya Pradesh",
        "district": "Mandla",
        "village": "Village_11",
        "claim_type": "IFR",
        "claimed_area": "9.14",
        "recorded_area": "8.06",
        "processing_days": "33",
        "current_stage": "SDLC",
        "documents_complete": "1",
        "land_record_available": "1",
        "overlap_percentage": "0.91",
        "previous_rejections": "3",
        "latitude": 22.672097,
        "longitude": 80.515894,
        "status": "Pending"
      }
    },
    {
      "type": "Feature",
      "geometry": {
        "type": "Point",
        "coordinates": [
          84.496796,
          22.95692
        ]
      },
      "properties": {
        "claim_id": "FRA0481",
        "state": "Jharkhand",
        "district": "Gumla",
        "village": "Village_16",
        "claim_type": "CFR",
        "claimed_area": "1.15",
        "recorded_area": "0.99",
        "processing_days": "75",
        "current_stage": "DLC",
        "documents_complete": "1",
        "land_record_available": "0",
        "overlap_percentage": "88.31",
        "previous_rejections": "0",
        "latitude": 22.95692,
        "longitude": 84.496796,
        "status": "Pending"
      }
    },
    {
      "type": "Feature",
      "geometry": {
        "type": "Point",
        "coordinates": [
          74.181011,
          21.262647
        ]
      },
      "properties": {
        "claim_id": "FRA0482",
        "state": "Maharashtra",
        "district": "Nandurbar",
        "village": "Village_82",
        "claim_type": "CFR",
        "claimed_area": "1.51",
        "recorded_area": "1.36",
        "processing_days": "142",
        "current_stage": "DLC",
        "documents_complete": "0",
        "land_record_available": "0",
        "overlap_percentage": "48.37",
        "previous_rejections": "3",
        "latitude": 21.262647,
        "longitude": 74.181011,
        "status": "Rejected"
      }
    },
    {
      "type": "Feature",
      "geometry": {
        "type": "Point",
        "coordinates": [
          73.746693,
          20.075371
        ]
      },
      "properties": {
        "claim_id": "FRA0483",
        "state": "Maharashtra",
        "district": "Nashik",
        "village": "Village_8",
        "claim_type": "CR",
        "claimed_area": "3.14",
        "recorded_area": "2.73",
        "processing_days": "52",
        "current_stage": "SDLC",
        "documents_complete": "0",
        "land_record_available": "0",
        "overlap_percentage": "60.0",
        "previous_rejections": "2",
        "latitude": 20.075371,
        "longitude": 73.746693,
        "status": "Pending"
      }
    },
    {
      "type": "Feature",
      "geometry": {
        "type": "Point",
        "coordinates": [
          81.503008,
          20.266888
        ]
      },
      "properties": {
        "claim_id": "FRA0484",
        "state": "Chhattisgarh",
        "district": "Kanker",
        "village": "Village_46",
        "claim_type": "CFR",
        "claimed_area": "9.45",
        "recorded_area": "8.04",
        "processing_days": "140",
        "current_stage": "SDLC",
        "documents_complete": "1",
        "land_record_available": "0",
        "overlap_percentage": "85.84",
        "previous_rejections": "1",
        "latitude": 20.266888,
        "longitude": 81.503008,
        "status": "Approved"
      }
    },
    {
      "type": "Feature",
      "geometry": {
        "type": "Point",
        "coordinates": [
          85.574903,
          21.52608
        ]
      },
      "properties": {
        "claim_id": "FRA0485",
        "state": "Odisha",
        "district": "Keonjhar",
        "village": "Village_36",
        "claim_type": "CR",
        "claimed_area": "3.11",
        "recorded_area": "2.92",
        "processing_days": "27",
        "current_stage": "Title Issued",
        "documents_complete": "0",
        "land_record_available": "1",
        "overlap_percentage": "33.78",
        "previous_rejections": "2",
        "latitude": 21.52608,
        "longitude": 85.574903,
        "status": "Rejected"
      }
    },
    {
      "type": "Feature",
      "geometry": {
        "type": "Point",
        "coordinates": [
          80.936639,
          22.901217
        ]
      },
      "properties": {
        "claim_id": "FRA0486",
        "state": "Madhya Pradesh",
        "district": "Dindori",
        "village": "Village_96",
        "claim_type": "CFR",
        "claimed_area": "8.14",
        "recorded_area": "8.27",
        "processing_days": "137",
        "current_stage": "Gram Sabha",
        "documents_complete": "1",
        "land_record_available": "1",
        "overlap_percentage": "43.03",
        "previous_rejections": "1",
        "latitude": 22.901217,
        "longitude": 80.936639,
        "status": "Approved"
      }
    },
    {
      "type": "Feature",
      "geometry": {
        "type": "Point",
        "coordinates": [
          80.977304,
          22.977702
        ]
      },
      "properties": {
        "claim_id": "FRA0487",
        "state": "Madhya Pradesh",
        "district": "Dindori",
        "village": "Village_98",
        "claim_type": "CFR",
        "claimed_area": "6.42",
        "recorded_area": "6.67",
        "processing_days": "142",
        "current_stage": "DLC",
        "documents_complete": "0",
        "land_record_available": "0",
        "overlap_percentage": "14.32",
        "previous_rejections": "2",
        "latitude": 22.977702,
        "longitude": 80.977304,
        "status": "Rejected"
      }
    },
    {
      "type": "Feature",
      "geometry": {
        "type": "Point",
        "coordinates": [
          79.957989,
          20.324545
        ]
      },
      "properties": {
        "claim_id": "FRA0488",
        "state": "Maharashtra",
        "district": "Gadchiroli",
        "village": "Village_75",
        "claim_type": "IFR",
        "claimed_area": "2.99",
        "recorded_area": "2.98",
        "processing_days": "30",
        "current_stage": "DLC",
        "documents_complete": "1",
        "land_record_available": "1",
        "overlap_percentage": "27.21",
        "previous_rejections": "1",
        "latitude": 20.324545,
        "longitude": 79.957989,
        "status": "Approved"
      }
    },
    {
      "type": "Feature",
      "geometry": {
        "type": "Point",
        "coordinates": [
          81.95326,
          19.081661
        ]
      },
      "properties": {
        "claim_id": "FRA0489",
        "state": "Chhattisgarh",
        "district": "Bastar",
        "village": "Village_29",
        "claim_type": "IFR",
        "claimed_area": "3.66",
        "recorded_area": "3.18",
        "processing_days": "46",
        "current_stage": "Gram Sabha",
        "documents_complete": "1",
        "land_record_available": "0",
        "overlap_percentage": "25.36",
        "previous_rejections": "0",
        "latitude": 19.081661,
        "longitude": 81.95326,
        "status": "Pending"
      }
    },
    {
      "type": "Feature",
      "geometry": {
        "type": "Point",
        "coordinates": [
          85.393345,
          23.272457
        ]
      },
      "properties": {
        "claim_id": "FRA0490",
        "state": "Jharkhand",
        "district": "Ranchi",
        "village": "Village_64",
        "claim_type": "IFR",
        "claimed_area": "3.35",
        "recorded_area": "2.86",
        "processing_days": "61",
        "current_stage": "SDLC",
        "documents_complete": "0",
        "land_record_available": "0",
        "overlap_percentage": "39.68",
        "previous_rejections": "1",
        "latitude": 23.272457,
        "longitude": 85.393345,
        "status": "Rejected"
      }
    },
    {
      "type": "Feature",
      "geometry": {
        "type": "Point",
        "coordinates": [
          80.155499,
          21.79152
        ]
      },
      "properties": {
        "claim_id": "FRA0491",
        "state": "Madhya Pradesh",
        "district": "Balaghat",
        "village": "Village_51",
        "claim_type": "CFR",
        "claimed_area": "6.12",
        "recorded_area": "6.17",
        "processing_days": "57",
        "current_stage": "SDLC",
        "documents_complete": "1",
        "land_record_available": "1",
        "overlap_percentage": "76.87",
        "previous_rejections": "2",
        "latitude": 21.79152,
        "longitude": 80.155499,
        "status": "Pending"
      }
    },
    {
      "type": "Feature",
      "geometry": {
        "type": "Point",
        "coordinates": [
          84.459277,
          22.94504
        ]
      },
      "properties": {
        "claim_id": "FRA0492",
        "state": "Jharkhand",
        "district": "Gumla",
        "village": "Village_36",
        "claim_type": "CR",
        "claimed_area": "1.21",
        "recorded_area": "1.17",
        "processing_days": "149",
        "current_stage": "SDLC",
        "documents_complete": "1",
        "land_record_available": "1",
        "overlap_percentage": "43.1",
        "previous_rejections": "1",
        "latitude": 22.94504,
        "longitude": 84.459277,
        "status": "Pending"
      }
    },
    {
      "type": "Feature",
      "geometry": {
        "type": "Point",
        "coordinates": [
          80.078055,
          21.815517
        ]
      },
      "properties": {
        "claim_id": "FRA0493",
        "state": "Madhya Pradesh",
        "district": "Balaghat",
        "village": "Village_71",
        "claim_type": "CFR",
        "claimed_area": "7.16",
        "recorded_area": "6.9",
        "processing_days": "151",
        "current_stage": "DLC",
        "documents_complete": "0",
        "land_record_available": "0",
        "overlap_percentage": "20.11",
        "previous_rejections": "0",
        "latitude": 21.815517,
        "longitude": 80.078055,
        "status": "Approved"
      }
    },
    {
      "type": "Feature",
      "geometry": {
        "type": "Point",
        "coordinates": [
          81.486938,
          20.193745
        ]
      },
      "properties": {
        "claim_id": "FRA0494",
        "state": "Chhattisgarh",
        "district": "Kanker",
        "village": "Village_21",
        "claim_type": "CR",
        "claimed_area": "7.8",
        "recorded_area": "6.95",
        "processing_days": "20",
        "current_stage": "SDLC",
        "documents_complete": "1",
        "land_record_available": "1",
        "overlap_percentage": "7.68",
        "previous_rejections": "2",
        "latitude": 20.193745,
        "longitude": 81.486938,
        "status": "Rejected"
      }
    },
    {
      "type": "Feature",
      "geometry": {
        "type": "Point",
        "coordinates": [
          73.716542,
          20.090532
        ]
      },
      "properties": {
        "claim_id": "FRA0495",
        "state": "Maharashtra",
        "district": "Nashik",
        "village": "Village_88",
        "claim_type": "CFR",
        "claimed_area": "9.99",
        "recorded_area": "10.15",
        "processing_days": "138",
        "current_stage": "DLC",
        "documents_complete": "1",
        "land_record_available": "0",
        "overlap_percentage": "44.98",
        "previous_rejections": "1",
        "latitude": 20.090532,
        "longitude": 73.716542,
        "status": "Rejected"
      }
    },
    {
      "type": "Feature",
      "geometry": {
        "type": "Point",
        "coordinates": [
          84.661423,
          22.536208
        ]
      },
      "properties": {
        "claim_id": "FRA0496",
        "state": "Jharkhand",
        "district": "Simdega",
        "village": "Village_13",
        "claim_type": "CFR",
        "claimed_area": "9.72",
        "recorded_area": "8.5",
        "processing_days": "152",
        "current_stage": "Title Issued",
        "documents_complete": "0",
        "land_record_available": "0",
        "overlap_percentage": "75.11",
        "previous_rejections": "1",
        "latitude": 22.536208,
        "longitude": 84.661423,
        "status": "Approved"
      }
    },
    {
      "type": "Feature",
      "geometry": {
        "type": "Point",
        "coordinates": [
          80.004058,
          20.285064
        ]
      },
      "properties": {
        "claim_id": "FRA0497",
        "state": "Maharashtra",
        "district": "Gadchiroli",
        "village": "Village_28",
        "claim_type": "CFR",
        "claimed_area": "7.82",
        "recorded_area": "6.83",
        "processing_days": "119",
        "current_stage": "Gram Sabha",
        "documents_complete": "1",
        "land_record_available": "1",
        "overlap_percentage": "77.24",
        "previous_rejections": "3",
        "latitude": 20.285064,
        "longitude": 80.004058,
        "status": "Rejected"
      }
    },
    {
      "type": "Feature",
      "geometry": {
        "type": "Point",
        "coordinates": [
          81.02071,
          22.941006
        ]
      },
      "properties": {
        "claim_id": "FRA0498",
        "state": "Madhya Pradesh",
        "district": "Dindori",
        "village": "Village_40",
        "claim_type": "CR",
        "claimed_area": "3.86",
        "recorded_area": "3.69",
        "processing_days": "21",
        "current_stage": "SDLC",
        "documents_complete": "0",
        "land_record_available": "0",
        "overlap_percentage": "2.07",
        "previous_rejections": "2",
        "latitude": 22.941006,
        "longitude": 81.02071,
        "status": "Pending"
      }
    },
    {
      "type": "Feature",
      "geometry": {
        "type": "Point",
        "coordinates": [
          86.624532,
          21.963126
        ]
      },
      "properties": {
        "claim_id": "FRA0499",
        "state": "Odisha",
        "district": "Mayurbhanj",
        "village": "Village_100",
        "claim_type": "CFR",
        "claimed_area": "5.44",
        "recorded_area": "4.83",
        "processing_days": "92",
        "current_stage": "Gram Sabha",
        "documents_complete": "1",
        "land_record_available": "0",
        "overlap_percentage": "38.09",
        "previous_rejections": "2",
        "latitude": 21.963126,
        "longitude": 86.624532,
        "status": "Rejected"
      }
    },
    {
      "type": "Feature",
      "geometry": {
        "type": "Point",
        "coordinates": [
          84.64748,
          23.102225
        ]
      },
      "properties": {
        "claim_id": "FRA0500",
        "state": "Jharkhand",
        "district": "Gumla",
        "village": "Village_23",
        "claim_type": "IFR",
        "claimed_area": "6.24",
        "recorded_area": "5.61",
        "processing_days": "67",
        "current_stage": "Title Issued",
        "documents_complete": "0",
        "land_record_available": "0",
        "overlap_percentage": "69.02",
        "previous_rejections": "2",
        "latitude": 23.102225,
        "longitude": 84.64748,
        "status": "Pending"
      }
    },
    {
      "type": "Feature",
      "geometry": {
        "type": "Point",
        "coordinates": [
          82.780325,
          18.759816
        ]
      },
      "properties": {
        "claim_id": "FRA0501",
        "state": "Odisha",
        "district": "Koraput",
        "village": "Village_28",
        "claim_type": "CR",
        "claimed_area": "7.02",
        "recorded_area": "6.85",
        "processing_days": "83",
        "current_stage": "SDLC",
        "documents_complete": "1",
        "land_record_available": "1",
        "overlap_percentage": "80.54",
        "previous_rejections": "2",
        "latitude": 18.759816,
        "longitude": 82.780325,
        "status": "Approved"
      }
    },
    {
      "type": "Feature",
      "geometry": {
        "type": "Point",
        "coordinates": [
          81.096043,
          22.918456
        ]
      },
      "properties": {
        "claim_id": "FRA0502",
        "state": "Madhya Pradesh",
        "district": "Dindori",
        "village": "Village_17",
        "claim_type": "IFR",
        "claimed_area": "7.35",
        "recorded_area": "7.4",
        "processing_days": "22",
        "current_stage": "SDLC",
        "documents_complete": "1",
        "land_record_available": "1",
        "overlap_percentage": "69.69",
        "previous_rejections": "2",
        "latitude": 22.918456,
        "longitude": 81.096043,
        "status": "Approved"
      }
    },
    {
      "type": "Feature",
      "geometry": {
        "type": "Point",
        "coordinates": [
          80.043807,
          21.746248
        ]
      },
      "properties": {
        "claim_id": "FRA0503",
        "state": "Madhya Pradesh",
        "district": "Balaghat",
        "village": "Village_47",
        "claim_type": "CR",
        "claimed_area": "6.55",
        "recorded_area": "6.51",
        "processing_days": "72",
        "current_stage": "SDLC",
        "documents_complete": "0",
        "land_record_available": "1",
        "overlap_percentage": "39.72",
        "previous_rejections": "3",
        "latitude": 21.746248,
        "longitude": 80.043807,
        "status": "Rejected"
      }
    },
    {
      "type": "Feature",
      "geometry": {
        "type": "Point",
        "coordinates": [
          81.112289,
          22.865934
        ]
      },
      "properties": {
        "claim_id": "FRA0504",
        "state": "Madhya Pradesh",
        "district": "Dindori",
        "village": "Village_37",
        "claim_type": "IFR",
        "claimed_area": "8.02",
        "recorded_area": "7.7",
        "processing_days": "61",
        "current_stage": "Gram Sabha",
        "documents_complete": "0",
        "land_record_available": "0",
        "overlap_percentage": "28.74",
        "previous_rejections": "2",
        "latitude": 22.865934,
        "longitude": 81.112289,
        "status": "Approved"
      }
    },
    {
      "type": "Feature",
      "geometry": {
        "type": "Point",
        "coordinates": [
          74.143876,
          21.479855
        ]
      },
      "properties": {
        "claim_id": "FRA0505",
        "state": "Maharashtra",
        "district": "Nandurbar",
        "village": "Village_52",
        "claim_type": "IFR",
        "claimed_area": "4.75",
        "recorded_area": "4.7",
        "processing_days": "91",
        "current_stage": "Gram Sabha",
        "documents_complete": "1",
        "land_record_available": "1",
        "overlap_percentage": "64.14",
        "previous_rejections": "0",
        "latitude": 21.479855,
        "longitude": 74.143876,
        "status": "Rejected"
      }
    },
    {
      "type": "Feature",
      "geometry": {
        "type": "Point",
        "coordinates": [
          83.054341,
          22.769533
        ]
      },
      "properties": {
        "claim_id": "FRA0506",
        "state": "Chhattisgarh",
        "district": "Surguja",
        "village": "Village_58",
        "claim_type": "CFR",
        "claimed_area": "2.44",
        "recorded_area": "2.14",
        "processing_days": "122",
        "current_stage": "Title Issued",
        "documents_complete": "0",
        "land_record_available": "0",
        "overlap_percentage": "21.23",
        "previous_rejections": "2",
        "latitude": 22.769533,
        "longitude": 83.054341,
        "status": "Pending"
      }
    },
    {
      "type": "Feature",
      "geometry": {
        "type": "Point",
        "coordinates": [
          81.426147,
          20.195816
        ]
      },
      "properties": {
        "claim_id": "FRA0507",
        "state": "Chhattisgarh",
        "district": "Kanker",
        "village": "Village_63",
        "claim_type": "IFR",
        "claimed_area": "5.26",
        "recorded_area": "4.63",
        "processing_days": "85",
        "current_stage": "DLC",
        "documents_complete": "0",
        "land_record_available": "1",
        "overlap_percentage": "58.72",
        "previous_rejections": "2",
        "latitude": 20.195816,
        "longitude": 81.426147,
        "status": "Approved"
      }
    },
    {
      "type": "Feature",
      "geometry": {
        "type": "Point",
        "coordinates": [
          80.055101,
          21.837361
        ]
      },
      "properties": {
        "claim_id": "FRA0508",
        "state": "Madhya Pradesh",
        "district": "Balaghat",
        "village": "Village_9",
        "claim_type": "IFR",
        "claimed_area": "7.83",
        "recorded_area": "6.88",
        "processing_days": "151",
        "current_stage": "DLC",
        "documents_complete": "0",
        "land_record_available": "0",
        "overlap_percentage": "81.19",
        "previous_rejections": "0",
        "latitude": 21.837361,
        "longitude": 80.055101,
        "status": "Rejected"
      }
    },
    {
      "type": "Feature",
      "geometry": {
        "type": "Point",
        "coordinates": [
          81.920466,
          19.039401
        ]
      },
      "properties": {
        "claim_id": "FRA0509",
        "state": "Chhattisgarh",
        "district": "Bastar",
        "village": "Village_23",
        "claim_type": "CFR",
        "claimed_area": "1.03",
        "recorded_area": "0.93",
        "processing_days": "169",
        "current_stage": "SDLC",
        "documents_complete": "0",
        "land_record_available": "1",
        "overlap_percentage": "57.08",
        "previous_rejections": "0",
        "latitude": 19.039401,
        "longitude": 81.920466,
        "status": "Approved"
      }
    },
    {
      "type": "Feature",
      "geometry": {
        "type": "Point",
        "coordinates": [
          80.244576,
          22.652302
        ]
      },
      "properties": {
        "claim_id": "FRA0510",
        "state": "Madhya Pradesh",
        "district": "Mandla",
        "village": "Village_54",
        "claim_type": "CR",
        "claimed_area": "5.67",
        "recorded_area": "5.57",
        "processing_days": "90",
        "current_stage": "Title Issued",
        "documents_complete": "1",
        "land_record_available": "1",
        "overlap_percentage": "72.37",
        "previous_rejections": "1",
        "latitude": 22.652302,
        "longitude": 80.244576,
        "status": "Approved"
      }
    },
    {
      "type": "Feature",
      "geometry": {
        "type": "Point",
        "coordinates": [
          84.39574,
          23.170447
        ]
      },
      "properties": {
        "claim_id": "FRA0511",
        "state": "Jharkhand",
        "district": "Gumla",
        "village": "Village_28",
        "claim_type": "CFR",
        "claimed_area": "4.94",
        "recorded_area": "4.78",
        "processing_days": "98",
        "current_stage": "Gram Sabha",
        "documents_complete": "1",
        "land_record_available": "0",
        "overlap_percentage": "29.55",
        "previous_rejections": "1",
        "latitude": 23.170447,
        "longitude": 84.39574,
        "status": "Approved"
      }
    },
    {
      "type": "Feature",
      "geometry": {
        "type": "Point",
        "coordinates": [
          80.32266,
          21.793432
        ]
      },
      "properties": {
        "claim_id": "FRA0512",
        "state": "Madhya Pradesh",
        "district": "Balaghat",
        "village": "Village_74",
        "claim_type": "CFR",
        "claimed_area": "1.21",
        "recorded_area": "1.03",
        "processing_days": "60",
        "current_stage": "Title Issued",
        "documents_complete": "1",
        "land_record_available": "0",
        "overlap_percentage": "9.42",
        "previous_rejections": "0",
        "latitude": 21.793432,
        "longitude": 80.32266,
        "status": "Approved"
      }
    },
    {
      "type": "Feature",
      "geometry": {
        "type": "Point",
        "coordinates": [
          83.27708,
          22.843072
        ]
      },
      "properties": {
        "claim_id": "FRA0513",
        "state": "Chhattisgarh",
        "district": "Surguja",
        "village": "Village_44",
        "claim_type": "CFR",
        "claimed_area": "2.65",
        "recorded_area": "2.52",
        "processing_days": "38",
        "current_stage": "Title Issued",
        "documents_complete": "1",
        "land_record_available": "0",
        "overlap_percentage": "8.93",
        "previous_rejections": "3",
        "latitude": 22.843072,
        "longitude": 83.27708,
        "status": "Approved"
      }
    },
    {
      "type": "Feature",
      "geometry": {
        "type": "Point",
        "coordinates": [
          81.562838,
          20.386921
        ]
      },
      "properties": {
        "claim_id": "FRA0514",
        "state": "Chhattisgarh",
        "district": "Kanker",
        "village": "Village_4",
        "claim_type": "IFR",
        "claimed_area": "6.89",
        "recorded_area": "7.14",
        "processing_days": "88",
        "current_stage": "SDLC",
        "documents_complete": "0",
        "land_record_available": "0",
        "overlap_percentage": "60.44",
        "previous_rejections": "1",
        "latitude": 20.386921,
        "longitude": 81.562838,
        "status": "Approved"
      }
    },
    {
      "type": "Feature",
      "geometry": {
        "type": "Point",
        "coordinates": [
          84.447085,
          23.03011
        ]
      },
      "properties": {
        "claim_id": "FRA0515",
        "state": "Jharkhand",
        "district": "Gumla",
        "village": "Village_20",
        "claim_type": "IFR",
        "claimed_area": "5.64",
        "recorded_area": "5.31",
        "processing_days": "88",
        "current_stage": "Title Issued",
        "documents_complete": "1",
        "land_record_available": "0",
        "overlap_percentage": "49.21",
        "previous_rejections": "0",
        "latitude": 23.03011,
        "longitude": 84.447085,
        "status": "Rejected"
      }
    },
    {
      "type": "Feature",
      "geometry": {
        "type": "Point",
        "coordinates": [
          80.035112,
          21.842245
        ]
      },
      "properties": {
        "claim_id": "FRA0516",
        "state": "Madhya Pradesh",
        "district": "Balaghat",
        "village": "Village_49",
        "claim_type": "CFR",
        "claimed_area": "1.04",
        "recorded_area": "1.08",
        "processing_days": "151",
        "current_stage": "DLC",
        "documents_complete": "0",
        "land_record_available": "1",
        "overlap_percentage": "55.61",
        "previous_rejections": "2",
        "latitude": 21.842245,
        "longitude": 80.035112,
        "status": "Pending"
      }
    },
    {
      "type": "Feature",
      "geometry": {
        "type": "Point",
        "coordinates": [
          84.59061,
          22.508189
        ]
      },
      "properties": {
        "claim_id": "FRA0517",
        "state": "Jharkhand",
        "district": "Simdega",
        "village": "Village_34",
        "claim_type": "IFR",
        "claimed_area": "4.71",
        "recorded_area": "4.72",
        "processing_days": "40",
        "current_stage": "Title Issued",
        "documents_complete": "1",
        "land_record_available": "1",
        "overlap_percentage": "28.27",
        "previous_rejections": "3",
        "latitude": 22.508189,
        "longitude": 84.59061,
        "status": "Pending"
      }
    },
    {
      "type": "Feature",
      "geometry": {
        "type": "Point",
        "coordinates": [
          80.304866,
          22.593931
        ]
      },
      "properties": {
        "claim_id": "FRA0518",
        "state": "Madhya Pradesh",
        "district": "Mandla",
        "village": "Village_70",
        "claim_type": "IFR",
        "claimed_area": "9.4",
        "recorded_area": "9.82",
        "processing_days": "127",
        "current_stage": "Gram Sabha",
        "documents_complete": "0",
        "land_record_available": "1",
        "overlap_percentage": "52.86",
        "previous_rejections": "2",
        "latitude": 22.593931,
        "longitude": 80.304866,
        "status": "Rejected"
      }
    },
    {
      "type": "Feature",
      "geometry": {
        "type": "Point",
        "coordinates": [
          73.900407,
          19.949065
        ]
      },
      "properties": {
        "claim_id": "FRA0519",
        "state": "Maharashtra",
        "district": "Nashik",
        "village": "Village_63",
        "claim_type": "IFR",
        "claimed_area": "9.57",
        "recorded_area": "8.25",
        "processing_days": "76",
        "current_stage": "Title Issued",
        "documents_complete": "0",
        "land_record_available": "0",
        "overlap_percentage": "50.94",
        "previous_rejections": "0",
        "latitude": 19.949065,
        "longitude": 73.900407,
        "status": "Rejected"
      }
    },
    {
      "type": "Feature",
      "geometry": {
        "type": "Point",
        "coordinates": [
          81.159182,
          22.945187
        ]
      },
      "properties": {
        "claim_id": "FRA0520",
        "state": "Madhya Pradesh",
        "district": "Dindori",
        "village": "Village_81",
        "claim_type": "CR",
        "claimed_area": "6.6",
        "recorded_area": "6.23",
        "processing_days": "99",
        "current_stage": "Gram Sabha",
        "documents_complete": "0",
        "land_record_available": "1",
        "overlap_percentage": "33.88",
        "previous_rejections": "3",
        "latitude": 22.945187,
        "longitude": 81.159182,
        "status": "Pending"
      }
    },
    {
      "type": "Feature",
      "geometry": {
        "type": "Point",
        "coordinates": [
          86.773979,
          21.917338
        ]
      },
      "properties": {
        "claim_id": "FRA0521",
        "state": "Odisha",
        "district": "Mayurbhanj",
        "village": "Village_34",
        "claim_type": "CFR",
        "claimed_area": "3.27",
        "recorded_area": "3.12",
        "processing_days": "20",
        "current_stage": "Gram Sabha",
        "documents_complete": "0",
        "land_record_available": "1",
        "overlap_percentage": "55.44",
        "previous_rejections": "1",
        "latitude": 21.917338,
        "longitude": 86.773979,
        "status": "Rejected"
      }
    },
    {
      "type": "Feature",
      "geometry": {
        "type": "Point",
        "coordinates": [
          82.091981,
          19.011482
        ]
      },
      "properties": {
        "claim_id": "FRA0522",
        "state": "Chhattisgarh",
        "district": "Bastar",
        "village": "Village_88",
        "claim_type": "IFR",
        "claimed_area": "4.09",
        "recorded_area": "3.84",
        "processing_days": "42",
        "current_stage": "SDLC",
        "documents_complete": "0",
        "land_record_available": "1",
        "overlap_percentage": "70.53",
        "previous_rejections": "1",
        "latitude": 19.011482,
        "longitude": 82.091981,
        "status": "Rejected"
      }
    },
    {
      "type": "Feature",
      "geometry": {
        "type": "Point",
        "coordinates": [
          84.600888,
          22.718329
        ]
      },
      "properties": {
        "claim_id": "FRA0523",
        "state": "Jharkhand",
        "district": "Simdega",
        "village": "Village_97",
        "claim_type": "CFR",
        "claimed_area": "8.42",
        "recorded_area": "8.64",
        "processing_days": "171",
        "current_stage": "SDLC",
        "documents_complete": "0",
        "land_record_available": "0",
        "overlap_percentage": "85.49",
        "previous_rejections": "1",
        "latitude": 22.718329,
        "longitude": 84.600888,
        "status": "Approved"
      }
    },
    {
      "type": "Feature",
      "geometry": {
        "type": "Point",
        "coordinates": [
          73.866703,
          19.885679
        ]
      },
      "properties": {
        "claim_id": "FRA0524",
        "state": "Maharashtra",
        "district": "Nashik",
        "village": "Village_57",
        "claim_type": "CFR",
        "claimed_area": "8.42",
        "recorded_area": "8.71",
        "processing_days": "152",
        "current_stage": "Title Issued",
        "documents_complete": "1",
        "land_record_available": "0",
        "overlap_percentage": "36.57",
        "previous_rejections": "0",
        "latitude": 19.885679,
        "longitude": 73.866703,
        "status": "Rejected"
      }
    },
    {
      "type": "Feature",
      "geometry": {
        "type": "Point",
        "coordinates": [
          82.616076,
          18.660064
        ]
      },
      "properties": {
        "claim_id": "FRA0525",
        "state": "Odisha",
        "district": "Koraput",
        "village": "Village_70",
        "claim_type": "IFR",
        "claimed_area": "8.67",
        "recorded_area": "8.62",
        "processing_days": "101",
        "current_stage": "Title Issued",
        "documents_complete": "0",
        "land_record_available": "0",
        "overlap_percentage": "78.3",
        "previous_rejections": "0",
        "latitude": 18.660064,
        "longitude": 82.616076,
        "status": "Pending"
      }
    },
    {
      "type": "Feature",
      "geometry": {
        "type": "Point",
        "coordinates": [
          85.327524,
          23.242712
        ]
      },
      "properties": {
        "claim_id": "FRA0526",
        "state": "Jharkhand",
        "district": "Ranchi",
        "village": "Village_46",
        "claim_type": "CR",
        "claimed_area": "5.61",
        "recorded_area": "4.94",
        "processing_days": "126",
        "current_stage": "Title Issued",
        "documents_complete": "0",
        "land_record_available": "1",
        "overlap_percentage": "3.95",
        "previous_rejections": "2",
        "latitude": 23.242712,
        "longitude": 85.327524,
        "status": "Rejected"
      }
    },
    {
      "type": "Feature",
      "geometry": {
        "type": "Point",
        "coordinates": [
          80.141711,
          21.9058
        ]
      },
      "properties": {
        "claim_id": "FRA0527",
        "state": "Madhya Pradesh",
        "district": "Balaghat",
        "village": "Village_18",
        "claim_type": "CR",
        "claimed_area": "2.18",
        "recorded_area": "1.88",
        "processing_days": "99",
        "current_stage": "SDLC",
        "documents_complete": "1",
        "land_record_available": "0",
        "overlap_percentage": "8.36",
        "previous_rejections": "2",
        "latitude": 21.9058,
        "longitude": 80.141711,
        "status": "Rejected"
      }
    },
    {
      "type": "Feature",
      "geometry": {
        "type": "Point",
        "coordinates": [
          74.334451,
          21.500785
        ]
      },
      "properties": {
        "claim_id": "FRA0528",
        "state": "Maharashtra",
        "district": "Nandurbar",
        "village": "Village_88",
        "claim_type": "CR",
        "claimed_area": "1.96",
        "recorded_area": "1.96",
        "processing_days": "126",
        "current_stage": "Gram Sabha",
        "documents_complete": "1",
        "land_record_available": "1",
        "overlap_percentage": "47.24",
        "previous_rejections": "2",
        "latitude": 21.500785,
        "longitude": 74.334451,
        "status": "Rejected"
      }
    },
    {
      "type": "Feature",
      "geometry": {
        "type": "Point",
        "coordinates": [
          83.324444,
          22.939446
        ]
      },
      "properties": {
        "claim_id": "FRA0529",
        "state": "Chhattisgarh",
        "district": "Surguja",
        "village": "Village_21",
        "claim_type": "IFR",
        "claimed_area": "1.49",
        "recorded_area": "1.27",
        "processing_days": "96",
        "current_stage": "DLC",
        "documents_complete": "0",
        "land_record_available": "1",
        "overlap_percentage": "12.54",
        "previous_rejections": "1",
        "latitude": 22.939446,
        "longitude": 83.324444,
        "status": "Rejected"
      }
    },
    {
      "type": "Feature",
      "geometry": {
        "type": "Point",
        "coordinates": [
          84.600895,
          23.074881
        ]
      },
      "properties": {
        "claim_id": "FRA0530",
        "state": "Jharkhand",
        "district": "Gumla",
        "village": "Village_7",
        "claim_type": "IFR",
        "claimed_area": "8.57",
        "recorded_area": "8.1",
        "processing_days": "167",
        "current_stage": "SDLC",
        "documents_complete": "0",
        "land_record_available": "0",
        "overlap_percentage": "86.75",
        "previous_rejections": "2",
        "latitude": 23.074881,
        "longitude": 84.600895,
        "status": "Approved"
      }
    },
    {
      "type": "Feature",
      "geometry": {
        "type": "Point",
        "coordinates": [
          81.544262,
          20.383232
        ]
      },
      "properties": {
        "claim_id": "FRA0531",
        "state": "Chhattisgarh",
        "district": "Kanker",
        "village": "Village_46",
        "claim_type": "IFR",
        "claimed_area": "2.93",
        "recorded_area": "2.91",
        "processing_days": "179",
        "current_stage": "Title Issued",
        "documents_complete": "1",
        "land_record_available": "1",
        "overlap_percentage": "60.9",
        "previous_rejections": "0",
        "latitude": 20.383232,
        "longitude": 81.544262,
        "status": "Rejected"
      }
    },
    {
      "type": "Feature",
      "geometry": {
        "type": "Point",
        "coordinates": [
          81.421897,
          20.273827
        ]
      },
      "properties": {
        "claim_id": "FRA0532",
        "state": "Chhattisgarh",
        "district": "Kanker",
        "village": "Village_23",
        "claim_type": "IFR",
        "claimed_area": "6.87",
        "recorded_area": "6.41",
        "processing_days": "113",
        "current_stage": "SDLC",
        "documents_complete": "1",
        "land_record_available": "0",
        "overlap_percentage": "22.6",
        "previous_rejections": "1",
        "latitude": 20.273827,
        "longitude": 81.421897,
        "status": "Approved"
      }
    },
    {
      "type": "Feature",
      "geometry": {
        "type": "Point",
        "coordinates": [
          73.635485,
          19.866177
        ]
      },
      "properties": {
        "claim_id": "FRA0533",
        "state": "Maharashtra",
        "district": "Nashik",
        "village": "Village_44",
        "claim_type": "IFR",
        "claimed_area": "9.19",
        "recorded_area": "9.41",
        "processing_days": "28",
        "current_stage": "SDLC",
        "documents_complete": "0",
        "land_record_available": "0",
        "overlap_percentage": "71.92",
        "previous_rejections": "3",
        "latitude": 19.866177,
        "longitude": 73.635485,
        "status": "Pending"
      }
    },
    {
      "type": "Feature",
      "geometry": {
        "type": "Point",
        "coordinates": [
          81.611452,
          20.291421
        ]
      },
      "properties": {
        "claim_id": "FRA0534",
        "state": "Chhattisgarh",
        "district": "Kanker",
        "village": "Village_17",
        "claim_type": "CR",
        "claimed_area": "5.92",
        "recorded_area": "5.34",
        "processing_days": "145",
        "current_stage": "SDLC",
        "documents_complete": "1",
        "land_record_available": "1",
        "overlap_percentage": "6.89",
        "previous_rejections": "1",
        "latitude": 20.291421,
        "longitude": 81.611452,
        "status": "Approved"
      }
    },
    {
      "type": "Feature",
      "geometry": {
        "type": "Point",
        "coordinates": [
          80.264335,
          21.683669
        ]
      },
      "properties": {
        "claim_id": "FRA0535",
        "state": "Madhya Pradesh",
        "district": "Balaghat",
        "village": "Village_49",
        "claim_type": "IFR",
        "claimed_area": "8.77",
        "recorded_area": "7.76",
        "processing_days": "157",
        "current_stage": "SDLC",
        "documents_complete": "1",
        "land_record_available": "1",
        "overlap_percentage": "1.29",
        "previous_rejections": "1",
        "latitude": 21.683669,
        "longitude": 80.264335,
        "status": "Pending"
      }
    },
    {
      "type": "Feature",
      "geometry": {
        "type": "Point",
        "coordinates": [
          81.597345,
          20.331677
        ]
      },
      "properties": {
        "claim_id": "FRA0536",
        "state": "Chhattisgarh",
        "district": "Kanker",
        "village": "Village_67",
        "claim_type": "IFR",
        "claimed_area": "3.06",
        "recorded_area": "3.01",
        "processing_days": "37",
        "current_stage": "Title Issued",
        "documents_complete": "1",
        "land_record_available": "0",
        "overlap_percentage": "60.37",
        "previous_rejections": "2",
        "latitude": 20.331677,
        "longitude": 81.597345,
        "status": "Rejected"
      }
    },
    {
      "type": "Feature",
      "geometry": {
        "type": "Point",
        "coordinates": [
          86.868608,
          22.053645
        ]
      },
      "properties": {
        "claim_id": "FRA0537",
        "state": "Odisha",
        "district": "Mayurbhanj",
        "village": "Village_99",
        "claim_type": "CFR",
        "claimed_area": "1.85",
        "recorded_area": "1.69",
        "processing_days": "175",
        "current_stage": "Gram Sabha",
        "documents_complete": "0",
        "land_record_available": "1",
        "overlap_percentage": "58.24",
        "previous_rejections": "1",
        "latitude": 22.053645,
        "longitude": 86.868608,
        "status": "Pending"
      }
    },
    {
      "type": "Feature",
      "geometry": {
        "type": "Point",
        "coordinates": [
          80.011455,
          20.053864
        ]
      },
      "properties": {
        "claim_id": "FRA0538",
        "state": "Maharashtra",
        "district": "Gadchiroli",
        "village": "Village_21",
        "claim_type": "CR",
        "claimed_area": "7.82",
        "recorded_area": "8.21",
        "processing_days": "56",
        "current_stage": "SDLC",
        "documents_complete": "0",
        "land_record_available": "0",
        "overlap_percentage": "55.54",
        "previous_rejections": "0",
        "latitude": 20.053864,
        "longitude": 80.011455,
        "status": "Rejected"
      }
    },
    {
      "type": "Feature",
      "geometry": {
        "type": "Point",
        "coordinates": [
          84.606527,
          22.490753
        ]
      },
      "properties": {
        "claim_id": "FRA0539",
        "state": "Jharkhand",
        "district": "Simdega",
        "village": "Village_81",
        "claim_type": "CR",
        "claimed_area": "4.44",
        "recorded_area": "4.6",
        "processing_days": "159",
        "current_stage": "DLC",
        "documents_complete": "1",
        "land_record_available": "0",
        "overlap_percentage": "28.21",
        "previous_rejections": "1",
        "latitude": 22.490753,
        "longitude": 84.606527,
        "status": "Rejected"
      }
    },
    {
      "type": "Feature",
      "geometry": {
        "type": "Point",
        "coordinates": [
          73.856731,
          20.073804
        ]
      },
      "properties": {
        "claim_id": "FRA0540",
        "state": "Maharashtra",
        "district": "Nashik",
        "village": "Village_78",
        "claim_type": "CFR",
        "claimed_area": "5.03",
        "recorded_area": "4.56",
        "processing_days": "116",
        "current_stage": "Gram Sabha",
        "documents_complete": "0",
        "land_record_available": "1",
        "overlap_percentage": "9.11",
        "previous_rejections": "2",
        "latitude": 20.073804,
        "longitude": 73.856731,
        "status": "Approved"
      }
    },
    {
      "type": "Feature",
      "geometry": {
        "type": "Point",
        "coordinates": [
          81.395287,
          20.245922
        ]
      },
      "properties": {
        "claim_id": "FRA0541",
        "state": "Chhattisgarh",
        "district": "Kanker",
        "village": "Village_39",
        "claim_type": "CFR",
        "claimed_area": "5.17",
        "recorded_area": "5.24",
        "processing_days": "121",
        "current_stage": "Title Issued",
        "documents_complete": "1",
        "land_record_available": "0",
        "overlap_percentage": "62.63",
        "previous_rejections": "2",
        "latitude": 20.245922,
        "longitude": 81.395287,
        "status": "Approved"
      }
    },
    {
      "type": "Feature",
      "geometry": {
        "type": "Point",
        "coordinates": [
          81.498165,
          20.349239
        ]
      },
      "properties": {
        "claim_id": "FRA0542",
        "state": "Chhattisgarh",
        "district": "Kanker",
        "village": "Village_52",
        "claim_type": "CR",
        "claimed_area": "8.98",
        "recorded_area": "8.48",
        "processing_days": "175",
        "current_stage": "Title Issued",
        "documents_complete": "1",
        "land_record_available": "1",
        "overlap_percentage": "86.5",
        "previous_rejections": "3",
        "latitude": 20.349239,
        "longitude": 81.498165,
        "status": "Pending"
      }
    },
    {
      "type": "Feature",
      "geometry": {
        "type": "Point",
        "coordinates": [
          79.977621,
          20.042689
        ]
      },
      "properties": {
        "claim_id": "FRA0543",
        "state": "Maharashtra",
        "district": "Gadchiroli",
        "village": "Village_88",
        "claim_type": "CFR",
        "claimed_area": "2.83",
        "recorded_area": "2.75",
        "processing_days": "44",
        "current_stage": "Gram Sabha",
        "documents_complete": "1",
        "land_record_available": "0",
        "overlap_percentage": "34.52",
        "previous_rejections": "0",
        "latitude": 20.042689,
        "longitude": 79.977621,
        "status": "Pending"
      }
    },
    {
      "type": "Feature",
      "geometry": {
        "type": "Point",
        "coordinates": [
          81.61027,
          20.264544
        ]
      },
      "properties": {
        "claim_id": "FRA0544",
        "state": "Chhattisgarh",
        "district": "Kanker",
        "village": "Village_17",
        "claim_type": "CFR",
        "claimed_area": "6.26",
        "recorded_area": "5.39",
        "processing_days": "163",
        "current_stage": "Title Issued",
        "documents_complete": "1",
        "land_record_available": "1",
        "overlap_percentage": "16.24",
        "previous_rejections": "0",
        "latitude": 20.264544,
        "longitude": 81.61027,
        "status": "Pending"
      }
    },
    {
      "type": "Feature",
      "geometry": {
        "type": "Point",
        "coordinates": [
          85.379982,
          23.330006
        ]
      },
      "properties": {
        "claim_id": "FRA0545",
        "state": "Jharkhand",
        "district": "Ranchi",
        "village": "Village_7",
        "claim_type": "IFR",
        "claimed_area": "6.27",
        "recorded_area": "5.82",
        "processing_days": "154",
        "current_stage": "Title Issued",
        "documents_complete": "1",
        "land_record_available": "1",
        "overlap_percentage": "15.65",
        "previous_rejections": "0",
        "latitude": 23.330006,
        "longitude": 85.379982,
        "status": "Approved"
      }
    },
    {
      "type": "Feature",
      "geometry": {
        "type": "Point",
        "coordinates": [
          80.100458,
          21.891543
        ]
      },
      "properties": {
        "claim_id": "FRA0546",
        "state": "Madhya Pradesh",
        "district": "Balaghat",
        "village": "Village_85",
        "claim_type": "CFR",
        "claimed_area": "1.8",
        "recorded_area": "1.86",
        "processing_days": "37",
        "current_stage": "Gram Sabha",
        "documents_complete": "0",
        "land_record_available": "1",
        "overlap_percentage": "36.85",
        "previous_rejections": "2",
        "latitude": 21.891543,
        "longitude": 80.100458,
        "status": "Approved"
      }
    },
    {
      "type": "Feature",
      "geometry": {
        "type": "Point",
        "coordinates": [
          85.451231,
          23.430508
        ]
      },
      "properties": {
        "claim_id": "FRA0547",
        "state": "Jharkhand",
        "district": "Ranchi",
        "village": "Village_15",
        "claim_type": "CR",
        "claimed_area": "2.59",
        "recorded_area": "2.54",
        "processing_days": "58",
        "current_stage": "Gram Sabha",
        "documents_complete": "0",
        "land_record_available": "0",
        "overlap_percentage": "62.4",
        "previous_rejections": "0",
        "latitude": 23.430508,
        "longitude": 85.451231,
        "status": "Pending"
      }
    },
    {
      "type": "Feature",
      "geometry": {
        "type": "Point",
        "coordinates": [
          85.265449,
          23.312439
        ]
      },
      "properties": {
        "claim_id": "FRA0548",
        "state": "Jharkhand",
        "district": "Ranchi",
        "village": "Village_30",
        "claim_type": "IFR",
        "claimed_area": "9.96",
        "recorded_area": "9.51",
        "processing_days": "95",
        "current_stage": "Gram Sabha",
        "documents_complete": "0",
        "land_record_available": "1",
        "overlap_percentage": "32.85",
        "previous_rejections": "0",
        "latitude": 23.312439,
        "longitude": 85.265449,
        "status": "Pending"
      }
    },
    {
      "type": "Feature",
      "geometry": {
        "type": "Point",
        "coordinates": [
          73.824274,
          20.125972
        ]
      },
      "properties": {
        "claim_id": "FRA0549",
        "state": "Maharashtra",
        "district": "Nashik",
        "village": "Village_12",
        "claim_type": "IFR",
        "claimed_area": "6.33",
        "recorded_area": "6.61",
        "processing_days": "76",
        "current_stage": "DLC",
        "documents_complete": "1",
        "land_record_available": "1",
        "overlap_percentage": "79.63",
        "previous_rejections": "2",
        "latitude": 20.125972,
        "longitude": 73.824274,
        "status": "Pending"
      }
    },
    {
      "type": "Feature",
      "geometry": {
        "type": "Point",
        "coordinates": [
          85.422443,
          23.435305
        ]
      },
      "properties": {
        "claim_id": "FRA0550",
        "state": "Jharkhand",
        "district": "Ranchi",
        "village": "Village_98",
        "claim_type": "IFR",
        "claimed_area": "1.9",
        "recorded_area": "1.86",
        "processing_days": "51",
        "current_stage": "DLC",
        "documents_complete": "0",
        "land_record_available": "0",
        "overlap_percentage": "8.59",
        "previous_rejections": "3",
        "latitude": 23.435305,
        "longitude": 85.422443,
        "status": "Approved"
      }
    },
    {
      "type": "Feature",
      "geometry": {
        "type": "Point",
        "coordinates": [
          81.807629,
          19.130949
        ]
      },
      "properties": {
        "claim_id": "FRA0551",
        "state": "Chhattisgarh",
        "district": "Bastar",
        "village": "Village_91",
        "claim_type": "IFR",
        "claimed_area": "3.92",
        "recorded_area": "3.43",
        "processing_days": "63",
        "current_stage": "Title Issued",
        "documents_complete": "0",
        "land_record_available": "0",
        "overlap_percentage": "28.6",
        "previous_rejections": "3",
        "latitude": 19.130949,
        "longitude": 81.807629,
        "status": "Pending"
      }
    },
    {
      "type": "Feature",
      "geometry": {
        "type": "Point",
        "coordinates": [
          82.812808,
          18.876413
        ]
      },
      "properties": {
        "claim_id": "FRA0552",
        "state": "Odisha",
        "district": "Koraput",
        "village": "Village_97",
        "claim_type": "CR",
        "claimed_area": "5.02",
        "recorded_area": "5.1",
        "processing_days": "79",
        "current_stage": "Gram Sabha",
        "documents_complete": "0",
        "land_record_available": "1",
        "overlap_percentage": "84.49",
        "previous_rejections": "3",
        "latitude": 18.876413,
        "longitude": 82.812808,
        "status": "Approved"
      }
    },
    {
      "type": "Feature",
      "geometry": {
        "type": "Point",
        "coordinates": [
          85.270923,
          23.245393
        ]
      },
      "properties": {
        "claim_id": "FRA0553",
        "state": "Jharkhand",
        "district": "Ranchi",
        "village": "Village_14",
        "claim_type": "IFR",
        "claimed_area": "4.37",
        "recorded_area": "3.93",
        "processing_days": "31",
        "current_stage": "DLC",
        "documents_complete": "1",
        "land_record_available": "0",
        "overlap_percentage": "20.32",
        "previous_rejections": "3",
        "latitude": 23.245393,
        "longitude": 85.270923,
        "status": "Pending"
      }
    },
    {
      "type": "Feature",
      "geometry": {
        "type": "Point",
        "coordinates": [
          74.372398,
          21.399955
        ]
      },
      "properties": {
        "claim_id": "FRA0554",
        "state": "Maharashtra",
        "district": "Nandurbar",
        "village": "Village_86",
        "claim_type": "IFR",
        "claimed_area": "4.48",
        "recorded_area": "4.64",
        "processing_days": "88",
        "current_stage": "Gram Sabha",
        "documents_complete": "0",
        "land_record_available": "0",
        "overlap_percentage": "74.95",
        "previous_rejections": "0",
        "latitude": 21.399955,
        "longitude": 74.372398,
        "status": "Rejected"
      }
    },
    {
      "type": "Feature",
      "geometry": {
        "type": "Point",
        "coordinates": [
          86.676859,
          21.816658
        ]
      },
      "properties": {
        "claim_id": "FRA0555",
        "state": "Odisha",
        "district": "Mayurbhanj",
        "village": "Village_2",
        "claim_type": "IFR",
        "claimed_area": "1.7",
        "recorded_area": "1.49",
        "processing_days": "69",
        "current_stage": "Gram Sabha",
        "documents_complete": "1",
        "land_record_available": "0",
        "overlap_percentage": "15.13",
        "previous_rejections": "3",
        "latitude": 21.816658,
        "longitude": 86.676859,
        "status": "Approved"
      }
    },
    {
      "type": "Feature",
      "geometry": {
        "type": "Point",
        "coordinates": [
          81.001629,
          22.849942
        ]
      },
      "properties": {
        "claim_id": "FRA0556",
        "state": "Madhya Pradesh",
        "district": "Dindori",
        "village": "Village_99",
        "claim_type": "IFR",
        "claimed_area": "3.29",
        "recorded_area": "3.15",
        "processing_days": "20",
        "current_stage": "Title Issued",
        "documents_complete": "1",
        "land_record_available": "1",
        "overlap_percentage": "82.72",
        "previous_rejections": "2",
        "latitude": 22.849942,
        "longitude": 81.001629,
        "status": "Pending"
      }
    },
    {
      "type": "Feature",
      "geometry": {
        "type": "Point",
        "coordinates": [
          85.690326,
          21.73924
        ]
      },
      "properties": {
        "claim_id": "FRA0557",
        "state": "Odisha",
        "district": "Keonjhar",
        "village": "Village_48",
        "claim_type": "CFR",
        "claimed_area": "1.39",
        "recorded_area": "1.23",
        "processing_days": "129",
        "current_stage": "Title Issued",
        "documents_complete": "1",
        "land_record_available": "0",
        "overlap_percentage": "48.08",
        "previous_rejections": "1",
        "latitude": 21.73924,
        "longitude": 85.690326,
        "status": "Rejected"
      }
    },
    {
      "type": "Feature",
      "geometry": {
        "type": "Point",
        "coordinates": [
          82.719246,
          18.707755
        ]
      },
      "properties": {
        "claim_id": "FRA0558",
        "state": "Odisha",
        "district": "Koraput",
        "village": "Village_49",
        "claim_type": "CR",
        "claimed_area": "3.1",
        "recorded_area": "2.8",
        "processing_days": "88",
        "current_stage": "SDLC",
        "documents_complete": "0",
        "land_record_available": "1",
        "overlap_percentage": "76.37",
        "previous_rejections": "1",
        "latitude": 18.707755,
        "longitude": 82.719246,
        "status": "Rejected"
      }
    },
    {
      "type": "Feature",
      "geometry": {
        "type": "Point",
        "coordinates": [
          86.861173,
          21.923085
        ]
      },
      "properties": {
        "claim_id": "FRA0559",
        "state": "Odisha",
        "district": "Mayurbhanj",
        "village": "Village_63",
        "claim_type": "IFR",
        "claimed_area": "2.11",
        "recorded_area": "1.82",
        "processing_days": "170",
        "current_stage": "Title Issued",
        "documents_complete": "0",
        "land_record_available": "0",
        "overlap_percentage": "80.25",
        "previous_rejections": "1",
        "latitude": 21.923085,
        "longitude": 86.861173,
        "status": "Rejected"
      }
    },
    {
      "type": "Feature",
      "geometry": {
        "type": "Point",
        "coordinates": [
          81.845559,
          19.084123
        ]
      },
      "properties": {
        "claim_id": "FRA0560",
        "state": "Chhattisgarh",
        "district": "Bastar",
        "village": "Village_92",
        "claim_type": "CR",
        "claimed_area": "2.07",
        "recorded_area": "2.03",
        "processing_days": "158",
        "current_stage": "Gram Sabha",
        "documents_complete": "0",
        "land_record_available": "1",
        "overlap_percentage": "38.45",
        "previous_rejections": "2",
        "latitude": 19.084123,
        "longitude": 81.845559,
        "status": "Pending"
      }
    },
    {
      "type": "Feature",
      "geometry": {
        "type": "Point",
        "coordinates": [
          85.448204,
          23.2444
        ]
      },
      "properties": {
        "claim_id": "FRA0561",
        "state": "Jharkhand",
        "district": "Ranchi",
        "village": "Village_100",
        "claim_type": "IFR",
        "claimed_area": "1.23",
        "recorded_area": "1.08",
        "processing_days": "133",
        "current_stage": "SDLC",
        "documents_complete": "0",
        "land_record_available": "1",
        "overlap_percentage": "71.72",
        "previous_rejections": "2",
        "latitude": 23.2444,
        "longitude": 85.448204,
        "status": "Pending"
      }
    },
    {
      "type": "Feature",
      "geometry": {
        "type": "Point",
        "coordinates": [
          80.498396,
          22.45784
        ]
      },
      "properties": {
        "claim_id": "FRA0562",
        "state": "Madhya Pradesh",
        "district": "Mandla",
        "village": "Village_78",
        "claim_type": "IFR",
        "claimed_area": "1.81",
        "recorded_area": "1.61",
        "processing_days": "82",
        "current_stage": "Title Issued",
        "documents_complete": "1",
        "land_record_available": "0",
        "overlap_percentage": "35.78",
        "previous_rejections": "1",
        "latitude": 22.45784,
        "longitude": 80.498396,
        "status": "Pending"
      }
    },
    {
      "type": "Feature",
      "geometry": {
        "type": "Point",
        "coordinates": [
          85.528369,
          21.703602
        ]
      },
      "properties": {
        "claim_id": "FRA0563",
        "state": "Odisha",
        "district": "Keonjhar",
        "village": "Village_87",
        "claim_type": "CR",
        "claimed_area": "2.06",
        "recorded_area": "1.8",
        "processing_days": "103",
        "current_stage": "Title Issued",
        "documents_complete": "1",
        "land_record_available": "0",
        "overlap_percentage": "10.15",
        "previous_rejections": "0",
        "latitude": 21.703602,
        "longitude": 85.528369,
        "status": "Pending"
      }
    },
    {
      "type": "Feature",
      "geometry": {
        "type": "Point",
        "coordinates": [
          82.764385,
          18.923927
        ]
      },
      "properties": {
        "claim_id": "FRA0564",
        "state": "Odisha",
        "district": "Koraput",
        "village": "Village_3",
        "claim_type": "CFR",
        "claimed_area": "7.4",
        "recorded_area": "6.88",
        "processing_days": "150",
        "current_stage": "Title Issued",
        "documents_complete": "1",
        "land_record_available": "1",
        "overlap_percentage": "43.99",
        "previous_rejections": "0",
        "latitude": 18.923927,
        "longitude": 82.764385,
        "status": "Pending"
      }
    },
    {
      "type": "Feature",
      "geometry": {
        "type": "Point",
        "coordinates": [
          85.438278,
          23.196004
        ]
      },
      "properties": {
        "claim_id": "FRA0565",
        "state": "Jharkhand",
        "district": "Ranchi",
        "village": "Village_47",
        "claim_type": "CR",
        "claimed_area": "8.88",
        "recorded_area": "8.31",
        "processing_days": "96",
        "current_stage": "Title Issued",
        "documents_complete": "1",
        "land_record_available": "1",
        "overlap_percentage": "41.05",
        "previous_rejections": "1",
        "latitude": 23.196004,
        "longitude": 85.438278,
        "status": "Approved"
      }
    },
    {
      "type": "Feature",
      "geometry": {
        "type": "Point",
        "coordinates": [
          84.462054,
          23.032473
        ]
      },
      "properties": {
        "claim_id": "FRA0566",
        "state": "Jharkhand",
        "district": "Gumla",
        "village": "Village_28",
        "claim_type": "IFR",
        "claimed_area": "5.55",
        "recorded_area": "5.64",
        "processing_days": "98",
        "current_stage": "DLC",
        "documents_complete": "1",
        "land_record_available": "1",
        "overlap_percentage": "35.38",
        "previous_rejections": "1",
        "latitude": 23.032473,
        "longitude": 84.462054,
        "status": "Pending"
      }
    },
    {
      "type": "Feature",
      "geometry": {
        "type": "Point",
        "coordinates": [
          82.035336,
          18.955669
        ]
      },
      "properties": {
        "claim_id": "FRA0567",
        "state": "Chhattisgarh",
        "district": "Bastar",
        "village": "Village_39",
        "claim_type": "CR",
        "claimed_area": "4.93",
        "recorded_area": "4.8",
        "processing_days": "146",
        "current_stage": "SDLC",
        "documents_complete": "1",
        "land_record_available": "1",
        "overlap_percentage": "80.76",
        "previous_rejections": "2",
        "latitude": 18.955669,
        "longitude": 82.035336,
        "status": "Pending"
      }
    },
    {
      "type": "Feature",
      "geometry": {
        "type": "Point",
        "coordinates": [
          79.884197,
          20.151448
        ]
      },
      "properties": {
        "claim_id": "FRA0568",
        "state": "Maharashtra",
        "district": "Gadchiroli",
        "village": "Village_63",
        "claim_type": "IFR",
        "claimed_area": "6.79",
        "recorded_area": "6.54",
        "processing_days": "61",
        "current_stage": "SDLC",
        "documents_complete": "0",
        "land_record_available": "1",
        "overlap_percentage": "41.83",
        "previous_rejections": "2",
        "latitude": 20.151448,
        "longitude": 79.884197,
        "status": "Rejected"
      }
    },
    {
      "type": "Feature",
      "geometry": {
        "type": "Point",
        "coordinates": [
          84.644604,
          22.929233
        ]
      },
      "properties": {
        "claim_id": "FRA0569",
        "state": "Jharkhand",
        "district": "Gumla",
        "village": "Village_93",
        "claim_type": "IFR",
        "claimed_area": "6.7",
        "recorded_area": "5.83",
        "processing_days": "156",
        "current_stage": "SDLC",
        "documents_complete": "1",
        "land_record_available": "1",
        "overlap_percentage": "45.93",
        "previous_rejections": "3",
        "latitude": 22.929233,
        "longitude": 84.644604,
        "status": "Approved"
      }
    },
    {
      "type": "Feature",
      "geometry": {
        "type": "Point",
        "coordinates": [
          73.667118,
          19.895244
        ]
      },
      "properties": {
        "claim_id": "FRA0570",
        "state": "Maharashtra",
        "district": "Nashik",
        "village": "Village_54",
        "claim_type": "CR",
        "claimed_area": "1.43",
        "recorded_area": "1.24",
        "processing_days": "123",
        "current_stage": "DLC",
        "documents_complete": "1",
        "land_record_available": "0",
        "overlap_percentage": "62.71",
        "previous_rejections": "1",
        "latitude": 19.895244,
        "longitude": 73.667118,
        "status": "Pending"
      }
    },
    {
      "type": "Feature",
      "geometry": {
        "type": "Point",
        "coordinates": [
          81.993967,
          19.031648
        ]
      },
      "properties": {
        "claim_id": "FRA0571",
        "state": "Chhattisgarh",
        "district": "Bastar",
        "village": "Village_4",
        "claim_type": "CR",
        "claimed_area": "4.38",
        "recorded_area": "4.13",
        "processing_days": "147",
        "current_stage": "Title Issued",
        "documents_complete": "0",
        "land_record_available": "0",
        "overlap_percentage": "85.02",
        "previous_rejections": "3",
        "latitude": 19.031648,
        "longitude": 81.993967,
        "status": "Approved"
      }
    },
    {
      "type": "Feature",
      "geometry": {
        "type": "Point",
        "coordinates": [
          81.974337,
          19.24985
        ]
      },
      "properties": {
        "claim_id": "FRA0572",
        "state": "Chhattisgarh",
        "district": "Bastar",
        "village": "Village_79",
        "claim_type": "IFR",
        "claimed_area": "5.89",
        "recorded_area": "5.33",
        "processing_days": "80",
        "current_stage": "Title Issued",
        "documents_complete": "1",
        "land_record_available": "0",
        "overlap_percentage": "22.39",
        "previous_rejections": "2",
        "latitude": 19.24985,
        "longitude": 81.974337,
        "status": "Approved"
      }
    },
    {
      "type": "Feature",
      "geometry": {
        "type": "Point",
        "coordinates": [
          81.349444,
          20.416555
        ]
      },
      "properties": {
        "claim_id": "FRA0573",
        "state": "Chhattisgarh",
        "district": "Kanker",
        "village": "Village_46",
        "claim_type": "CFR",
        "claimed_area": "7.81",
        "recorded_area": "8.16",
        "processing_days": "112",
        "current_stage": "SDLC",
        "documents_complete": "1",
        "land_record_available": "0",
        "overlap_percentage": "4.11",
        "previous_rejections": "1",
        "latitude": 20.416555,
        "longitude": 81.349444,
        "status": "Approved"
      }
    },
    {
      "type": "Feature",
      "geometry": {
        "type": "Point",
        "coordinates": [
          85.719408,
          21.73607
        ]
      },
      "properties": {
        "claim_id": "FRA0574",
        "state": "Odisha",
        "district": "Keonjhar",
        "village": "Village_16",
        "claim_type": "CR",
        "claimed_area": "7.35",
        "recorded_area": "7.52",
        "processing_days": "146",
        "current_stage": "DLC",
        "documents_complete": "1",
        "land_record_available": "0",
        "overlap_percentage": "51.11",
        "previous_rejections": "0",
        "latitude": 21.73607,
        "longitude": 85.719408,
        "status": "Pending"
      }
    },
    {
      "type": "Feature",
      "geometry": {
        "type": "Point",
        "coordinates": [
          83.136497,
          22.859574
        ]
      },
      "properties": {
        "claim_id": "FRA0575",
        "state": "Chhattisgarh",
        "district": "Surguja",
        "village": "Village_17",
        "claim_type": "IFR",
        "claimed_area": "7.05",
        "recorded_area": "6.14",
        "processing_days": "37",
        "current_stage": "DLC",
        "documents_complete": "1",
        "land_record_available": "0",
        "overlap_percentage": "51.96",
        "previous_rejections": "1",
        "latitude": 22.859574,
        "longitude": 83.136497,
        "status": "Pending"
      }
    },
    {
      "type": "Feature",
      "geometry": {
        "type": "Point",
        "coordinates": [
          82.769758,
          18.69155
        ]
      },
      "properties": {
        "claim_id": "FRA0576",
        "state": "Odisha",
        "district": "Koraput",
        "village": "Village_63",
        "claim_type": "IFR",
        "claimed_area": "3.2",
        "recorded_area": "2.87",
        "processing_days": "67",
        "current_stage": "Gram Sabha",
        "documents_complete": "0",
        "land_record_available": "0",
        "overlap_percentage": "89.58",
        "previous_rejections": "0",
        "latitude": 18.69155,
        "longitude": 82.769758,
        "status": "Approved"
      }
    },
    {
      "type": "Feature",
      "geometry": {
        "type": "Point",
        "coordinates": [
          85.548559,
          21.527928
        ]
      },
      "properties": {
        "claim_id": "FRA0577",
        "state": "Odisha",
        "district": "Keonjhar",
        "village": "Village_28",
        "claim_type": "IFR",
        "claimed_area": "3.43",
        "recorded_area": "3.16",
        "processing_days": "31",
        "current_stage": "Gram Sabha",
        "documents_complete": "0",
        "land_record_available": "1",
        "overlap_percentage": "2.69",
        "previous_rejections": "1",
        "latitude": 21.527928,
        "longitude": 85.548559,
        "status": "Pending"
      }
    },
    {
      "type": "Feature",
      "geometry": {
        "type": "Point",
        "coordinates": [
          73.689456,
          19.883483
        ]
      },
      "properties": {
        "claim_id": "FRA0578",
        "state": "Maharashtra",
        "district": "Nashik",
        "village": "Village_63",
        "claim_type": "IFR",
        "claimed_area": "5.0",
        "recorded_area": "4.72",
        "processing_days": "161",
        "current_stage": "DLC",
        "documents_complete": "1",
        "land_record_available": "0",
        "overlap_percentage": "86.71",
        "previous_rejections": "1",
        "latitude": 19.883483,
        "longitude": 73.689456,
        "status": "Pending"
      }
    },
    {
      "type": "Feature",
      "geometry": {
        "type": "Point",
        "coordinates": [
          81.567809,
          20.401743
        ]
      },
      "properties": {
        "claim_id": "FRA0579",
        "state": "Chhattisgarh",
        "district": "Kanker",
        "village": "Village_82",
        "claim_type": "CR",
        "claimed_area": "3.57",
        "recorded_area": "3.18",
        "processing_days": "75",
        "current_stage": "Gram Sabha",
        "documents_complete": "0",
        "land_record_available": "0",
        "overlap_percentage": "42.26",
        "previous_rejections": "3",
        "latitude": 20.401743,
        "longitude": 81.567809,
        "status": "Approved"
      }
    },
    {
      "type": "Feature",
      "geometry": {
        "type": "Point",
        "coordinates": [
          81.228459,
          23.080138
        ]
      },
      "properties": {
        "claim_id": "FRA0580",
        "state": "Madhya Pradesh",
        "district": "Dindori",
        "village": "Village_87",
        "claim_type": "CFR",
        "claimed_area": "4.65",
        "recorded_area": "4.29",
        "processing_days": "118",
        "current_stage": "SDLC",
        "documents_complete": "0",
        "land_record_available": "0",
        "overlap_percentage": "16.12",
        "previous_rejections": "0",
        "latitude": 23.080138,
        "longitude": 81.228459,
        "status": "Rejected"
      }
    },
    {
      "type": "Feature",
      "geometry": {
        "type": "Point",
        "coordinates": [
          80.99183,
          22.836423
        ]
      },
      "properties": {
        "claim_id": "FRA0581",
        "state": "Madhya Pradesh",
        "district": "Dindori",
        "village": "Village_23",
        "claim_type": "CR",
        "claimed_area": "5.72",
        "recorded_area": "5.81",
        "processing_days": "89",
        "current_stage": "Title Issued",
        "documents_complete": "1",
        "land_record_available": "1",
        "overlap_percentage": "34.9",
        "previous_rejections": "0",
        "latitude": 22.836423,
        "longitude": 80.99183,
        "status": "Approved"
      }
    },
    {
      "type": "Feature",
      "geometry": {
        "type": "Point",
        "coordinates": [
          86.771998,
          21.864903
        ]
      },
      "properties": {
        "claim_id": "FRA0582",
        "state": "Odisha",
        "district": "Mayurbhanj",
        "village": "Village_31",
        "claim_type": "CR",
        "claimed_area": "8.05",
        "recorded_area": "8.23",
        "processing_days": "34",
        "current_stage": "Gram Sabha",
        "documents_complete": "1",
        "land_record_available": "0",
        "overlap_percentage": "4.19",
        "previous_rejections": "0",
        "latitude": 21.864903,
        "longitude": 86.771998,
        "status": "Approved"
      }
    },
    {
      "type": "Feature",
      "geometry": {
        "type": "Point",
        "coordinates": [
          73.899146,
          19.969346
        ]
      },
      "properties": {
        "claim_id": "FRA0583",
        "state": "Maharashtra",
        "district": "Nashik",
        "village": "Village_1",
        "claim_type": "CR",
        "claimed_area": "4.27",
        "recorded_area": "4.12",
        "processing_days": "138",
        "current_stage": "Gram Sabha",
        "documents_complete": "0",
        "land_record_available": "0",
        "overlap_percentage": "89.69",
        "previous_rejections": "1",
        "latitude": 19.969346,
        "longitude": 73.899146,
        "status": "Rejected"
      }
    },
    {
      "type": "Feature",
      "geometry": {
        "type": "Point",
        "coordinates": [
          81.05616,
          22.986203
        ]
      },
      "properties": {
        "claim_id": "FRA0584",
        "state": "Madhya Pradesh",
        "district": "Dindori",
        "village": "Village_24",
        "claim_type": "CFR",
        "claimed_area": "7.77",
        "recorded_area": "6.73",
        "processing_days": "69",
        "current_stage": "Gram Sabha",
        "documents_complete": "0",
        "land_record_available": "0",
        "overlap_percentage": "80.31",
        "previous_rejections": "0",
        "latitude": 22.986203,
        "longitude": 81.05616,
        "status": "Rejected"
      }
    },
    {
      "type": "Feature",
      "geometry": {
        "type": "Point",
        "coordinates": [
          81.179427,
          22.920945
        ]
      },
      "properties": {
        "claim_id": "FRA0585",
        "state": "Madhya Pradesh",
        "district": "Dindori",
        "village": "Village_72",
        "claim_type": "CFR",
        "claimed_area": "4.31",
        "recorded_area": "4.23",
        "processing_days": "45",
        "current_stage": "DLC",
        "documents_complete": "0",
        "land_record_available": "0",
        "overlap_percentage": "85.41",
        "previous_rejections": "3",
        "latitude": 22.920945,
        "longitude": 81.179427,
        "status": "Pending"
      }
    },
    {
      "type": "Feature",
      "geometry": {
        "type": "Point",
        "coordinates": [
          80.089315,
          20.092047
        ]
      },
      "properties": {
        "claim_id": "FRA0586",
        "state": "Maharashtra",
        "district": "Gadchiroli",
        "village": "Village_11",
        "claim_type": "CFR",
        "claimed_area": "3.93",
        "recorded_area": "4.1",
        "processing_days": "102",
        "current_stage": "SDLC",
        "documents_complete": "1",
        "land_record_available": "0",
        "overlap_percentage": "56.1",
        "previous_rejections": "2",
        "latitude": 20.092047,
        "longitude": 80.089315,
        "status": "Approved"
      }
    },
    {
      "type": "Feature",
      "geometry": {
        "type": "Point",
        "coordinates": [
          86.657767,
          21.859373
        ]
      },
      "properties": {
        "claim_id": "FRA0587",
        "state": "Odisha",
        "district": "Mayurbhanj",
        "village": "Village_56",
        "claim_type": "IFR",
        "claimed_area": "5.17",
        "recorded_area": "4.87",
        "processing_days": "170",
        "current_stage": "Gram Sabha",
        "documents_complete": "1",
        "land_record_available": "1",
        "overlap_percentage": "24.89",
        "previous_rejections": "0",
        "latitude": 21.859373,
        "longitude": 86.657767,
        "status": "Rejected"
      }
    },
    {
      "type": "Feature",
      "geometry": {
        "type": "Point",
        "coordinates": [
          84.468153,
          23.163843
        ]
      },
      "properties": {
        "claim_id": "FRA0588",
        "state": "Jharkhand",
        "district": "Gumla",
        "village": "Village_7",
        "claim_type": "CFR",
        "claimed_area": "2.2",
        "recorded_area": "2.24",
        "processing_days": "142",
        "current_stage": "Gram Sabha",
        "documents_complete": "0",
        "land_record_available": "0",
        "overlap_percentage": "13.43",
        "previous_rejections": "3",
        "latitude": 23.163843,
        "longitude": 84.468153,
        "status": "Pending"
      }
    },
    {
      "type": "Feature",
      "geometry": {
        "type": "Point",
        "coordinates": [
          74.181838,
          21.281291
        ]
      },
      "properties": {
        "claim_id": "FRA0589",
        "state": "Maharashtra",
        "district": "Nandurbar",
        "village": "Village_85",
        "claim_type": "IFR",
        "claimed_area": "1.5",
        "recorded_area": "1.35",
        "processing_days": "138",
        "current_stage": "Gram Sabha",
        "documents_complete": "1",
        "land_record_available": "1",
        "overlap_percentage": "16.74",
        "previous_rejections": "3",
        "latitude": 21.281291,
        "longitude": 74.181838,
        "status": "Pending"
      }
    },
    {
      "type": "Feature",
      "geometry": {
        "type": "Point",
        "coordinates": [
          82.585899,
          18.806385
        ]
      },
      "properties": {
        "claim_id": "FRA0590",
        "state": "Odisha",
        "district": "Koraput",
        "village": "Village_35",
        "claim_type": "CR",
        "claimed_area": "9.18",
        "recorded_area": "8.59",
        "processing_days": "45",
        "current_stage": "DLC",
        "documents_complete": "0",
        "land_record_available": "1",
        "overlap_percentage": "58.09",
        "previous_rejections": "0",
        "latitude": 18.806385,
        "longitude": 82.585899,
        "status": "Pending"
      }
    },
    {
      "type": "Feature",
      "geometry": {
        "type": "Point",
        "coordinates": [
          84.526596,
          22.680123
        ]
      },
      "properties": {
        "claim_id": "FRA0591",
        "state": "Jharkhand",
        "district": "Simdega",
        "village": "Village_4",
        "claim_type": "CR",
        "claimed_area": "6.23",
        "recorded_area": "5.7",
        "processing_days": "34",
        "current_stage": "SDLC",
        "documents_complete": "1",
        "land_record_available": "1",
        "overlap_percentage": "62.2",
        "previous_rejections": "1",
        "latitude": 22.680123,
        "longitude": 84.526596,
        "status": "Approved"
      }
    },
    {
      "type": "Feature",
      "geometry": {
        "type": "Point",
        "coordinates": [
          81.875654,
          19.206783
        ]
      },
      "properties": {
        "claim_id": "FRA0592",
        "state": "Chhattisgarh",
        "district": "Bastar",
        "village": "Village_7",
        "claim_type": "CR",
        "claimed_area": "1.54",
        "recorded_area": "1.5",
        "processing_days": "168",
        "current_stage": "DLC",
        "documents_complete": "0",
        "land_record_available": "1",
        "overlap_percentage": "37.73",
        "previous_rejections": "0",
        "latitude": 19.206783,
        "longitude": 81.875654,
        "status": "Approved"
      }
    },
    {
      "type": "Feature",
      "geometry": {
        "type": "Point",
        "coordinates": [
          86.653031,
          22.002923
        ]
      },
      "properties": {
        "claim_id": "FRA0593",
        "state": "Odisha",
        "district": "Mayurbhanj",
        "village": "Village_53",
        "claim_type": "CR",
        "claimed_area": "9.44",
        "recorded_area": "8.93",
        "processing_days": "85",
        "current_stage": "DLC",
        "documents_complete": "0",
        "land_record_available": "0",
        "overlap_percentage": "86.27",
        "previous_rejections": "1",
        "latitude": 22.002923,
        "longitude": 86.653031,
        "status": "Rejected"
      }
    },
    {
      "type": "Feature",
      "geometry": {
        "type": "Point",
        "coordinates": [
          86.688498,
          21.984377
        ]
      },
      "properties": {
        "claim_id": "FRA0594",
        "state": "Odisha",
        "district": "Mayurbhanj",
        "village": "Village_82",
        "claim_type": "CR",
        "claimed_area": "4.59",
        "recorded_area": "4.45",
        "processing_days": "73",
        "current_stage": "Title Issued",
        "documents_complete": "1",
        "land_record_available": "1",
        "overlap_percentage": "68.71",
        "previous_rejections": "3",
        "latitude": 21.984377,
        "longitude": 86.688498,
        "status": "Pending"
      }
    },
    {
      "type": "Feature",
      "geometry": {
        "type": "Point",
        "coordinates": [
          74.197875,
          21.422214
        ]
      },
      "properties": {
        "claim_id": "FRA0595",
        "state": "Maharashtra",
        "district": "Nandurbar",
        "village": "Village_38",
        "claim_type": "IFR",
        "claimed_area": "7.93",
        "recorded_area": "8.0",
        "processing_days": "150",
        "current_stage": "DLC",
        "documents_complete": "0",
        "land_record_available": "1",
        "overlap_percentage": "21.5",
        "previous_rejections": "2",
        "latitude": 21.422214,
        "longitude": 74.197875,
        "status": "Pending"
      }
    },
    {
      "type": "Feature",
      "geometry": {
        "type": "Point",
        "coordinates": [
          85.562793,
          21.593112
        ]
      },
      "properties": {
        "claim_id": "FRA0596",
        "state": "Odisha",
        "district": "Keonjhar",
        "village": "Village_15",
        "claim_type": "CR",
        "claimed_area": "8.67",
        "recorded_area": "7.7",
        "processing_days": "108",
        "current_stage": "Gram Sabha",
        "documents_complete": "0",
        "land_record_available": "0",
        "overlap_percentage": "46.94",
        "previous_rejections": "3",
        "latitude": 21.593112,
        "longitude": 85.562793,
        "status": "Approved"
      }
    },
    {
      "type": "Feature",
      "geometry": {
        "type": "Point",
        "coordinates": [
          86.781495,
          21.888365
        ]
      },
      "properties": {
        "claim_id": "FRA0597",
        "state": "Odisha",
        "district": "Mayurbhanj",
        "village": "Village_1",
        "claim_type": "IFR",
        "claimed_area": "6.84",
        "recorded_area": "6.4",
        "processing_days": "173",
        "current_stage": "Gram Sabha",
        "documents_complete": "1",
        "land_record_available": "1",
        "overlap_percentage": "89.76",
        "previous_rejections": "3",
        "latitude": 21.888365,
        "longitude": 86.781495,
        "status": "Approved"
      }
    },
    {
      "type": "Feature",
      "geometry": {
        "type": "Point",
        "coordinates": [
          85.442549,
          21.751108
        ]
      },
      "properties": {
        "claim_id": "FRA0598",
        "state": "Odisha",
        "district": "Keonjhar",
        "village": "Village_24",
        "claim_type": "CFR",
        "claimed_area": "7.01",
        "recorded_area": "6.65",
        "processing_days": "30",
        "current_stage": "Title Issued",
        "documents_complete": "1",
        "land_record_available": "1",
        "overlap_percentage": "74.65",
        "previous_rejections": "0",
        "latitude": 21.751108,
        "longitude": 85.442549,
        "status": "Pending"
      }
    },
    {
      "type": "Feature",
      "geometry": {
        "type": "Point",
        "coordinates": [
          82.780146,
          18.815838
        ]
      },
      "properties": {
        "claim_id": "FRA0599",
        "state": "Odisha",
        "district": "Koraput",
        "village": "Village_17",
        "claim_type": "CFR",
        "claimed_area": "8.64",
        "recorded_area": "8.64",
        "processing_days": "58",
        "current_stage": "SDLC",
        "documents_complete": "1",
        "land_record_available": "1",
        "overlap_percentage": "34.58",
        "previous_rejections": "0",
        "latitude": 18.815838,
        "longitude": 82.780146,
        "status": "Rejected"
      }
    },
    {
      "type": "Feature",
      "geometry": {
        "type": "Point",
        "coordinates": [
          74.176672,
          21.246126
        ]
      },
      "properties": {
        "claim_id": "FRA0600",
        "state": "Maharashtra",
        "district": "Nandurbar",
        "village": "Village_47",
        "claim_type": "CR",
        "claimed_area": "6.86",
        "recorded_area": "6.81",
        "processing_days": "74",
        "current_stage": "Gram Sabha",
        "documents_complete": "1",
        "land_record_available": "0",
        "overlap_percentage": "46.75",
        "previous_rejections": "2",
        "latitude": 21.246126,
        "longitude": 74.176672,
        "status": "Rejected"
      }
    },
    {
      "type": "Feature",
      "geometry": {
        "type": "Point",
        "coordinates": [
          81.596025,
          20.243666
        ]
      },
      "properties": {
        "claim_id": "FRA0601",
        "state": "Chhattisgarh",
        "district": "Kanker",
        "village": "Village_37",
        "claim_type": "CFR",
        "claimed_area": "6.35",
        "recorded_area": "5.97",
        "processing_days": "84",
        "current_stage": "DLC",
        "documents_complete": "1",
        "land_record_available": "0",
        "overlap_percentage": "19.57",
        "previous_rejections": "3",
        "latitude": 20.243666,
        "longitude": 81.596025,
        "status": "Rejected"
      }
    },
    {
      "type": "Feature",
      "geometry": {
        "type": "Point",
        "coordinates": [
          80.002439,
          20.275837
        ]
      },
      "properties": {
        "claim_id": "FRA0602",
        "state": "Maharashtra",
        "district": "Gadchiroli",
        "village": "Village_6",
        "claim_type": "CFR",
        "claimed_area": "2.79",
        "recorded_area": "2.68",
        "processing_days": "102",
        "current_stage": "Gram Sabha",
        "documents_complete": "1",
        "land_record_available": "0",
        "overlap_percentage": "17.08",
        "previous_rejections": "3",
        "latitude": 20.275837,
        "longitude": 80.002439,
        "status": "Rejected"
      }
    },
    {
      "type": "Feature",
      "geometry": {
        "type": "Point",
        "coordinates": [
          85.377882,
          23.259984
        ]
      },
      "properties": {
        "claim_id": "FRA0603",
        "state": "Jharkhand",
        "district": "Ranchi",
        "village": "Village_31",
        "claim_type": "IFR",
        "claimed_area": "6.05",
        "recorded_area": "5.62",
        "processing_days": "67",
        "current_stage": "Title Issued",
        "documents_complete": "0",
        "land_record_available": "1",
        "overlap_percentage": "56.06",
        "previous_rejections": "1",
        "latitude": 23.259984,
        "longitude": 85.377882,
        "status": "Rejected"
      }
    },
    {
      "type": "Feature",
      "geometry": {
        "type": "Point",
        "coordinates": [
          81.979318,
          19.0041
        ]
      },
      "properties": {
        "claim_id": "FRA0604",
        "state": "Chhattisgarh",
        "district": "Bastar",
        "village": "Village_53",
        "claim_type": "IFR",
        "claimed_area": "2.76",
        "recorded_area": "2.73",
        "processing_days": "23",
        "current_stage": "Title Issued",
        "documents_complete": "0",
        "land_record_available": "1",
        "overlap_percentage": "40.44",
        "previous_rejections": "3",
        "latitude": 19.0041,
        "longitude": 81.979318,
        "status": "Approved"
      }
    },
    {
      "type": "Feature",
      "geometry": {
        "type": "Point",
        "coordinates": [
          80.979688,
          23.011249
        ]
      },
      "properties": {
        "claim_id": "FRA0605",
        "state": "Madhya Pradesh",
        "district": "Dindori",
        "village": "Village_95",
        "claim_type": "IFR",
        "claimed_area": "5.21",
        "recorded_area": "5.4",
        "processing_days": "86",
        "current_stage": "Gram Sabha",
        "documents_complete": "0",
        "land_record_available": "1",
        "overlap_percentage": "83.8",
        "previous_rejections": "0",
        "latitude": 23.011249,
        "longitude": 80.979688,
        "status": "Rejected"
      }
    },
    {
      "type": "Feature",
      "geometry": {
        "type": "Point",
        "coordinates": [
          81.390451,
          20.266697
        ]
      },
      "properties": {
        "claim_id": "FRA0606",
        "state": "Chhattisgarh",
        "district": "Kanker",
        "village": "Village_74",
        "claim_type": "CFR",
        "claimed_area": "9.7",
        "recorded_area": "10.11",
        "processing_days": "122",
        "current_stage": "Gram Sabha",
        "documents_complete": "1",
        "land_record_available": "1",
        "overlap_percentage": "79.59",
        "previous_rejections": "2",
        "latitude": 20.266697,
        "longitude": 81.390451,
        "status": "Approved"
      }
    },
    {
      "type": "Feature",
      "geometry": {
        "type": "Point",
        "coordinates": [
          74.159464,
          21.354289
        ]
      },
      "properties": {
        "claim_id": "FRA0607",
        "state": "Maharashtra",
        "district": "Nandurbar",
        "village": "Village_49",
        "claim_type": "CR",
        "claimed_area": "9.01",
        "recorded_area": "8.14",
        "processing_days": "26",
        "current_stage": "Gram Sabha",
        "documents_complete": "0",
        "land_record_available": "1",
        "overlap_percentage": "75.25",
        "previous_rejections": "2",
        "latitude": 21.354289,
        "longitude": 74.159464,
        "status": "Approved"
      }
    },
    {
      "type": "Feature",
      "geometry": {
        "type": "Point",
        "coordinates": [
          84.405921,
          22.681947
        ]
      },
      "properties": {
        "claim_id": "FRA0608",
        "state": "Jharkhand",
        "district": "Simdega",
        "village": "Village_45",
        "claim_type": "IFR",
        "claimed_area": "6.81",
        "recorded_area": "6.92",
        "processing_days": "115",
        "current_stage": "DLC",
        "documents_complete": "0",
        "land_record_available": "0",
        "overlap_percentage": "24.48",
        "previous_rejections": "3",
        "latitude": 22.681947,
        "longitude": 84.405921,
        "status": "Approved"
      }
    },
    {
      "type": "Feature",
      "geometry": {
        "type": "Point",
        "coordinates": [
          73.823372,
          20.05285
        ]
      },
      "properties": {
        "claim_id": "FRA0609",
        "state": "Maharashtra",
        "district": "Nashik",
        "village": "Village_27",
        "claim_type": "CR",
        "claimed_area": "8.18",
        "recorded_area": "8.15",
        "processing_days": "47",
        "current_stage": "Gram Sabha",
        "documents_complete": "1",
        "land_record_available": "1",
        "overlap_percentage": "31.64",
        "previous_rejections": "3",
        "latitude": 20.05285,
        "longitude": 73.823372,
        "status": "Approved"
      }
    },
    {
      "type": "Feature",
      "geometry": {
        "type": "Point",
        "coordinates": [
          85.249609,
          23.236151
        ]
      },
      "properties": {
        "claim_id": "FRA0610",
        "state": "Jharkhand",
        "district": "Ranchi",
        "village": "Village_8",
        "claim_type": "CFR",
        "claimed_area": "9.03",
        "recorded_area": "8.96",
        "processing_days": "44",
        "current_stage": "SDLC",
        "documents_complete": "0",
        "land_record_available": "0",
        "overlap_percentage": "28.16",
        "previous_rejections": "3",
        "latitude": 23.236151,
        "longitude": 85.249609,
        "status": "Rejected"
      }
    },
    {
      "type": "Feature",
      "geometry": {
        "type": "Point",
        "coordinates": [
          81.515647,
          20.174096
        ]
      },
      "properties": {
        "claim_id": "FRA0611",
        "state": "Chhattisgarh",
        "district": "Kanker",
        "village": "Village_65",
        "claim_type": "CR",
        "claimed_area": "1.05",
        "recorded_area": "1.08",
        "processing_days": "120",
        "current_stage": "Gram Sabha",
        "documents_complete": "1",
        "land_record_available": "0",
        "overlap_percentage": "41.17",
        "previous_rejections": "3",
        "latitude": 20.174096,
        "longitude": 81.515647,
        "status": "Rejected"
      }
    },
    {
      "type": "Feature",
      "geometry": {
        "type": "Point",
        "coordinates": [
          84.447078,
          22.910764
        ]
      },
      "properties": {
        "claim_id": "FRA0612",
        "state": "Jharkhand",
        "district": "Gumla",
        "village": "Village_57",
        "claim_type": "CR",
        "claimed_area": "8.37",
        "recorded_area": "7.95",
        "processing_days": "146",
        "current_stage": "Title Issued",
        "documents_complete": "0",
        "land_record_available": "0",
        "overlap_percentage": "22.79",
        "previous_rejections": "0",
        "latitude": 22.910764,
        "longitude": 84.447078,
        "status": "Approved"
      }
    },
    {
      "type": "Feature",
      "geometry": {
        "type": "Point",
        "coordinates": [
          82.794855,
          18.815713
        ]
      },
      "properties": {
        "claim_id": "FRA0613",
        "state": "Odisha",
        "district": "Koraput",
        "village": "Village_52",
        "claim_type": "IFR",
        "claimed_area": "7.2",
        "recorded_area": "6.6",
        "processing_days": "101",
        "current_stage": "Title Issued",
        "documents_complete": "0",
        "land_record_available": "1",
        "overlap_percentage": "15.97",
        "previous_rejections": "0",
        "latitude": 18.815713,
        "longitude": 82.794855,
        "status": "Approved"
      }
    },
    {
      "type": "Feature",
      "geometry": {
        "type": "Point",
        "coordinates": [
          86.613656,
          21.843862
        ]
      },
      "properties": {
        "claim_id": "FRA0614",
        "state": "Odisha",
        "district": "Mayurbhanj",
        "village": "Village_55",
        "claim_type": "CFR",
        "claimed_area": "3.28",
        "recorded_area": "3.16",
        "processing_days": "151",
        "current_stage": "Gram Sabha",
        "documents_complete": "0",
        "land_record_available": "1",
        "overlap_percentage": "45.03",
        "previous_rejections": "1",
        "latitude": 21.843862,
        "longitude": 86.613656,
        "status": "Approved"
      }
    },
    {
      "type": "Feature",
      "geometry": {
        "type": "Point",
        "coordinates": [
          86.784107,
          21.92927
        ]
      },
      "properties": {
        "claim_id": "FRA0615",
        "state": "Odisha",
        "district": "Mayurbhanj",
        "village": "Village_70",
        "claim_type": "CR",
        "claimed_area": "8.52",
        "recorded_area": "7.95",
        "processing_days": "68",
        "current_stage": "Title Issued",
        "documents_complete": "1",
        "land_record_available": "0",
        "overlap_percentage": "47.05",
        "previous_rejections": "1",
        "latitude": 21.92927,
        "longitude": 86.784107,
        "status": "Approved"
      }
    },
    {
      "type": "Feature",
      "geometry": {
        "type": "Point",
        "coordinates": [
          73.750037,
          19.856593
        ]
      },
      "properties": {
        "claim_id": "FRA0616",
        "state": "Maharashtra",
        "district": "Nashik",
        "village": "Village_49",
        "claim_type": "IFR",
        "claimed_area": "8.17",
        "recorded_area": "7.35",
        "processing_days": "71",
        "current_stage": "Title Issued",
        "documents_complete": "0",
        "land_record_available": "0",
        "overlap_percentage": "51.09",
        "previous_rejections": "3",
        "latitude": 19.856593,
        "longitude": 73.750037,
        "status": "Approved"
      }
    },
    {
      "type": "Feature",
      "geometry": {
        "type": "Point",
        "coordinates": [
          85.450003,
          23.440929
        ]
      },
      "properties": {
        "claim_id": "FRA0617",
        "state": "Jharkhand",
        "district": "Ranchi",
        "village": "Village_93",
        "claim_type": "CR",
        "claimed_area": "4.44",
        "recorded_area": "3.88",
        "processing_days": "76",
        "current_stage": "Gram Sabha",
        "documents_complete": "0",
        "land_record_available": "1",
        "overlap_percentage": "29.64",
        "previous_rejections": "2",
        "latitude": 23.440929,
        "longitude": 85.450003,
        "status": "Rejected"
      }
    },
    {
      "type": "Feature",
      "geometry": {
        "type": "Point",
        "coordinates": [
          85.211359,
          23.196494
        ]
      },
      "properties": {
        "claim_id": "FRA0618",
        "state": "Jharkhand",
        "district": "Ranchi",
        "village": "Village_17",
        "claim_type": "CR",
        "claimed_area": "9.27",
        "recorded_area": "9.62",
        "processing_days": "31",
        "current_stage": "Gram Sabha",
        "documents_complete": "0",
        "land_record_available": "1",
        "overlap_percentage": "81.17",
        "previous_rejections": "1",
        "latitude": 23.196494,
        "longitude": 85.211359,
        "status": "Pending"
      }
    },
    {
      "type": "Feature",
      "geometry": {
        "type": "Point",
        "coordinates": [
          79.8708,
          20.212056
        ]
      },
      "properties": {
        "claim_id": "FRA0619",
        "state": "Maharashtra",
        "district": "Gadchiroli",
        "village": "Village_80",
        "claim_type": "CFR",
        "claimed_area": "8.54",
        "recorded_area": "8.2",
        "processing_days": "57",
        "current_stage": "Gram Sabha",
        "documents_complete": "0",
        "land_record_available": "1",
        "overlap_percentage": "38.92",
        "previous_rejections": "1",
        "latitude": 20.212056,
        "longitude": 79.8708,
        "status": "Rejected"
      }
    },
    {
      "type": "Feature",
      "geometry": {
        "type": "Point",
        "coordinates": [
          81.855096,
          19.152593
        ]
      },
      "properties": {
        "claim_id": "FRA0620",
        "state": "Chhattisgarh",
        "district": "Bastar",
        "village": "Village_100",
        "claim_type": "CR",
        "claimed_area": "2.74",
        "recorded_area": "2.36",
        "processing_days": "90",
        "current_stage": "SDLC",
        "documents_complete": "1",
        "land_record_available": "1",
        "overlap_percentage": "66.36",
        "previous_rejections": "0",
        "latitude": 19.152593,
        "longitude": 81.855096,
        "status": "Pending"
      }
    },
    {
      "type": "Feature",
      "geometry": {
        "type": "Point",
        "coordinates": [
          80.320557,
          22.622088
        ]
      },
      "properties": {
        "claim_id": "FRA0621",
        "state": "Madhya Pradesh",
        "district": "Mandla",
        "village": "Village_41",
        "claim_type": "IFR",
        "claimed_area": "5.92",
        "recorded_area": "5.7",
        "processing_days": "36",
        "current_stage": "Title Issued",
        "documents_complete": "1",
        "land_record_available": "1",
        "overlap_percentage": "76.37",
        "previous_rejections": "1",
        "latitude": 22.622088,
        "longitude": 80.320557,
        "status": "Rejected"
      }
    },
    {
      "type": "Feature",
      "geometry": {
        "type": "Point",
        "coordinates": [
          83.240654,
          22.807643
        ]
      },
      "properties": {
        "claim_id": "FRA0622",
        "state": "Chhattisgarh",
        "district": "Surguja",
        "village": "Village_36",
        "claim_type": "CFR",
        "claimed_area": "4.83",
        "recorded_area": "4.49",
        "processing_days": "100",
        "current_stage": "Gram Sabha",
        "documents_complete": "0",
        "land_record_available": "1",
        "overlap_percentage": "36.44",
        "previous_rejections": "2",
        "latitude": 22.807643,
        "longitude": 83.240654,
        "status": "Pending"
      }
    },
    {
      "type": "Feature",
      "geometry": {
        "type": "Point",
        "coordinates": [
          81.159879,
          23.000423
        ]
      },
      "properties": {
        "claim_id": "FRA0623",
        "state": "Madhya Pradesh",
        "district": "Dindori",
        "village": "Village_12",
        "claim_type": "IFR",
        "claimed_area": "7.41",
        "recorded_area": "7.2",
        "processing_days": "97",
        "current_stage": "DLC",
        "documents_complete": "0",
        "land_record_available": "1",
        "overlap_percentage": "33.28",
        "previous_rejections": "2",
        "latitude": 23.000423,
        "longitude": 81.159879,
        "status": "Approved"
      }
    },
    {
      "type": "Feature",
      "geometry": {
        "type": "Point",
        "coordinates": [
          80.972715,
          22.850748
        ]
      },
      "properties": {
        "claim_id": "FRA0624",
        "state": "Madhya Pradesh",
        "district": "Dindori",
        "village": "Village_17",
        "claim_type": "CFR",
        "claimed_area": "8.1",
        "recorded_area": "7.63",
        "processing_days": "119",
        "current_stage": "Title Issued",
        "documents_complete": "0",
        "land_record_available": "0",
        "overlap_percentage": "82.45",
        "previous_rejections": "1",
        "latitude": 22.850748,
        "longitude": 80.972715,
        "status": "Approved"
      }
    },
    {
      "type": "Feature",
      "geometry": {
        "type": "Point",
        "coordinates": [
          81.860937,
          19.039422
        ]
      },
      "properties": {
        "claim_id": "FRA0625",
        "state": "Chhattisgarh",
        "district": "Bastar",
        "village": "Village_60",
        "claim_type": "IFR",
        "claimed_area": "8.03",
        "recorded_area": "6.93",
        "processing_days": "113",
        "current_stage": "Gram Sabha",
        "documents_complete": "0",
        "land_record_available": "0",
        "overlap_percentage": "64.61",
        "previous_rejections": "1",
        "latitude": 19.039422,
        "longitude": 81.860937,
        "status": "Approved"
      }
    },
    {
      "type": "Feature",
      "geometry": {
        "type": "Point",
        "coordinates": [
          84.477209,
          22.575231
        ]
      },
      "properties": {
        "claim_id": "FRA0626",
        "state": "Jharkhand",
        "district": "Simdega",
        "village": "Village_65",
        "claim_type": "CR",
        "claimed_area": "6.36",
        "recorded_area": "5.85",
        "processing_days": "155",
        "current_stage": "Gram Sabha",
        "documents_complete": "0",
        "land_record_available": "1",
        "overlap_percentage": "67.47",
        "previous_rejections": "0",
        "latitude": 22.575231,
        "longitude": 84.477209,
        "status": "Rejected"
      }
    },
    {
      "type": "Feature",
      "geometry": {
        "type": "Point",
        "coordinates": [
          73.832982,
          19.995259
        ]
      },
      "properties": {
        "claim_id": "FRA0627",
        "state": "Maharashtra",
        "district": "Nashik",
        "village": "Village_31",
        "claim_type": "IFR",
        "claimed_area": "5.34",
        "recorded_area": "4.59",
        "processing_days": "88",
        "current_stage": "Title Issued",
        "documents_complete": "0",
        "land_record_available": "1",
        "overlap_percentage": "10.98",
        "previous_rejections": "1",
        "latitude": 19.995259,
        "longitude": 73.832982,
        "status": "Pending"
      }
    },
    {
      "type": "Feature",
      "geometry": {
        "type": "Point",
        "coordinates": [
          83.236294,
          22.773256
        ]
      },
      "properties": {
        "claim_id": "FRA0628",
        "state": "Chhattisgarh",
        "district": "Surguja",
        "village": "Village_78",
        "claim_type": "CFR",
        "claimed_area": "5.88",
        "recorded_area": "5.0",
        "processing_days": "46",
        "current_stage": "SDLC",
        "documents_complete": "1",
        "land_record_available": "1",
        "overlap_percentage": "80.05",
        "previous_rejections": "0",
        "latitude": 22.773256,
        "longitude": 83.236294,
        "status": "Rejected"
      }
    },
    {
      "type": "Feature",
      "geometry": {
        "type": "Point",
        "coordinates": [
          84.477507,
          22.594799
        ]
      },
      "properties": {
        "claim_id": "FRA0629",
        "state": "Jharkhand",
        "district": "Simdega",
        "village": "Village_88",
        "claim_type": "CFR",
        "claimed_area": "8.05",
        "recorded_area": "6.91",
        "processing_days": "41",
        "current_stage": "DLC",
        "documents_complete": "1",
        "land_record_available": "0",
        "overlap_percentage": "10.15",
        "previous_rejections": "3",
        "latitude": 22.594799,
        "longitude": 84.477507,
        "status": "Rejected"
      }
    },
    {
      "type": "Feature",
      "geometry": {
        "type": "Point",
        "coordinates": [
          73.916832,
          20.106372
        ]
      },
      "properties": {
        "claim_id": "FRA0630",
        "state": "Maharashtra",
        "district": "Nashik",
        "village": "Village_81",
        "claim_type": "CR",
        "claimed_area": "7.38",
        "recorded_area": "7.47",
        "processing_days": "112",
        "current_stage": "SDLC",
        "documents_complete": "0",
        "land_record_available": "0",
        "overlap_percentage": "24.25",
        "previous_rejections": "0",
        "latitude": 20.106372,
        "longitude": 73.916832,
        "status": "Pending"
      }
    },
    {
      "type": "Feature",
      "geometry": {
        "type": "Point",
        "coordinates": [
          80.349124,
          22.742981
        ]
      },
      "properties": {
        "claim_id": "FRA0631",
        "state": "Madhya Pradesh",
        "district": "Mandla",
        "village": "Village_64",
        "claim_type": "IFR",
        "claimed_area": "4.3",
        "recorded_area": "3.76",
        "processing_days": "143",
        "current_stage": "SDLC",
        "documents_complete": "0",
        "land_record_available": "0",
        "overlap_percentage": "18.56",
        "previous_rejections": "0",
        "latitude": 22.742981,
        "longitude": 80.349124,
        "status": "Approved"
      }
    },
    {
      "type": "Feature",
      "geometry": {
        "type": "Point",
        "coordinates": [
          81.070517,
          22.957856
        ]
      },
      "properties": {
        "claim_id": "FRA0632",
        "state": "Madhya Pradesh",
        "district": "Dindori",
        "village": "Village_6",
        "claim_type": "CR",
        "claimed_area": "7.72",
        "recorded_area": "7.83",
        "processing_days": "177",
        "current_stage": "DLC",
        "documents_complete": "0",
        "land_record_available": "0",
        "overlap_percentage": "9.56",
        "previous_rejections": "3",
        "latitude": 22.957856,
        "longitude": 81.070517,
        "status": "Rejected"
      }
    },
    {
      "type": "Feature",
      "geometry": {
        "type": "Point",
        "coordinates": [
          85.454695,
          23.318286
        ]
      },
      "properties": {
        "claim_id": "FRA0633",
        "state": "Jharkhand",
        "district": "Ranchi",
        "village": "Village_82",
        "claim_type": "CR",
        "claimed_area": "2.58",
        "recorded_area": "2.28",
        "processing_days": "155",
        "current_stage": "DLC",
        "documents_complete": "0",
        "land_record_available": "0",
        "overlap_percentage": "43.7",
        "previous_rejections": "0",
        "latitude": 23.318286,
        "longitude": 85.454695,
        "status": "Pending"
      }
    },
    {
      "type": "Feature",
      "geometry": {
        "type": "Point",
        "coordinates": [
          83.148802,
          22.816373
        ]
      },
      "properties": {
        "claim_id": "FRA0634",
        "state": "Chhattisgarh",
        "district": "Surguja",
        "village": "Village_17",
        "claim_type": "CFR",
        "claimed_area": "3.16",
        "recorded_area": "2.88",
        "processing_days": "36",
        "current_stage": "DLC",
        "documents_complete": "0",
        "land_record_available": "1",
        "overlap_percentage": "88.47",
        "previous_rejections": "3",
        "latitude": 22.816373,
        "longitude": 83.148802,
        "status": "Pending"
      }
    },
    {
      "type": "Feature",
      "geometry": {
        "type": "Point",
        "coordinates": [
          85.428011,
          23.256925
        ]
      },
      "properties": {
        "claim_id": "FRA0635",
        "state": "Jharkhand",
        "district": "Ranchi",
        "village": "Village_96",
        "claim_type": "CFR",
        "claimed_area": "9.73",
        "recorded_area": "9.56",
        "processing_days": "86",
        "current_stage": "Title Issued",
        "documents_complete": "0",
        "land_record_available": "1",
        "overlap_percentage": "86.28",
        "previous_rejections": "1",
        "latitude": 23.256925,
        "longitude": 85.428011,
        "status": "Approved"
      }
    },
    {
      "type": "Feature",
      "geometry": {
        "type": "Point",
        "coordinates": [
          81.614942,
          20.1571
        ]
      },
      "properties": {
        "claim_id": "FRA0636",
        "state": "Chhattisgarh",
        "district": "Kanker",
        "village": "Village_55",
        "claim_type": "CFR",
        "claimed_area": "7.62",
        "recorded_area": "6.49",
        "processing_days": "57",
        "current_stage": "Title Issued",
        "documents_complete": "0",
        "land_record_available": "0",
        "overlap_percentage": "7.69",
        "previous_rejections": "2",
        "latitude": 20.1571,
        "longitude": 81.614942,
        "status": "Pending"
      }
    },
    {
      "type": "Feature",
      "geometry": {
        "type": "Point",
        "coordinates": [
          80.378622,
          22.731401
        ]
      },
      "properties": {
        "claim_id": "FRA0637",
        "state": "Madhya Pradesh",
        "district": "Mandla",
        "village": "Village_55",
        "claim_type": "IFR",
        "claimed_area": "3.43",
        "recorded_area": "3.05",
        "processing_days": "66",
        "current_stage": "Gram Sabha",
        "documents_complete": "1",
        "land_record_available": "0",
        "overlap_percentage": "34.8",
        "previous_rejections": "0",
        "latitude": 22.731401,
        "longitude": 80.378622,
        "status": "Rejected"
      }
    },
    {
      "type": "Feature",
      "geometry": {
        "type": "Point",
        "coordinates": [
          82.642996,
          18.803178
        ]
      },
      "properties": {
        "claim_id": "FRA0638",
        "state": "Odisha",
        "district": "Koraput",
        "village": "Village_22",
        "claim_type": "IFR",
        "claimed_area": "3.63",
        "recorded_area": "3.13",
        "processing_days": "84",
        "current_stage": "Gram Sabha",
        "documents_complete": "0",
        "land_record_available": "0",
        "overlap_percentage": "78.61",
        "previous_rejections": "0",
        "latitude": 18.803178,
        "longitude": 82.642996,
        "status": "Pending"
      }
    },
    {
      "type": "Feature",
      "geometry": {
        "type": "Point",
        "coordinates": [
          81.576865,
          20.129069
        ]
      },
      "properties": {
        "claim_id": "FRA0639",
        "state": "Chhattisgarh",
        "district": "Kanker",
        "village": "Village_86",
        "claim_type": "CFR",
        "claimed_area": "4.4",
        "recorded_area": "4.22",
        "processing_days": "119",
        "current_stage": "SDLC",
        "documents_complete": "0",
        "land_record_available": "1",
        "overlap_percentage": "28.77",
        "previous_rejections": "3",
        "latitude": 20.129069,
        "longitude": 81.576865,
        "status": "Pending"
      }
    },
    {
      "type": "Feature",
      "geometry": {
        "type": "Point",
        "coordinates": [
          85.578877,
          21.508813
        ]
      },
      "properties": {
        "claim_id": "FRA0640",
        "state": "Odisha",
        "district": "Keonjhar",
        "village": "Village_20",
        "claim_type": "IFR",
        "claimed_area": "6.32",
        "recorded_area": "6.36",
        "processing_days": "149",
        "current_stage": "DLC",
        "documents_complete": "0",
        "land_record_available": "0",
        "overlap_percentage": "13.67",
        "previous_rejections": "2",
        "latitude": 21.508813,
        "longitude": 85.578877,
        "status": "Rejected"
      }
    },
    {
      "type": "Feature",
      "geometry": {
        "type": "Point",
        "coordinates": [
          82.564691,
          18.908718
        ]
      },
      "properties": {
        "claim_id": "FRA0641",
        "state": "Odisha",
        "district": "Koraput",
        "village": "Village_72",
        "claim_type": "CR",
        "claimed_area": "2.47",
        "recorded_area": "2.32",
        "processing_days": "147",
        "current_stage": "Title Issued",
        "documents_complete": "1",
        "land_record_available": "1",
        "overlap_percentage": "32.03",
        "previous_rejections": "2",
        "latitude": 18.908718,
        "longitude": 82.564691,
        "status": "Pending"
      }
    },
    {
      "type": "Feature",
      "geometry": {
        "type": "Point",
        "coordinates": [
          80.160885,
          21.842471
        ]
      },
      "properties": {
        "claim_id": "FRA0642",
        "state": "Madhya Pradesh",
        "district": "Balaghat",
        "village": "Village_91",
        "claim_type": "CFR",
        "claimed_area": "3.56",
        "recorded_area": "3.64",
        "processing_days": "23",
        "current_stage": "SDLC",
        "documents_complete": "0",
        "land_record_available": "1",
        "overlap_percentage": "56.63",
        "previous_rejections": "0",
        "latitude": 21.842471,
        "longitude": 80.160885,
        "status": "Rejected"
      }
    },
    {
      "type": "Feature",
      "geometry": {
        "type": "Point",
        "coordinates": [
          85.373502,
          23.353784
        ]
      },
      "properties": {
        "claim_id": "FRA0643",
        "state": "Jharkhand",
        "district": "Ranchi",
        "village": "Village_42",
        "claim_type": "CR",
        "claimed_area": "9.01",
        "recorded_area": "8.08",
        "processing_days": "143",
        "current_stage": "SDLC",
        "documents_complete": "0",
        "land_record_available": "0",
        "overlap_percentage": "49.0",
        "previous_rejections": "2",
        "latitude": 23.353784,
        "longitude": 85.373502,
        "status": "Rejected"
      }
    },
    {
      "type": "Feature",
      "geometry": {
        "type": "Point",
        "coordinates": [
          85.348324,
          23.262128
        ]
      },
      "properties": {
        "claim_id": "FRA0644",
        "state": "Jharkhand",
        "district": "Ranchi",
        "village": "Village_55",
        "claim_type": "CR",
        "claimed_area": "6.96",
        "recorded_area": "7.25",
        "processing_days": "119",
        "current_stage": "DLC",
        "documents_complete": "0",
        "land_record_available": "0",
        "overlap_percentage": "68.42",
        "previous_rejections": "0",
        "latitude": 23.262128,
        "longitude": 85.348324,
        "status": "Rejected"
      }
    },
    {
      "type": "Feature",
      "geometry": {
        "type": "Point",
        "coordinates": [
          74.35388,
          21.27959
        ]
      },
      "properties": {
        "claim_id": "FRA0645",
        "state": "Maharashtra",
        "district": "Nandurbar",
        "village": "Village_70",
        "claim_type": "CR",
        "claimed_area": "2.83",
        "recorded_area": "2.55",
        "processing_days": "117",
        "current_stage": "DLC",
        "documents_complete": "0",
        "land_record_available": "0",
        "overlap_percentage": "51.72",
        "previous_rejections": "1",
        "latitude": 21.27959,
        "longitude": 74.35388,
        "status": "Rejected"
      }
    },
    {
      "type": "Feature",
      "geometry": {
        "type": "Point",
        "coordinates": [
          73.856313,
          19.850631
        ]
      },
      "properties": {
        "claim_id": "FRA0646",
        "state": "Maharashtra",
        "district": "Nashik",
        "village": "Village_46",
        "claim_type": "CFR",
        "claimed_area": "5.71",
        "recorded_area": "5.45",
        "processing_days": "84",
        "current_stage": "DLC",
        "documents_complete": "0",
        "land_record_available": "0",
        "overlap_percentage": "25.96",
        "previous_rejections": "2",
        "latitude": 19.850631,
        "longitude": 73.856313,
        "status": "Rejected"
      }
    },
    {
      "type": "Feature",
      "geometry": {
        "type": "Point",
        "coordinates": [
          84.429528,
          22.573916
        ]
      },
      "properties": {
        "claim_id": "FRA0647",
        "state": "Jharkhand",
        "district": "Simdega",
        "village": "Village_50",
        "claim_type": "IFR",
        "claimed_area": "4.22",
        "recorded_area": "3.88",
        "processing_days": "114",
        "current_stage": "SDLC",
        "documents_complete": "0",
        "land_record_available": "0",
        "overlap_percentage": "76.3",
        "previous_rejections": "3",
        "latitude": 22.573916,
        "longitude": 84.429528,
        "status": "Rejected"
      }
    },
    {
      "type": "Feature",
      "geometry": {
        "type": "Point",
        "coordinates": [
          80.157486,
          21.792581
        ]
      },
      "properties": {
        "claim_id": "FRA0648",
        "state": "Madhya Pradesh",
        "district": "Balaghat",
        "village": "Village_97",
        "claim_type": "CR",
        "claimed_area": "7.46",
        "recorded_area": "6.59",
        "processing_days": "152",
        "current_stage": "DLC",
        "documents_complete": "0",
        "land_record_available": "1",
        "overlap_percentage": "47.81",
        "previous_rejections": "2",
        "latitude": 21.792581,
        "longitude": 80.157486,
        "status": "Pending"
      }
    },
    {
      "type": "Feature",
      "geometry": {
        "type": "Point",
        "coordinates": [
          81.112615,
          23.086441
        ]
      },
      "properties": {
        "claim_id": "FRA0649",
        "state": "Madhya Pradesh",
        "district": "Dindori",
        "village": "Village_4",
        "claim_type": "CR",
        "claimed_area": "6.27",
        "recorded_area": "5.85",
        "processing_days": "136",
        "current_stage": "Gram Sabha",
        "documents_complete": "0",
        "land_record_available": "1",
        "overlap_percentage": "14.84",
        "previous_rejections": "0",
        "latitude": 23.086441,
        "longitude": 81.112615,
        "status": "Approved"
      }
    },
    {
      "type": "Feature",
      "geometry": {
        "type": "Point",
        "coordinates": [
          84.390499,
          22.896258
        ]
      },
      "properties": {
        "claim_id": "FRA0650",
        "state": "Jharkhand",
        "district": "Gumla",
        "village": "Village_43",
        "claim_type": "CFR",
        "claimed_area": "2.05",
        "recorded_area": "1.81",
        "processing_days": "167",
        "current_stage": "SDLC",
        "documents_complete": "0",
        "land_record_available": "0",
        "overlap_percentage": "33.57",
        "previous_rejections": "1",
        "latitude": 22.896258,
        "longitude": 84.390499,
        "status": "Rejected"
      }
    },
    {
      "type": "Feature",
      "geometry": {
        "type": "Point",
        "coordinates": [
          80.425437,
          22.56633
        ]
      },
      "properties": {
        "claim_id": "FRA0651",
        "state": "Madhya Pradesh",
        "district": "Mandla",
        "village": "Village_15",
        "claim_type": "CR",
        "claimed_area": "5.43",
        "recorded_area": "4.97",
        "processing_days": "107",
        "current_stage": "Gram Sabha",
        "documents_complete": "1",
        "land_record_available": "1",
        "overlap_percentage": "25.63",
        "previous_rejections": "2",
        "latitude": 22.56633,
        "longitude": 80.425437,
        "status": "Pending"
      }
    },
    {
      "type": "Feature",
      "geometry": {
        "type": "Point",
        "coordinates": [
          80.505174,
          22.619687
        ]
      },
      "properties": {
        "claim_id": "FRA0652",
        "state": "Madhya Pradesh",
        "district": "Mandla",
        "village": "Village_81",
        "claim_type": "CFR",
        "claimed_area": "2.52",
        "recorded_area": "2.26",
        "processing_days": "167",
        "current_stage": "DLC",
        "documents_complete": "0",
        "land_record_available": "1",
        "overlap_percentage": "43.27",
        "previous_rejections": "2",
        "latitude": 22.619687,
        "longitude": 80.505174,
        "status": "Approved"
      }
    },
    {
      "type": "Feature",
      "geometry": {
        "type": "Point",
        "coordinates": [
          86.57683,
          21.805897
        ]
      },
      "properties": {
        "claim_id": "FRA0653",
        "state": "Odisha",
        "district": "Mayurbhanj",
        "village": "Village_82",
        "claim_type": "IFR",
        "claimed_area": "8.9",
        "recorded_area": "8.18",
        "processing_days": "91",
        "current_stage": "SDLC",
        "documents_complete": "0",
        "land_record_available": "1",
        "overlap_percentage": "71.95",
        "previous_rejections": "0",
        "latitude": 21.805897,
        "longitude": 86.57683,
        "status": "Rejected"
      }
    },
    {
      "type": "Feature",
      "geometry": {
        "type": "Point",
        "coordinates": [
          73.862336,
          20.069799
        ]
      },
      "properties": {
        "claim_id": "FRA0654",
        "state": "Maharashtra",
        "district": "Nashik",
        "village": "Village_31",
        "claim_type": "IFR",
        "claimed_area": "7.8",
        "recorded_area": "7.26",
        "processing_days": "146",
        "current_stage": "DLC",
        "documents_complete": "1",
        "land_record_available": "1",
        "overlap_percentage": "48.11",
        "previous_rejections": "2",
        "latitude": 20.069799,
        "longitude": 73.862336,
        "status": "Approved"
      }
    },
    {
      "type": "Feature",
      "geometry": {
        "type": "Point",
        "coordinates": [
          81.828234,
          19.22913
        ]
      },
      "properties": {
        "claim_id": "FRA0655",
        "state": "Chhattisgarh",
        "district": "Bastar",
        "village": "Village_98",
        "claim_type": "IFR",
        "claimed_area": "2.86",
        "recorded_area": "2.45",
        "processing_days": "37",
        "current_stage": "Title Issued",
        "documents_complete": "0",
        "land_record_available": "0",
        "overlap_percentage": "73.53",
        "previous_rejections": "3",
        "latitude": 19.22913,
        "longitude": 81.828234,
        "status": "Rejected"
      }
    },
    {
      "type": "Feature",
      "geometry": {
        "type": "Point",
        "coordinates": [
          73.916629,
          20.097817
        ]
      },
      "properties": {
        "claim_id": "FRA0656",
        "state": "Maharashtra",
        "district": "Nashik",
        "village": "Village_18",
        "claim_type": "CFR",
        "claimed_area": "1.72",
        "recorded_area": "1.64",
        "processing_days": "149",
        "current_stage": "SDLC",
        "documents_complete": "0",
        "land_record_available": "0",
        "overlap_percentage": "62.86",
        "previous_rejections": "2",
        "latitude": 20.097817,
        "longitude": 73.916629,
        "status": "Approved"
      }
    },
    {
      "type": "Feature",
      "geometry": {
        "type": "Point",
        "coordinates": [
          74.351512,
          21.391119
        ]
      },
      "properties": {
        "claim_id": "FRA0657",
        "state": "Maharashtra",
        "district": "Nandurbar",
        "village": "Village_95",
        "claim_type": "CFR",
        "claimed_area": "5.34",
        "recorded_area": "5.33",
        "processing_days": "101",
        "current_stage": "DLC",
        "documents_complete": "1",
        "land_record_available": "1",
        "overlap_percentage": "62.86",
        "previous_rejections": "1",
        "latitude": 21.391119,
        "longitude": 74.351512,
        "status": "Approved"
      }
    },
    {
      "type": "Feature",
      "geometry": {
        "type": "Point",
        "coordinates": [
          80.258996,
          22.617652
        ]
      },
      "properties": {
        "claim_id": "FRA0658",
        "state": "Madhya Pradesh",
        "district": "Mandla",
        "village": "Village_76",
        "claim_type": "IFR",
        "claimed_area": "5.96",
        "recorded_area": "5.18",
        "processing_days": "28",
        "current_stage": "Title Issued",
        "documents_complete": "0",
        "land_record_available": "0",
        "overlap_percentage": "7.07",
        "previous_rejections": "3",
        "latitude": 22.617652,
        "longitude": 80.258996,
        "status": "Approved"
      }
    },
    {
      "type": "Feature",
      "geometry": {
        "type": "Point",
        "coordinates": [
          81.51155,
          20.292498
        ]
      },
      "properties": {
        "claim_id": "FRA0659",
        "state": "Chhattisgarh",
        "district": "Kanker",
        "village": "Village_59",
        "claim_type": "CFR",
        "claimed_area": "9.77",
        "recorded_area": "9.4",
        "processing_days": "80",
        "current_stage": "SDLC",
        "documents_complete": "1",
        "land_record_available": "1",
        "overlap_percentage": "32.54",
        "previous_rejections": "1",
        "latitude": 20.292498,
        "longitude": 81.51155,
        "status": "Pending"
      }
    },
    {
      "type": "Feature",
      "geometry": {
        "type": "Point",
        "coordinates": [
          84.591406,
          22.623727
        ]
      },
      "properties": {
        "claim_id": "FRA0660",
        "state": "Jharkhand",
        "district": "Simdega",
        "village": "Village_66",
        "claim_type": "IFR",
        "claimed_area": "6.66",
        "recorded_area": "6.67",
        "processing_days": "78",
        "current_stage": "SDLC",
        "documents_complete": "0",
        "land_record_available": "0",
        "overlap_percentage": "19.49",
        "previous_rejections": "0",
        "latitude": 22.623727,
        "longitude": 84.591406,
        "status": "Rejected"
      }
    },
    {
      "type": "Feature",
      "geometry": {
        "type": "Point",
        "coordinates": [
          74.261328,
          21.356731
        ]
      },
      "properties": {
        "claim_id": "FRA0661",
        "state": "Maharashtra",
        "district": "Nandurbar",
        "village": "Village_83",
        "claim_type": "IFR",
        "claimed_area": "1.63",
        "recorded_area": "1.55",
        "processing_days": "99",
        "current_stage": "Title Issued",
        "documents_complete": "0",
        "land_record_available": "1",
        "overlap_percentage": "63.22",
        "previous_rejections": "0",
        "latitude": 21.356731,
        "longitude": 74.261328,
        "status": "Approved"
      }
    },
    {
      "type": "Feature",
      "geometry": {
        "type": "Point",
        "coordinates": [
          83.110416,
          22.886303
        ]
      },
      "properties": {
        "claim_id": "FRA0662",
        "state": "Chhattisgarh",
        "district": "Surguja",
        "village": "Village_43",
        "claim_type": "CR",
        "claimed_area": "4.78",
        "recorded_area": "4.33",
        "processing_days": "170",
        "current_stage": "Title Issued",
        "documents_complete": "1",
        "land_record_available": "1",
        "overlap_percentage": "81.99",
        "previous_rejections": "1",
        "latitude": 22.886303,
        "longitude": 83.110416,
        "status": "Pending"
      }
    },
    {
      "type": "Feature",
      "geometry": {
        "type": "Point",
        "coordinates": [
          85.409856,
          23.485994
        ]
      },
      "properties": {
        "claim_id": "FRA0663",
        "state": "Jharkhand",
        "district": "Ranchi",
        "village": "Village_10",
        "claim_type": "IFR",
        "claimed_area": "9.06",
        "recorded_area": "8.87",
        "processing_days": "163",
        "current_stage": "DLC",
        "documents_complete": "1",
        "land_record_available": "1",
        "overlap_percentage": "78.12",
        "previous_rejections": "0",
        "latitude": 23.485994,
        "longitude": 85.409856,
        "status": "Approved"
      }
    },
    {
      "type": "Feature",
      "geometry": {
        "type": "Point",
        "coordinates": [
          80.284956,
          21.924155
        ]
      },
      "properties": {
        "claim_id": "FRA0664",
        "state": "Madhya Pradesh",
        "district": "Balaghat",
        "village": "Village_9",
        "claim_type": "IFR",
        "claimed_area": "4.08",
        "recorded_area": "3.65",
        "processing_days": "77",
        "current_stage": "DLC",
        "documents_complete": "1",
        "land_record_available": "1",
        "overlap_percentage": "4.04",
        "previous_rejections": "3",
        "latitude": 21.924155,
        "longitude": 80.284956,
        "status": "Approved"
      }
    },
    {
      "type": "Feature",
      "geometry": {
        "type": "Point",
        "coordinates": [
          81.88724,
          19.200538
        ]
      },
      "properties": {
        "claim_id": "FRA0665",
        "state": "Chhattisgarh",
        "district": "Bastar",
        "village": "Village_93",
        "claim_type": "IFR",
        "claimed_area": "1.84",
        "recorded_area": "1.76",
        "processing_days": "117",
        "current_stage": "Gram Sabha",
        "documents_complete": "1",
        "land_record_available": "1",
        "overlap_percentage": "23.4",
        "previous_rejections": "1",
        "latitude": 19.200538,
        "longitude": 81.88724,
        "status": "Approved"
      }
    },
    {
      "type": "Feature",
      "geometry": {
        "type": "Point",
        "coordinates": [
          80.269136,
          22.670706
        ]
      },
      "properties": {
        "claim_id": "FRA0666",
        "state": "Madhya Pradesh",
        "district": "Mandla",
        "village": "Village_57",
        "claim_type": "CR",
        "claimed_area": "2.22",
        "recorded_area": "2.23",
        "processing_days": "137",
        "current_stage": "Title Issued",
        "documents_complete": "1",
        "land_record_available": "0",
        "overlap_percentage": "40.97",
        "previous_rejections": "2",
        "latitude": 22.670706,
        "longitude": 80.269136,
        "status": "Pending"
      }
    },
    {
      "type": "Feature",
      "geometry": {
        "type": "Point",
        "coordinates": [
          84.428914,
          22.733295
        ]
      },
      "properties": {
        "claim_id": "FRA0667",
        "state": "Jharkhand",
        "district": "Simdega",
        "village": "Village_28",
        "claim_type": "IFR",
        "claimed_area": "1.61",
        "recorded_area": "1.41",
        "processing_days": "25",
        "current_stage": "SDLC",
        "documents_complete": "0",
        "land_record_available": "0",
        "overlap_percentage": "7.96",
        "previous_rejections": "0",
        "latitude": 22.733295,
        "longitude": 84.428914,
        "status": "Rejected"
      }
    },
    {
      "type": "Feature",
      "geometry": {
        "type": "Point",
        "coordinates": [
          81.401948,
          20.164444
        ]
      },
      "properties": {
        "claim_id": "FRA0668",
        "state": "Chhattisgarh",
        "district": "Kanker",
        "village": "Village_5",
        "claim_type": "CFR",
        "claimed_area": "8.42",
        "recorded_area": "8.75",
        "processing_days": "36",
        "current_stage": "SDLC",
        "documents_complete": "0",
        "land_record_available": "1",
        "overlap_percentage": "67.71",
        "previous_rejections": "2",
        "latitude": 20.164444,
        "longitude": 81.401948,
        "status": "Rejected"
      }
    },
    {
      "type": "Feature",
      "geometry": {
        "type": "Point",
        "coordinates": [
          80.979835,
          23.046665
        ]
      },
      "properties": {
        "claim_id": "FRA0669",
        "state": "Madhya Pradesh",
        "district": "Dindori",
        "village": "Village_62",
        "claim_type": "CR",
        "claimed_area": "3.52",
        "recorded_area": "3.65",
        "processing_days": "179",
        "current_stage": "Title Issued",
        "documents_complete": "0",
        "land_record_available": "0",
        "overlap_percentage": "76.72",
        "previous_rejections": "0",
        "latitude": 23.046665,
        "longitude": 80.979835,
        "status": "Pending"
      }
    },
    {
      "type": "Feature",
      "geometry": {
        "type": "Point",
        "coordinates": [
          82.052875,
          19.023912
        ]
      },
      "properties": {
        "claim_id": "FRA0670",
        "state": "Chhattisgarh",
        "district": "Bastar",
        "village": "Village_57",
        "claim_type": "CR",
        "claimed_area": "8.07",
        "recorded_area": "7.54",
        "processing_days": "137",
        "current_stage": "Gram Sabha",
        "documents_complete": "1",
        "land_record_available": "1",
        "overlap_percentage": "12.58",
        "previous_rejections": "1",
        "latitude": 19.023912,
        "longitude": 82.052875,
        "status": "Pending"
      }
    },
    {
      "type": "Feature",
      "geometry": {
        "type": "Point",
        "coordinates": [
          80.447315,
          22.578198
        ]
      },
      "properties": {
        "claim_id": "FRA0671",
        "state": "Madhya Pradesh",
        "district": "Mandla",
        "village": "Village_70",
        "claim_type": "IFR",
        "claimed_area": "9.53",
        "recorded_area": "9.81",
        "processing_days": "135",
        "current_stage": "Title Issued",
        "documents_complete": "0",
        "land_record_available": "0",
        "overlap_percentage": "27.25",
        "previous_rejections": "2",
        "latitude": 22.578198,
        "longitude": 80.447315,
        "status": "Approved"
      }
    },
    {
      "type": "Feature",
      "geometry": {
        "type": "Point",
        "coordinates": [
          81.401137,
          20.297636
        ]
      },
      "properties": {
        "claim_id": "FRA0672",
        "state": "Chhattisgarh",
        "district": "Kanker",
        "village": "Village_75",
        "claim_type": "IFR",
        "claimed_area": "5.51",
        "recorded_area": "5.73",
        "processing_days": "178",
        "current_stage": "Title Issued",
        "documents_complete": "1",
        "land_record_available": "0",
        "overlap_percentage": "33.39",
        "previous_rejections": "3",
        "latitude": 20.297636,
        "longitude": 81.401137,
        "status": "Rejected"
      }
    },
    {
      "type": "Feature",
      "geometry": {
        "type": "Point",
        "coordinates": [
          82.859239,
          18.835557
        ]
      },
      "properties": {
        "claim_id": "FRA0673",
        "state": "Odisha",
        "district": "Koraput",
        "village": "Village_80",
        "claim_type": "CR",
        "claimed_area": "5.7",
        "recorded_area": "5.84",
        "processing_days": "44",
        "current_stage": "Gram Sabha",
        "documents_complete": "0",
        "land_record_available": "1",
        "overlap_percentage": "89.87",
        "previous_rejections": "2",
        "latitude": 18.835557,
        "longitude": 82.859239,
        "status": "Approved"
      }
    },
    {
      "type": "Feature",
      "geometry": {
        "type": "Point",
        "coordinates": [
          85.197264,
          23.254593
        ]
      },
      "properties": {
        "claim_id": "FRA0674",
        "state": "Jharkhand",
        "district": "Ranchi",
        "village": "Village_3",
        "claim_type": "CFR",
        "claimed_area": "9.44",
        "recorded_area": "9.58",
        "processing_days": "55",
        "current_stage": "Gram Sabha",
        "documents_complete": "0",
        "land_record_available": "1",
        "overlap_percentage": "27.38",
        "previous_rejections": "3",
        "latitude": 23.254593,
        "longitude": 85.197264,
        "status": "Pending"
      }
    },
    {
      "type": "Feature",
      "geometry": {
        "type": "Point",
        "coordinates": [
          82.590534,
          18.736062
        ]
      },
      "properties": {
        "claim_id": "FRA0675",
        "state": "Odisha",
        "district": "Koraput",
        "village": "Village_73",
        "claim_type": "IFR",
        "claimed_area": "4.94",
        "recorded_area": "4.4",
        "processing_days": "48",
        "current_stage": "Title Issued",
        "documents_complete": "1",
        "land_record_available": "0",
        "overlap_percentage": "26.87",
        "previous_rejections": "3",
        "latitude": 18.736062,
        "longitude": 82.590534,
        "status": "Approved"
      }
    },
    {
      "type": "Feature",
      "geometry": {
        "type": "Point",
        "coordinates": [
          85.506703,
          21.753141
        ]
      },
      "properties": {
        "claim_id": "FRA0676",
        "state": "Odisha",
        "district": "Keonjhar",
        "village": "Village_64",
        "claim_type": "CFR",
        "claimed_area": "4.94",
        "recorded_area": "4.57",
        "processing_days": "38",
        "current_stage": "SDLC",
        "documents_complete": "0",
        "land_record_available": "0",
        "overlap_percentage": "49.5",
        "previous_rejections": "0",
        "latitude": 21.753141,
        "longitude": 85.506703,
        "status": "Approved"
      }
    },
    {
      "type": "Feature",
      "geometry": {
        "type": "Point",
        "coordinates": [
          80.085934,
          21.887056
        ]
      },
      "properties": {
        "claim_id": "FRA0677",
        "state": "Madhya Pradesh",
        "district": "Balaghat",
        "village": "Village_50",
        "claim_type": "IFR",
        "claimed_area": "5.69",
        "recorded_area": "5.67",
        "processing_days": "161",
        "current_stage": "SDLC",
        "documents_complete": "1",
        "land_record_available": "1",
        "overlap_percentage": "74.32",
        "previous_rejections": "0",
        "latitude": 21.887056,
        "longitude": 80.085934,
        "status": "Pending"
      }
    },
    {
      "type": "Feature",
      "geometry": {
        "type": "Point",
        "coordinates": [
          81.450692,
          20.336831
        ]
      },
      "properties": {
        "claim_id": "FRA0678",
        "state": "Chhattisgarh",
        "district": "Kanker",
        "village": "Village_91",
        "claim_type": "CR",
        "claimed_area": "5.27",
        "recorded_area": "5.34",
        "processing_days": "40",
        "current_stage": "Gram Sabha",
        "documents_complete": "0",
        "land_record_available": "0",
        "overlap_percentage": "43.86",
        "previous_rejections": "2",
        "latitude": 20.336831,
        "longitude": 81.450692,
        "status": "Rejected"
      }
    },
    {
      "type": "Feature",
      "geometry": {
        "type": "Point",
        "coordinates": [
          81.008658,
          23.071716
        ]
      },
      "properties": {
        "claim_id": "FRA0679",
        "state": "Madhya Pradesh",
        "district": "Dindori",
        "village": "Village_85",
        "claim_type": "IFR",
        "claimed_area": "5.49",
        "recorded_area": "5.11",
        "processing_days": "33",
        "current_stage": "Title Issued",
        "documents_complete": "0",
        "land_record_available": "0",
        "overlap_percentage": "65.88",
        "previous_rejections": "0",
        "latitude": 23.071716,
        "longitude": 81.008658,
        "status": "Pending"
      }
    },
    {
      "type": "Feature",
      "geometry": {
        "type": "Point",
        "coordinates": [
          84.477306,
          22.680353
        ]
      },
      "properties": {
        "claim_id": "FRA0680",
        "state": "Jharkhand",
        "district": "Simdega",
        "village": "Village_13",
        "claim_type": "CFR",
        "claimed_area": "3.26",
        "recorded_area": "3.22",
        "processing_days": "151",
        "current_stage": "Gram Sabha",
        "documents_complete": "0",
        "land_record_available": "1",
        "overlap_percentage": "41.61",
        "previous_rejections": "3",
        "latitude": 22.680353,
        "longitude": 84.477306,
        "status": "Pending"
      }
    },
    {
      "type": "Feature",
      "geometry": {
        "type": "Point",
        "coordinates": [
          84.583645,
          22.50447
        ]
      },
      "properties": {
        "claim_id": "FRA0681",
        "state": "Jharkhand",
        "district": "Simdega",
        "village": "Village_69",
        "claim_type": "IFR",
        "claimed_area": "7.58",
        "recorded_area": "7.25",
        "processing_days": "106",
        "current_stage": "Gram Sabha",
        "documents_complete": "0",
        "land_record_available": "1",
        "overlap_percentage": "7.47",
        "previous_rejections": "1",
        "latitude": 22.50447,
        "longitude": 84.583645,
        "status": "Pending"
      }
    },
    {
      "type": "Feature",
      "geometry": {
        "type": "Point",
        "coordinates": [
          83.215667,
          23.039921
        ]
      },
      "properties": {
        "claim_id": "FRA0682",
        "state": "Chhattisgarh",
        "district": "Surguja",
        "village": "Village_2",
        "claim_type": "CR",
        "claimed_area": "1.99",
        "recorded_area": "1.94",
        "processing_days": "54",
        "current_stage": "DLC",
        "documents_complete": "0",
        "land_record_available": "0",
        "overlap_percentage": "7.83",
        "previous_rejections": "2",
        "latitude": 23.039921,
        "longitude": 83.215667,
        "status": "Rejected"
      }
    },
    {
      "type": "Feature",
      "geometry": {
        "type": "Point",
        "coordinates": [
          86.777326,
          22.023635
        ]
      },
      "properties": {
        "claim_id": "FRA0683",
        "state": "Odisha",
        "district": "Mayurbhanj",
        "village": "Village_44",
        "claim_type": "CR",
        "claimed_area": "5.06",
        "recorded_area": "4.86",
        "processing_days": "161",
        "current_stage": "DLC",
        "documents_complete": "0",
        "land_record_available": "1",
        "overlap_percentage": "68.36",
        "previous_rejections": "1",
        "latitude": 22.023635,
        "longitude": 86.777326,
        "status": "Pending"
      }
    },
    {
      "type": "Feature",
      "geometry": {
        "type": "Point",
        "coordinates": [
          84.421674,
          22.937407
        ]
      },
      "properties": {
        "claim_id": "FRA0684",
        "state": "Jharkhand",
        "district": "Gumla",
        "village": "Village_59",
        "claim_type": "IFR",
        "claimed_area": "4.47",
        "recorded_area": "3.84",
        "processing_days": "102",
        "current_stage": "Gram Sabha",
        "documents_complete": "1",
        "land_record_available": "0",
        "overlap_percentage": "74.85",
        "previous_rejections": "1",
        "latitude": 22.937407,
        "longitude": 84.421674,
        "status": "Approved"
      }
    },
    {
      "type": "Feature",
      "geometry": {
        "type": "Point",
        "coordinates": [
          73.70661,
          20.147818
        ]
      },
      "properties": {
        "claim_id": "FRA0685",
        "state": "Maharashtra",
        "district": "Nashik",
        "village": "Village_38",
        "claim_type": "IFR",
        "claimed_area": "7.61",
        "recorded_area": "7.8",
        "processing_days": "83",
        "current_stage": "Gram Sabha",
        "documents_complete": "1",
        "land_record_available": "1",
        "overlap_percentage": "19.24",
        "previous_rejections": "0",
        "latitude": 20.147818,
        "longitude": 73.70661,
        "status": "Pending"
      }
    },
    {
      "type": "Feature",
      "geometry": {
        "type": "Point",
        "coordinates": [
          86.727186,
          22.073215
        ]
      },
      "properties": {
        "claim_id": "FRA0686",
        "state": "Odisha",
        "district": "Mayurbhanj",
        "village": "Village_94",
        "claim_type": "CFR",
        "claimed_area": "2.58",
        "recorded_area": "2.27",
        "processing_days": "136",
        "current_stage": "DLC",
        "documents_complete": "0",
        "land_record_available": "1",
        "overlap_percentage": "9.44",
        "previous_rejections": "3",
        "latitude": 22.073215,
        "longitude": 86.727186,
        "status": "Approved"
      }
    },
    {
      "type": "Feature",
      "geometry": {
        "type": "Point",
        "coordinates": [
          81.820784,
          19.012677
        ]
      },
      "properties": {
        "claim_id": "FRA0687",
        "state": "Chhattisgarh",
        "district": "Bastar",
        "village": "Village_84",
        "claim_type": "CR",
        "claimed_area": "5.51",
        "recorded_area": "5.27",
        "processing_days": "136",
        "current_stage": "SDLC",
        "documents_complete": "1",
        "land_record_available": "1",
        "overlap_percentage": "75.67",
        "previous_rejections": "1",
        "latitude": 19.012677,
        "longitude": 81.820784,
        "status": "Pending"
      }
    },
    {
      "type": "Feature",
      "geometry": {
        "type": "Point",
        "coordinates": [
          83.181892,
          23.037554
        ]
      },
      "properties": {
        "claim_id": "FRA0688",
        "state": "Chhattisgarh",
        "district": "Surguja",
        "village": "Village_51",
        "claim_type": "CFR",
        "claimed_area": "3.16",
        "recorded_area": "3.31",
        "processing_days": "52",
        "current_stage": "SDLC",
        "documents_complete": "1",
        "land_record_available": "1",
        "overlap_percentage": "28.8",
        "previous_rejections": "0",
        "latitude": 23.037554,
        "longitude": 83.181892,
        "status": "Pending"
      }
    },
    {
      "type": "Feature",
      "geometry": {
        "type": "Point",
        "coordinates": [
          80.286117,
          22.595057
        ]
      },
      "properties": {
        "claim_id": "FRA0689",
        "state": "Madhya Pradesh",
        "district": "Mandla",
        "village": "Village_93",
        "claim_type": "IFR",
        "claimed_area": "4.8",
        "recorded_area": "4.46",
        "processing_days": "29",
        "current_stage": "SDLC",
        "documents_complete": "1",
        "land_record_available": "1",
        "overlap_percentage": "39.2",
        "previous_rejections": "2",
        "latitude": 22.595057,
        "longitude": 80.286117,
        "status": "Rejected"
      }
    },
    {
      "type": "Feature",
      "geometry": {
        "type": "Point",
        "coordinates": [
          85.517459,
          21.659166
        ]
      },
      "properties": {
        "claim_id": "FRA0690",
        "state": "Odisha",
        "district": "Keonjhar",
        "village": "Village_54",
        "claim_type": "CR",
        "claimed_area": "5.54",
        "recorded_area": "5.32",
        "processing_days": "98",
        "current_stage": "Title Issued",
        "documents_complete": "0",
        "land_record_available": "1",
        "overlap_percentage": "66.3",
        "previous_rejections": "2",
        "latitude": 21.659166,
        "longitude": 85.517459,
        "status": "Approved"
      }
    },
    {
      "type": "Feature",
      "geometry": {
        "type": "Point",
        "coordinates": [
          73.709879,
          20.09906
        ]
      },
      "properties": {
        "claim_id": "FRA0691",
        "state": "Maharashtra",
        "district": "Nashik",
        "village": "Village_99",
        "claim_type": "IFR",
        "claimed_area": "5.3",
        "recorded_area": "4.68",
        "processing_days": "75",
        "current_stage": "Gram Sabha",
        "documents_complete": "1",
        "land_record_available": "0",
        "overlap_percentage": "89.03",
        "previous_rejections": "0",
        "latitude": 20.09906,
        "longitude": 73.709879,
        "status": "Rejected"
      }
    },
    {
      "type": "Feature",
      "geometry": {
        "type": "Point",
        "coordinates": [
          74.360887,
          21.307396
        ]
      },
      "properties": {
        "claim_id": "FRA0692",
        "state": "Maharashtra",
        "district": "Nandurbar",
        "village": "Village_21",
        "claim_type": "IFR",
        "claimed_area": "9.38",
        "recorded_area": "8.6",
        "processing_days": "69",
        "current_stage": "Title Issued",
        "documents_complete": "0",
        "land_record_available": "0",
        "overlap_percentage": "89.21",
        "previous_rejections": "3",
        "latitude": 21.307396,
        "longitude": 74.360887,
        "status": "Pending"
      }
    },
    {
      "type": "Feature",
      "geometry": {
        "type": "Point",
        "coordinates": [
          80.03888,
          20.168963
        ]
      },
      "properties": {
        "claim_id": "FRA0693",
        "state": "Maharashtra",
        "district": "Gadchiroli",
        "village": "Village_56",
        "claim_type": "CFR",
        "claimed_area": "3.61",
        "recorded_area": "3.7",
        "processing_days": "26",
        "current_stage": "Title Issued",
        "documents_complete": "0",
        "land_record_available": "0",
        "overlap_percentage": "16.82",
        "previous_rejections": "0",
        "latitude": 20.168963,
        "longitude": 80.03888,
        "status": "Pending"
      }
    },
    {
      "type": "Feature",
      "geometry": {
        "type": "Point",
        "coordinates": [
          82.68006,
          18.919309
        ]
      },
      "properties": {
        "claim_id": "FRA0694",
        "state": "Odisha",
        "district": "Koraput",
        "village": "Village_94",
        "claim_type": "CFR",
        "claimed_area": "9.68",
        "recorded_area": "8.97",
        "processing_days": "46",
        "current_stage": "SDLC",
        "documents_complete": "1",
        "land_record_available": "0",
        "overlap_percentage": "15.82",
        "previous_rejections": "1",
        "latitude": 18.919309,
        "longitude": 82.68006,
        "status": "Approved"
      }
    },
    {
      "type": "Feature",
      "geometry": {
        "type": "Point",
        "coordinates": [
          85.530485,
          21.599451
        ]
      },
      "properties": {
        "claim_id": "FRA0695",
        "state": "Odisha",
        "district": "Keonjhar",
        "village": "Village_22",
        "claim_type": "CFR",
        "claimed_area": "6.59",
        "recorded_area": "6.84",
        "processing_days": "116",
        "current_stage": "SDLC",
        "documents_complete": "0",
        "land_record_available": "0",
        "overlap_percentage": "69.79",
        "previous_rejections": "0",
        "latitude": 21.599451,
        "longitude": 85.530485,
        "status": "Approved"
      }
    },
    {
      "type": "Feature",
      "geometry": {
        "type": "Point",
        "coordinates": [
          85.660308,
          21.761264
        ]
      },
      "properties": {
        "claim_id": "FRA0696",
        "state": "Odisha",
        "district": "Keonjhar",
        "village": "Village_47",
        "claim_type": "IFR",
        "claimed_area": "5.76",
        "recorded_area": "5.92",
        "processing_days": "115",
        "current_stage": "DLC",
        "documents_complete": "1",
        "land_record_available": "0",
        "overlap_percentage": "48.08",
        "previous_rejections": "1",
        "latitude": 21.761264,
        "longitude": 85.660308,
        "status": "Approved"
      }
    },
    {
      "type": "Feature",
      "geometry": {
        "type": "Point",
        "coordinates": [
          84.520145,
          23.074172
        ]
      },
      "properties": {
        "claim_id": "FRA0697",
        "state": "Jharkhand",
        "district": "Gumla",
        "village": "Village_85",
        "claim_type": "CR",
        "claimed_area": "1.86",
        "recorded_area": "1.81",
        "processing_days": "23",
        "current_stage": "Gram Sabha",
        "documents_complete": "0",
        "land_record_available": "0",
        "overlap_percentage": "59.9",
        "previous_rejections": "2",
        "latitude": 23.074172,
        "longitude": 84.520145,
        "status": "Rejected"
      }
    },
    {
      "type": "Feature",
      "geometry": {
        "type": "Point",
        "coordinates": [
          81.978238,
          19.036246
        ]
      },
      "properties": {
        "claim_id": "FRA0698",
        "state": "Chhattisgarh",
        "district": "Bastar",
        "village": "Village_58",
        "claim_type": "CR",
        "claimed_area": "3.65",
        "recorded_area": "3.34",
        "processing_days": "70",
        "current_stage": "Title Issued",
        "documents_complete": "0",
        "land_record_available": "0",
        "overlap_percentage": "75.68",
        "previous_rejections": "0",
        "latitude": 19.036246,
        "longitude": 81.978238,
        "status": "Approved"
      }
    },
    {
      "type": "Feature",
      "geometry": {
        "type": "Point",
        "coordinates": [
          86.588362,
          21.930997
        ]
      },
      "properties": {
        "claim_id": "FRA0699",
        "state": "Odisha",
        "district": "Mayurbhanj",
        "village": "Village_99",
        "claim_type": "CR",
        "claimed_area": "3.83",
        "recorded_area": "3.69",
        "processing_days": "147",
        "current_stage": "DLC",
        "documents_complete": "1",
        "land_record_available": "1",
        "overlap_percentage": "22.46",
        "previous_rejections": "3",
        "latitude": 21.930997,
        "longitude": 86.588362,
        "status": "Rejected"
      }
    },
    {
      "type": "Feature",
      "geometry": {
        "type": "Point",
        "coordinates": [
          81.837825,
          18.967025
        ]
      },
      "properties": {
        "claim_id": "FRA0700",
        "state": "Chhattisgarh",
        "district": "Bastar",
        "village": "Village_23",
        "claim_type": "CR",
        "claimed_area": "6.28",
        "recorded_area": "6.32",
        "processing_days": "111",
        "current_stage": "DLC",
        "documents_complete": "1",
        "land_record_available": "1",
        "overlap_percentage": "73.08",
        "previous_rejections": "2",
        "latitude": 18.967025,
        "longitude": 81.837825,
        "status": "Approved"
      }
    },
    {
      "type": "Feature",
      "geometry": {
        "type": "Point",
        "coordinates": [
          73.715788,
          20.116303
        ]
      },
      "properties": {
        "claim_id": "FRA0701",
        "state": "Maharashtra",
        "district": "Nashik",
        "village": "Village_4",
        "claim_type": "CFR",
        "claimed_area": "5.89",
        "recorded_area": "5.24",
        "processing_days": "52",
        "current_stage": "SDLC",
        "documents_complete": "1",
        "land_record_available": "1",
        "overlap_percentage": "37.46",
        "previous_rejections": "0",
        "latitude": 20.116303,
        "longitude": 73.715788,
        "status": "Rejected"
      }
    },
    {
      "type": "Feature",
      "geometry": {
        "type": "Point",
        "coordinates": [
          86.633298,
          21.853124
        ]
      },
      "properties": {
        "claim_id": "FRA0702",
        "state": "Odisha",
        "district": "Mayurbhanj",
        "village": "Village_34",
        "claim_type": "IFR",
        "claimed_area": "4.99",
        "recorded_area": "4.54",
        "processing_days": "105",
        "current_stage": "DLC",
        "documents_complete": "0",
        "land_record_available": "1",
        "overlap_percentage": "9.44",
        "previous_rejections": "1",
        "latitude": 21.853124,
        "longitude": 86.633298,
        "status": "Rejected"
      }
    },
    {
      "type": "Feature",
      "geometry": {
        "type": "Point",
        "coordinates": [
          86.600628,
          21.986635
        ]
      },
      "properties": {
        "claim_id": "FRA0703",
        "state": "Odisha",
        "district": "Mayurbhanj",
        "village": "Village_17",
        "claim_type": "IFR",
        "claimed_area": "3.29",
        "recorded_area": "3.09",
        "processing_days": "46",
        "current_stage": "SDLC",
        "documents_complete": "1",
        "land_record_available": "1",
        "overlap_percentage": "79.55",
        "previous_rejections": "2",
        "latitude": 21.986635,
        "longitude": 86.600628,
        "status": "Pending"
      }
    },
    {
      "type": "Feature",
      "geometry": {
        "type": "Point",
        "coordinates": [
          83.250576,
          22.839269
        ]
      },
      "properties": {
        "claim_id": "FRA0704",
        "state": "Chhattisgarh",
        "district": "Surguja",
        "village": "Village_47",
        "claim_type": "CFR",
        "claimed_area": "3.81",
        "recorded_area": "3.51",
        "processing_days": "26",
        "current_stage": "DLC",
        "documents_complete": "0",
        "land_record_available": "1",
        "overlap_percentage": "34.22",
        "previous_rejections": "1",
        "latitude": 22.839269,
        "longitude": 83.250576,
        "status": "Rejected"
      }
    },
    {
      "type": "Feature",
      "geometry": {
        "type": "Point",
        "coordinates": [
          73.861712,
          19.906756
        ]
      },
      "properties": {
        "claim_id": "FRA0705",
        "state": "Maharashtra",
        "district": "Nashik",
        "village": "Village_89",
        "claim_type": "CFR",
        "claimed_area": "3.54",
        "recorded_area": "3.4",
        "processing_days": "57",
        "current_stage": "Gram Sabha",
        "documents_complete": "1",
        "land_record_available": "0",
        "overlap_percentage": "31.74",
        "previous_rejections": "1",
        "latitude": 19.906756,
        "longitude": 73.861712,
        "status": "Approved"
      }
    },
    {
      "type": "Feature",
      "geometry": {
        "type": "Point",
        "coordinates": [
          86.671953,
          21.845132
        ]
      },
      "properties": {
        "claim_id": "FRA0706",
        "state": "Odisha",
        "district": "Mayurbhanj",
        "village": "Village_18",
        "claim_type": "CR",
        "claimed_area": "4.09",
        "recorded_area": "4.26",
        "processing_days": "127",
        "current_stage": "Gram Sabha",
        "documents_complete": "1",
        "land_record_available": "1",
        "overlap_percentage": "78.81",
        "previous_rejections": "1",
        "latitude": 21.845132,
        "longitude": 86.671953,
        "status": "Rejected"
      }
    },
    {
      "type": "Feature",
      "geometry": {
        "type": "Point",
        "coordinates": [
          81.368466,
          20.186054
        ]
      },
      "properties": {
        "claim_id": "FRA0707",
        "state": "Chhattisgarh",
        "district": "Kanker",
        "village": "Village_30",
        "claim_type": "IFR",
        "claimed_area": "3.83",
        "recorded_area": "3.26",
        "processing_days": "62",
        "current_stage": "Title Issued",
        "documents_complete": "1",
        "land_record_available": "1",
        "overlap_percentage": "78.07",
        "previous_rejections": "2",
        "latitude": 20.186054,
        "longitude": 81.368466,
        "status": "Rejected"
      }
    },
    {
      "type": "Feature",
      "geometry": {
        "type": "Point",
        "coordinates": [
          85.522621,
          21.534348
        ]
      },
      "properties": {
        "claim_id": "FRA0708",
        "state": "Odisha",
        "district": "Keonjhar",
        "village": "Village_47",
        "claim_type": "CR",
        "claimed_area": "1.92",
        "recorded_area": "1.77",
        "processing_days": "115",
        "current_stage": "Title Issued",
        "documents_complete": "1",
        "land_record_available": "1",
        "overlap_percentage": "43.07",
        "previous_rejections": "3",
        "latitude": 21.534348,
        "longitude": 85.522621,
        "status": "Pending"
      }
    },
    {
      "type": "Feature",
      "geometry": {
        "type": "Point",
        "coordinates": [
          86.773652,
          21.87643
        ]
      },
      "properties": {
        "claim_id": "FRA0709",
        "state": "Odisha",
        "district": "Mayurbhanj",
        "village": "Village_6",
        "claim_type": "IFR",
        "claimed_area": "5.21",
        "recorded_area": "5.03",
        "processing_days": "132",
        "current_stage": "DLC",
        "documents_complete": "0",
        "land_record_available": "1",
        "overlap_percentage": "52.84",
        "previous_rejections": "0",
        "latitude": 21.87643,
        "longitude": 86.773652,
        "status": "Approved"
      }
    },
    {
      "type": "Feature",
      "geometry": {
        "type": "Point",
        "coordinates": [
          81.087874,
          22.952966
        ]
      },
      "properties": {
        "claim_id": "FRA0710",
        "state": "Madhya Pradesh",
        "district": "Dindori",
        "village": "Village_25",
        "claim_type": "IFR",
        "claimed_area": "2.7",
        "recorded_area": "2.36",
        "processing_days": "144",
        "current_stage": "SDLC",
        "documents_complete": "0",
        "land_record_available": "0",
        "overlap_percentage": "27.22",
        "previous_rejections": "1",
        "latitude": 22.952966,
        "longitude": 81.087874,
        "status": "Rejected"
      }
    },
    {
      "type": "Feature",
      "geometry": {
        "type": "Point",
        "coordinates": [
          80.166033,
          21.762191
        ]
      },
      "properties": {
        "claim_id": "FRA0711",
        "state": "Madhya Pradesh",
        "district": "Balaghat",
        "village": "Village_28",
        "claim_type": "CR",
        "claimed_area": "2.68",
        "recorded_area": "2.5",
        "processing_days": "142",
        "current_stage": "Title Issued",
        "documents_complete": "1",
        "land_record_available": "1",
        "overlap_percentage": "81.5",
        "previous_rejections": "2",
        "latitude": 21.762191,
        "longitude": 80.166033,
        "status": "Approved"
      }
    },
    {
      "type": "Feature",
      "geometry": {
        "type": "Point",
        "coordinates": [
          84.667728,
          23.074785
        ]
      },
      "properties": {
        "claim_id": "FRA0712",
        "state": "Jharkhand",
        "district": "Gumla",
        "village": "Village_86",
        "claim_type": "CR",
        "claimed_area": "7.57",
        "recorded_area": "7.21",
        "processing_days": "177",
        "current_stage": "Title Issued",
        "documents_complete": "0",
        "land_record_available": "0",
        "overlap_percentage": "46.41",
        "previous_rejections": "0",
        "latitude": 23.074785,
        "longitude": 84.667728,
        "status": "Approved"
      }
    },
    {
      "type": "Feature",
      "geometry": {
        "type": "Point",
        "coordinates": [
          83.267263,
          22.811375
        ]
      },
      "properties": {
        "claim_id": "FRA0713",
        "state": "Chhattisgarh",
        "district": "Surguja",
        "village": "Village_23",
        "claim_type": "CFR",
        "claimed_area": "5.49",
        "recorded_area": "5.44",
        "processing_days": "136",
        "current_stage": "SDLC",
        "documents_complete": "1",
        "land_record_available": "1",
        "overlap_percentage": "51.84",
        "previous_rejections": "2",
        "latitude": 22.811375,
        "longitude": 83.267263,
        "status": "Pending"
      }
    },
    {
      "type": "Feature",
      "geometry": {
        "type": "Point",
        "coordinates": [
          83.131236,
          22.976061
        ]
      },
      "properties": {
        "claim_id": "FRA0714",
        "state": "Chhattisgarh",
        "district": "Surguja",
        "village": "Village_56",
        "claim_type": "IFR",
        "claimed_area": "7.39",
        "recorded_area": "6.49",
        "processing_days": "126",
        "current_stage": "DLC",
        "documents_complete": "0",
        "land_record_available": "1",
        "overlap_percentage": "57.44",
        "previous_rejections": "3",
        "latitude": 22.976061,
        "longitude": 83.131236,
        "status": "Approved"
      }
    },
    {
      "type": "Feature",
      "geometry": {
        "type": "Point",
        "coordinates": [
          82.033045,
          18.98239
        ]
      },
      "properties": {
        "claim_id": "FRA0715",
        "state": "Chhattisgarh",
        "district": "Bastar",
        "village": "Village_79",
        "claim_type": "CR",
        "claimed_area": "5.46",
        "recorded_area": "5.57",
        "processing_days": "129",
        "current_stage": "SDLC",
        "documents_complete": "1",
        "land_record_available": "0",
        "overlap_percentage": "14.89",
        "previous_rejections": "1",
        "latitude": 18.98239,
        "longitude": 82.033045,
        "status": "Approved"
      }
    },
    {
      "type": "Feature",
      "geometry": {
        "type": "Point",
        "coordinates": [
          84.422816,
          22.548312
        ]
      },
      "properties": {
        "claim_id": "FRA0716",
        "state": "Jharkhand",
        "district": "Simdega",
        "village": "Village_80",
        "claim_type": "CR",
        "claimed_area": "4.3",
        "recorded_area": "3.94",
        "processing_days": "86",
        "current_stage": "SDLC",
        "documents_complete": "0",
        "land_record_available": "0",
        "overlap_percentage": "45.32",
        "previous_rejections": "0",
        "latitude": 22.548312,
        "longitude": 84.422816,
        "status": "Pending"
      }
    },
    {
      "type": "Feature",
      "geometry": {
        "type": "Point",
        "coordinates": [
          73.647463,
          20.092533
        ]
      },
      "properties": {
        "claim_id": "FRA0717",
        "state": "Maharashtra",
        "district": "Nashik",
        "village": "Village_2",
        "claim_type": "CR",
        "claimed_area": "6.0",
        "recorded_area": "5.78",
        "processing_days": "127",
        "current_stage": "DLC",
        "documents_complete": "1",
        "land_record_available": "0",
        "overlap_percentage": "23.34",
        "previous_rejections": "0",
        "latitude": 20.092533,
        "longitude": 73.647463,
        "status": "Approved"
      }
    },
    {
      "type": "Feature",
      "geometry": {
        "type": "Point",
        "coordinates": [
          84.427625,
          22.644099
        ]
      },
      "properties": {
        "claim_id": "FRA0718",
        "state": "Jharkhand",
        "district": "Simdega",
        "village": "Village_11",
        "claim_type": "CR",
        "claimed_area": "1.93",
        "recorded_area": "1.7",
        "processing_days": "121",
        "current_stage": "Gram Sabha",
        "documents_complete": "0",
        "land_record_available": "1",
        "overlap_percentage": "4.14",
        "previous_rejections": "2",
        "latitude": 22.644099,
        "longitude": 84.427625,
        "status": "Pending"
      }
    },
    {
      "type": "Feature",
      "geometry": {
        "type": "Point",
        "coordinates": [
          84.667744,
          23.136907
        ]
      },
      "properties": {
        "claim_id": "FRA0719",
        "state": "Jharkhand",
        "district": "Gumla",
        "village": "Village_41",
        "claim_type": "IFR",
        "claimed_area": "2.34",
        "recorded_area": "2.08",
        "processing_days": "28",
        "current_stage": "Title Issued",
        "documents_complete": "0",
        "land_record_available": "0",
        "overlap_percentage": "10.92",
        "previous_rejections": "0",
        "latitude": 23.136907,
        "longitude": 84.667744,
        "status": "Rejected"
      }
    },
    {
      "type": "Feature",
      "geometry": {
        "type": "Point",
        "coordinates": [
          74.214654,
          21.25023
        ]
      },
      "properties": {
        "claim_id": "FRA0720",
        "state": "Maharashtra",
        "district": "Nandurbar",
        "village": "Village_80",
        "claim_type": "CR",
        "claimed_area": "8.86",
        "recorded_area": "8.4",
        "processing_days": "166",
        "current_stage": "Gram Sabha",
        "documents_complete": "0",
        "land_record_available": "0",
        "overlap_percentage": "0.03",
        "previous_rejections": "2",
        "latitude": 21.25023,
        "longitude": 74.214654,
        "status": "Approved"
      }
    },
    {
      "type": "Feature",
      "geometry": {
        "type": "Point",
        "coordinates": [
          81.53085,
          20.34241
        ]
      },
      "properties": {
        "claim_id": "FRA0721",
        "state": "Chhattisgarh",
        "district": "Kanker",
        "village": "Village_47",
        "claim_type": "IFR",
        "claimed_area": "4.72",
        "recorded_area": "4.83",
        "processing_days": "128",
        "current_stage": "Gram Sabha",
        "documents_complete": "0",
        "land_record_available": "1",
        "overlap_percentage": "50.55",
        "previous_rejections": "1",
        "latitude": 20.34241,
        "longitude": 81.53085,
        "status": "Approved"
      }
    },
    {
      "type": "Feature",
      "geometry": {
        "type": "Point",
        "coordinates": [
          80.076215,
          20.118885
        ]
      },
      "properties": {
        "claim_id": "FRA0722",
        "state": "Maharashtra",
        "district": "Gadchiroli",
        "village": "Village_27",
        "claim_type": "CFR",
        "claimed_area": "7.64",
        "recorded_area": "8.0",
        "processing_days": "108",
        "current_stage": "SDLC",
        "documents_complete": "0",
        "land_record_available": "0",
        "overlap_percentage": "4.47",
        "previous_rejections": "0",
        "latitude": 20.118885,
        "longitude": 80.076215,
        "status": "Rejected"
      }
    },
    {
      "type": "Feature",
      "geometry": {
        "type": "Point",
        "coordinates": [
          82.607622,
          18.924145
        ]
      },
      "properties": {
        "claim_id": "FRA0723",
        "state": "Odisha",
        "district": "Koraput",
        "village": "Village_63",
        "claim_type": "CR",
        "claimed_area": "6.24",
        "recorded_area": "5.43",
        "processing_days": "49",
        "current_stage": "Gram Sabha",
        "documents_complete": "1",
        "land_record_available": "1",
        "overlap_percentage": "7.72",
        "previous_rejections": "0",
        "latitude": 18.924145,
        "longitude": 82.607622,
        "status": "Pending"
      }
    },
    {
      "type": "Feature",
      "geometry": {
        "type": "Point",
        "coordinates": [
          80.337815,
          22.503103
        ]
      },
      "properties": {
        "claim_id": "FRA0724",
        "state": "Madhya Pradesh",
        "district": "Mandla",
        "village": "Village_74",
        "claim_type": "CFR",
        "claimed_area": "7.48",
        "recorded_area": "7.28",
        "processing_days": "135",
        "current_stage": "DLC",
        "documents_complete": "1",
        "land_record_available": "0",
        "overlap_percentage": "48.57",
        "previous_rejections": "1",
        "latitude": 22.503103,
        "longitude": 80.337815,
        "status": "Pending"
      }
    },
    {
      "type": "Feature",
      "geometry": {
        "type": "Point",
        "coordinates": [
          84.562124,
          22.89801
        ]
      },
      "properties": {
        "claim_id": "FRA0725",
        "state": "Jharkhand",
        "district": "Gumla",
        "village": "Village_29",
        "claim_type": "CFR",
        "claimed_area": "9.83",
        "recorded_area": "9.69",
        "processing_days": "148",
        "current_stage": "SDLC",
        "documents_complete": "0",
        "land_record_available": "0",
        "overlap_percentage": "6.36",
        "previous_rejections": "3",
        "latitude": 22.89801,
        "longitude": 84.562124,
        "status": "Approved"
      }
    },
    {
      "type": "Feature",
      "geometry": {
        "type": "Point",
        "coordinates": [
          74.230874,
          21.377399
        ]
      },
      "properties": {
        "claim_id": "FRA0726",
        "state": "Maharashtra",
        "district": "Nandurbar",
        "village": "Village_100",
        "claim_type": "IFR",
        "claimed_area": "9.33",
        "recorded_area": "8.53",
        "processing_days": "69",
        "current_stage": "DLC",
        "documents_complete": "1",
        "land_record_available": "0",
        "overlap_percentage": "66.94",
        "previous_rejections": "1",
        "latitude": 21.377399,
        "longitude": 74.230874,
        "status": "Rejected"
      }
    },
    {
      "type": "Feature",
      "geometry": {
        "type": "Point",
        "coordinates": [
          82.753104,
          18.693051
        ]
      },
      "properties": {
        "claim_id": "FRA0727",
        "state": "Odisha",
        "district": "Koraput",
        "village": "Village_22",
        "claim_type": "IFR",
        "claimed_area": "7.15",
        "recorded_area": "6.8",
        "processing_days": "68",
        "current_stage": "Gram Sabha",
        "documents_complete": "0",
        "land_record_available": "1",
        "overlap_percentage": "10.1",
        "previous_rejections": "1",
        "latitude": 18.693051,
        "longitude": 82.753104,
        "status": "Rejected"
      }
    },
    {
      "type": "Feature",
      "geometry": {
        "type": "Point",
        "coordinates": [
          80.187294,
          21.656688
        ]
      },
      "properties": {
        "claim_id": "FRA0728",
        "state": "Madhya Pradesh",
        "district": "Balaghat",
        "village": "Village_35",
        "claim_type": "CFR",
        "claimed_area": "4.85",
        "recorded_area": "4.25",
        "processing_days": "135",
        "current_stage": "DLC",
        "documents_complete": "1",
        "land_record_available": "1",
        "overlap_percentage": "81.26",
        "previous_rejections": "3",
        "latitude": 21.656688,
        "longitude": 80.187294,
        "status": "Pending"
      }
    },
    {
      "type": "Feature",
      "geometry": {
        "type": "Point",
        "coordinates": [
          82.093145,
          19.146313
        ]
      },
      "properties": {
        "claim_id": "FRA0729",
        "state": "Chhattisgarh",
        "district": "Bastar",
        "village": "Village_66",
        "claim_type": "CR",
        "claimed_area": "1.36",
        "recorded_area": "1.33",
        "processing_days": "173",
        "current_stage": "Title Issued",
        "documents_complete": "1",
        "land_record_available": "0",
        "overlap_percentage": "11.49",
        "previous_rejections": "3",
        "latitude": 19.146313,
        "longitude": 82.093145,
        "status": "Rejected"
      }
    },
    {
      "type": "Feature",
      "geometry": {
        "type": "Point",
        "coordinates": [
          80.252718,
          22.736795
        ]
      },
      "properties": {
        "claim_id": "FRA0730",
        "state": "Madhya Pradesh",
        "district": "Mandla",
        "village": "Village_98",
        "claim_type": "CR",
        "claimed_area": "5.64",
        "recorded_area": "4.86",
        "processing_days": "99",
        "current_stage": "Title Issued",
        "documents_complete": "1",
        "land_record_available": "0",
        "overlap_percentage": "4.53",
        "previous_rejections": "2",
        "latitude": 22.736795,
        "longitude": 80.252718,
        "status": "Rejected"
      }
    },
    {
      "type": "Feature",
      "geometry": {
        "type": "Point",
        "coordinates": [
          81.844329,
          18.99765
        ]
      },
      "properties": {
        "claim_id": "FRA0731",
        "state": "Chhattisgarh",
        "district": "Bastar",
        "village": "Village_96",
        "claim_type": "CR",
        "claimed_area": "9.76",
        "recorded_area": "10.23",
        "processing_days": "177",
        "current_stage": "DLC",
        "documents_complete": "1",
        "land_record_available": "1",
        "overlap_percentage": "71.64",
        "previous_rejections": "2",
        "latitude": 18.99765,
        "longitude": 81.844329,
        "status": "Pending"
      }
    },
    {
      "type": "Feature",
      "geometry": {
        "type": "Point",
        "coordinates": [
          83.332617,
          22.800963
        ]
      },
      "properties": {
        "claim_id": "FRA0732",
        "state": "Chhattisgarh",
        "district": "Surguja",
        "village": "Village_11",
        "claim_type": "CR",
        "claimed_area": "4.67",
        "recorded_area": "4.49",
        "processing_days": "64",
        "current_stage": "SDLC",
        "documents_complete": "0",
        "land_record_available": "0",
        "overlap_percentage": "2.14",
        "previous_rejections": "3",
        "latitude": 22.800963,
        "longitude": 83.332617,
        "status": "Pending"
      }
    },
    {
      "type": "Feature",
      "geometry": {
        "type": "Point",
        "coordinates": [
          81.831926,
          19.060006
        ]
      },
      "properties": {
        "claim_id": "FRA0733",
        "state": "Chhattisgarh",
        "district": "Bastar",
        "village": "Village_24",
        "claim_type": "IFR",
        "claimed_area": "2.69",
        "recorded_area": "2.43",
        "processing_days": "112",
        "current_stage": "Title Issued",
        "documents_complete": "0",
        "land_record_available": "0",
        "overlap_percentage": "87.74",
        "previous_rejections": "1",
        "latitude": 19.060006,
        "longitude": 81.831926,
        "status": "Rejected"
      }
    },
    {
      "type": "Feature",
      "geometry": {
        "type": "Point",
        "coordinates": [
          85.447988,
          23.375941
        ]
      },
      "properties": {
        "claim_id": "FRA0734",
        "state": "Jharkhand",
        "district": "Ranchi",
        "village": "Village_22",
        "claim_type": "CFR",
        "claimed_area": "2.52",
        "recorded_area": "2.32",
        "processing_days": "161",
        "current_stage": "SDLC",
        "documents_complete": "1",
        "land_record_available": "0",
        "overlap_percentage": "33.65",
        "previous_rejections": "1",
        "latitude": 23.375941,
        "longitude": 85.447988,
        "status": "Approved"
      }
    },
    {
      "type": "Feature",
      "geometry": {
        "type": "Point",
        "coordinates": [
          85.638802,
          21.607368
        ]
      },
      "properties": {
        "claim_id": "FRA0735",
        "state": "Odisha",
        "district": "Keonjhar",
        "village": "Village_28",
        "claim_type": "IFR",
        "claimed_area": "3.62",
        "recorded_area": "3.26",
        "processing_days": "171",
        "current_stage": "SDLC",
        "documents_complete": "0",
        "land_record_available": "0",
        "overlap_percentage": "74.28",
        "previous_rejections": "3",
        "latitude": 21.607368,
        "longitude": 85.638802,
        "status": "Pending"
      }
    },
    {
      "type": "Feature",
      "geometry": {
        "type": "Point",
        "coordinates": [
          86.781583,
          22.017111
        ]
      },
      "properties": {
        "claim_id": "FRA0736",
        "state": "Odisha",
        "district": "Mayurbhanj",
        "village": "Village_34",
        "claim_type": "CR",
        "claimed_area": "9.68",
        "recorded_area": "8.63",
        "processing_days": "124",
        "current_stage": "SDLC",
        "documents_complete": "1",
        "land_record_available": "0",
        "overlap_percentage": "39.02",
        "previous_rejections": "0",
        "latitude": 22.017111,
        "longitude": 86.781583,
        "status": "Pending"
      }
    },
    {
      "type": "Feature",
      "geometry": {
        "type": "Point",
        "coordinates": [
          80.06102,
          20.052459
        ]
      },
      "properties": {
        "claim_id": "FRA0737",
        "state": "Maharashtra",
        "district": "Gadchiroli",
        "village": "Village_22",
        "claim_type": "IFR",
        "claimed_area": "3.02",
        "recorded_area": "2.98",
        "processing_days": "40",
        "current_stage": "SDLC",
        "documents_complete": "1",
        "land_record_available": "1",
        "overlap_percentage": "41.07",
        "previous_rejections": "3",
        "latitude": 20.052459,
        "longitude": 80.06102,
        "status": "Approved"
      }
    },
    {
      "type": "Feature",
      "geometry": {
        "type": "Point",
        "coordinates": [
          80.324342,
          21.868344
        ]
      },
      "properties": {
        "claim_id": "FRA0738",
        "state": "Madhya Pradesh",
        "district": "Balaghat",
        "village": "Village_45",
        "claim_type": "CFR",
        "claimed_area": "4.87",
        "recorded_area": "4.34",
        "processing_days": "70",
        "current_stage": "DLC",
        "documents_complete": "1",
        "land_record_available": "0",
        "overlap_percentage": "56.7",
        "previous_rejections": "2",
        "latitude": 21.868344,
        "longitude": 80.324342,
        "status": "Pending"
      }
    },
    {
      "type": "Feature",
      "geometry": {
        "type": "Point",
        "coordinates": [
          80.14538,
          21.692763
        ]
      },
      "properties": {
        "claim_id": "FRA0739",
        "state": "Madhya Pradesh",
        "district": "Balaghat",
        "village": "Village_96",
        "claim_type": "CR",
        "claimed_area": "7.33",
        "recorded_area": "7.69",
        "processing_days": "144",
        "current_stage": "Gram Sabha",
        "documents_complete": "0",
        "land_record_available": "1",
        "overlap_percentage": "43.46",
        "previous_rejections": "0",
        "latitude": 21.692763,
        "longitude": 80.14538,
        "status": "Rejected"
      }
    },
    {
      "type": "Feature",
      "geometry": {
        "type": "Point",
        "coordinates": [
          82.777399,
          18.697433
        ]
      },
      "properties": {
        "claim_id": "FRA0740",
        "state": "Odisha",
        "district": "Koraput",
        "village": "Village_59",
        "claim_type": "CFR",
        "claimed_area": "1.33",
        "recorded_area": "1.29",
        "processing_days": "149",
        "current_stage": "Gram Sabha",
        "documents_complete": "1",
        "land_record_available": "0",
        "overlap_percentage": "20.75",
        "previous_rejections": "1",
        "latitude": 18.697433,
        "longitude": 82.777399,
        "status": "Pending"
      }
    },
    {
      "type": "Feature",
      "geometry": {
        "type": "Point",
        "coordinates": [
          81.427967,
          20.410255
        ]
      },
      "properties": {
        "claim_id": "FRA0741",
        "state": "Chhattisgarh",
        "district": "Kanker",
        "village": "Village_62",
        "claim_type": "CFR",
        "claimed_area": "9.15",
        "recorded_area": "8.08",
        "processing_days": "110",
        "current_stage": "Gram Sabha",
        "documents_complete": "0",
        "land_record_available": "1",
        "overlap_percentage": "50.77",
        "previous_rejections": "1",
        "latitude": 20.410255,
        "longitude": 81.427967,
        "status": "Approved"
      }
    },
    {
      "type": "Feature",
      "geometry": {
        "type": "Point",
        "coordinates": [
          81.435089,
          20.338171
        ]
      },
      "properties": {
        "claim_id": "FRA0742",
        "state": "Chhattisgarh",
        "district": "Kanker",
        "village": "Village_12",
        "claim_type": "IFR",
        "claimed_area": "4.37",
        "recorded_area": "4.13",
        "processing_days": "66",
        "current_stage": "SDLC",
        "documents_complete": "0",
        "land_record_available": "1",
        "overlap_percentage": "77.49",
        "previous_rejections": "3",
        "latitude": 20.338171,
        "longitude": 81.435089,
        "status": "Pending"
      }
    },
    {
      "type": "Feature",
      "geometry": {
        "type": "Point",
        "coordinates": [
          80.505819,
          22.683354
        ]
      },
      "properties": {
        "claim_id": "FRA0743",
        "state": "Madhya Pradesh",
        "district": "Mandla",
        "village": "Village_25",
        "claim_type": "CR",
        "claimed_area": "4.11",
        "recorded_area": "4.02",
        "processing_days": "47",
        "current_stage": "Title Issued",
        "documents_complete": "1",
        "land_record_available": "1",
        "overlap_percentage": "21.14",
        "previous_rejections": "3",
        "latitude": 22.683354,
        "longitude": 80.505819,
        "status": "Rejected"
      }
    },
    {
      "type": "Feature",
      "geometry": {
        "type": "Point",
        "coordinates": [
          86.621743,
          21.907201
        ]
      },
      "properties": {
        "claim_id": "FRA0744",
        "state": "Odisha",
        "district": "Mayurbhanj",
        "village": "Village_50",
        "claim_type": "IFR",
        "claimed_area": "7.69",
        "recorded_area": "7.07",
        "processing_days": "141",
        "current_stage": "Title Issued",
        "documents_complete": "0",
        "land_record_available": "1",
        "overlap_percentage": "87.03",
        "previous_rejections": "2",
        "latitude": 21.907201,
        "longitude": 86.621743,
        "status": "Rejected"
      }
    },
    {
      "type": "Feature",
      "geometry": {
        "type": "Point",
        "coordinates": [
          84.384501,
          22.607293
        ]
      },
      "properties": {
        "claim_id": "FRA0745",
        "state": "Jharkhand",
        "district": "Simdega",
        "village": "Village_89",
        "claim_type": "IFR",
        "claimed_area": "5.68",
        "recorded_area": "4.87",
        "processing_days": "178",
        "current_stage": "SDLC",
        "documents_complete": "1",
        "land_record_available": "0",
        "overlap_percentage": "50.55",
        "previous_rejections": "2",
        "latitude": 22.607293,
        "longitude": 84.384501,
        "status": "Rejected"
      }
    },
    {
      "type": "Feature",
      "geometry": {
        "type": "Point",
        "coordinates": [
          81.028226,
          23.045682
        ]
      },
      "properties": {
        "claim_id": "FRA0746",
        "state": "Madhya Pradesh",
        "district": "Dindori",
        "village": "Village_74",
        "claim_type": "IFR",
        "claimed_area": "1.11",
        "recorded_area": "1.13",
        "processing_days": "134",
        "current_stage": "DLC",
        "documents_complete": "0",
        "land_record_available": "1",
        "overlap_percentage": "38.01",
        "previous_rejections": "1",
        "latitude": 23.045682,
        "longitude": 81.028226,
        "status": "Approved"
      }
    },
    {
      "type": "Feature",
      "geometry": {
        "type": "Point",
        "coordinates": [
          80.002973,
          20.270953
        ]
      },
      "properties": {
        "claim_id": "FRA0747",
        "state": "Maharashtra",
        "district": "Gadchiroli",
        "village": "Village_1",
        "claim_type": "IFR",
        "claimed_area": "4.63",
        "recorded_area": "4.71",
        "processing_days": "143",
        "current_stage": "SDLC",
        "documents_complete": "1",
        "land_record_available": "1",
        "overlap_percentage": "54.82",
        "previous_rejections": "2",
        "latitude": 20.270953,
        "longitude": 80.002973,
        "status": "Approved"
      }
    },
    {
      "type": "Feature",
      "geometry": {
        "type": "Point",
        "coordinates": [
          85.307799,
          23.486333
        ]
      },
      "properties": {
        "claim_id": "FRA0748",
        "state": "Jharkhand",
        "district": "Ranchi",
        "village": "Village_13",
        "claim_type": "IFR",
        "claimed_area": "9.99",
        "recorded_area": "10.28",
        "processing_days": "107",
        "current_stage": "DLC",
        "documents_complete": "0",
        "land_record_available": "0",
        "overlap_percentage": "32.28",
        "previous_rejections": "1",
        "latitude": 23.486333,
        "longitude": 85.307799,
        "status": "Pending"
      }
    },
    {
      "type": "Feature",
      "geometry": {
        "type": "Point",
        "coordinates": [
          81.185698,
          22.862229
        ]
      },
      "properties": {
        "claim_id": "FRA0749",
        "state": "Madhya Pradesh",
        "district": "Dindori",
        "village": "Village_69",
        "claim_type": "CFR",
        "claimed_area": "8.84",
        "recorded_area": "8.89",
        "processing_days": "150",
        "current_stage": "Title Issued",
        "documents_complete": "0",
        "land_record_available": "0",
        "overlap_percentage": "59.3",
        "previous_rejections": "2",
        "latitude": 22.862229,
        "longitude": 81.185698,
        "status": "Pending"
      }
    },
    {
      "type": "Feature",
      "geometry": {
        "type": "Point",
        "coordinates": [
          81.110165,
          22.826568
        ]
      },
      "properties": {
        "claim_id": "FRA0750",
        "state": "Madhya Pradesh",
        "district": "Dindori",
        "village": "Village_18",
        "claim_type": "IFR",
        "claimed_area": "1.43",
        "recorded_area": "1.37",
        "processing_days": "42",
        "current_stage": "DLC",
        "documents_complete": "0",
        "land_record_available": "1",
        "overlap_percentage": "57.2",
        "previous_rejections": "2",
        "latitude": 22.826568,
        "longitude": 81.110165,
        "status": "Pending"
      }
    },
    {
      "type": "Feature",
      "geometry": {
        "type": "Point",
        "coordinates": [
          83.347055,
          23.02175
        ]
      },
      "properties": {
        "claim_id": "FRA0751",
        "state": "Chhattisgarh",
        "district": "Surguja",
        "village": "Village_34",
        "claim_type": "CFR",
        "claimed_area": "4.04",
        "recorded_area": "3.82",
        "processing_days": "68",
        "current_stage": "Gram Sabha",
        "documents_complete": "0",
        "land_record_available": "0",
        "overlap_percentage": "49.78",
        "previous_rejections": "0",
        "latitude": 23.02175,
        "longitude": 83.347055,
        "status": "Approved"
      }
    },
    {
      "type": "Feature",
      "geometry": {
        "type": "Point",
        "coordinates": [
          84.631667,
          22.674135
        ]
      },
      "properties": {
        "claim_id": "FRA0752",
        "state": "Jharkhand",
        "district": "Simdega",
        "village": "Village_51",
        "claim_type": "CFR",
        "claimed_area": "6.05",
        "recorded_area": "5.34",
        "processing_days": "23",
        "current_stage": "Title Issued",
        "documents_complete": "0",
        "land_record_available": "0",
        "overlap_percentage": "44.59",
        "previous_rejections": "0",
        "latitude": 22.674135,
        "longitude": 84.631667,
        "status": "Approved"
      }
    },
    {
      "type": "Feature",
      "geometry": {
        "type": "Point",
        "coordinates": [
          83.06783,
          22.759922
        ]
      },
      "properties": {
        "claim_id": "FRA0753",
        "state": "Chhattisgarh",
        "district": "Surguja",
        "village": "Village_5",
        "claim_type": "CR",
        "claimed_area": "5.06",
        "recorded_area": "5.05",
        "processing_days": "129",
        "current_stage": "SDLC",
        "documents_complete": "0",
        "land_record_available": "1",
        "overlap_percentage": "41.74",
        "previous_rejections": "0",
        "latitude": 22.759922,
        "longitude": 83.06783,
        "status": "Approved"
      }
    },
    {
      "type": "Feature",
      "geometry": {
        "type": "Point",
        "coordinates": [
          81.437578,
          20.294332
        ]
      },
      "properties": {
        "claim_id": "FRA0754",
        "state": "Chhattisgarh",
        "district": "Kanker",
        "village": "Village_9",
        "claim_type": "CFR",
        "claimed_area": "6.72",
        "recorded_area": "5.99",
        "processing_days": "165",
        "current_stage": "Title Issued",
        "documents_complete": "0",
        "land_record_available": "0",
        "overlap_percentage": "75.94",
        "previous_rejections": "3",
        "latitude": 20.294332,
        "longitude": 81.437578,
        "status": "Rejected"
      }
    },
    {
      "type": "Feature",
      "geometry": {
        "type": "Point",
        "coordinates": [
          79.864259,
          20.205876
        ]
      },
      "properties": {
        "claim_id": "FRA0755",
        "state": "Maharashtra",
        "district": "Gadchiroli",
        "village": "Village_49",
        "claim_type": "CR",
        "claimed_area": "1.09",
        "recorded_area": "1.04",
        "processing_days": "102",
        "current_stage": "SDLC",
        "documents_complete": "1",
        "land_record_available": "1",
        "overlap_percentage": "76.02",
        "previous_rejections": "3",
        "latitude": 20.205876,
        "longitude": 79.864259,
        "status": "Approved"
      }
    },
    {
      "type": "Feature",
      "geometry": {
        "type": "Point",
        "coordinates": [
          74.181142,
          21.277165
        ]
      },
      "properties": {
        "claim_id": "FRA0756",
        "state": "Maharashtra",
        "district": "Nandurbar",
        "village": "Village_61",
        "claim_type": "CFR",
        "claimed_area": "4.71",
        "recorded_area": "4.01",
        "processing_days": "63",
        "current_stage": "DLC",
        "documents_complete": "0",
        "land_record_available": "1",
        "overlap_percentage": "14.44",
        "previous_rejections": "0",
        "latitude": 21.277165,
        "longitude": 74.181142,
        "status": "Pending"
      }
    },
    {
      "type": "Feature",
      "geometry": {
        "type": "Point",
        "coordinates": [
          86.592736,
          21.98989
        ]
      },
      "properties": {
        "claim_id": "FRA0757",
        "state": "Odisha",
        "district": "Mayurbhanj",
        "village": "Village_52",
        "claim_type": "CFR",
        "claimed_area": "8.63",
        "recorded_area": "8.23",
        "processing_days": "94",
        "current_stage": "Gram Sabha",
        "documents_complete": "1",
        "land_record_available": "0",
        "overlap_percentage": "48.06",
        "previous_rejections": "1",
        "latitude": 21.98989,
        "longitude": 86.592736,
        "status": "Approved"
      }
    },
    {
      "type": "Feature",
      "geometry": {
        "type": "Point",
        "coordinates": [
          73.693933,
          19.968915
        ]
      },
      "properties": {
        "claim_id": "FRA0758",
        "state": "Maharashtra",
        "district": "Nashik",
        "village": "Village_43",
        "claim_type": "CR",
        "claimed_area": "1.35",
        "recorded_area": "1.29",
        "processing_days": "67",
        "current_stage": "Title Issued",
        "documents_complete": "1",
        "land_record_available": "0",
        "overlap_percentage": "72.69",
        "previous_rejections": "3",
        "latitude": 19.968915,
        "longitude": 73.693933,
        "status": "Rejected"
      }
    },
    {
      "type": "Feature",
      "geometry": {
        "type": "Point",
        "coordinates": [
          81.040709,
          23.039624
        ]
      },
      "properties": {
        "claim_id": "FRA0759",
        "state": "Madhya Pradesh",
        "district": "Dindori",
        "village": "Village_6",
        "claim_type": "CFR",
        "claimed_area": "5.6",
        "recorded_area": "5.6",
        "processing_days": "22",
        "current_stage": "Gram Sabha",
        "documents_complete": "0",
        "land_record_available": "0",
        "overlap_percentage": "72.14",
        "previous_rejections": "0",
        "latitude": 23.039624,
        "longitude": 81.040709,
        "status": "Rejected"
      }
    },
    {
      "type": "Feature",
      "geometry": {
        "type": "Point",
        "coordinates": [
          82.767634,
          18.770849
        ]
      },
      "properties": {
        "claim_id": "FRA0760",
        "state": "Odisha",
        "district": "Koraput",
        "village": "Village_11",
        "claim_type": "IFR",
        "claimed_area": "2.09",
        "recorded_area": "1.89",
        "processing_days": "26",
        "current_stage": "DLC",
        "documents_complete": "0",
        "land_record_available": "1",
        "overlap_percentage": "48.14",
        "previous_rejections": "1",
        "latitude": 18.770849,
        "longitude": 82.767634,
        "status": "Rejected"
      }
    },
    {
      "type": "Feature",
      "geometry": {
        "type": "Point",
        "coordinates": [
          86.853051,
          21.870334
        ]
      },
      "properties": {
        "claim_id": "FRA0761",
        "state": "Odisha",
        "district": "Mayurbhanj",
        "village": "Village_17",
        "claim_type": "CFR",
        "claimed_area": "3.68",
        "recorded_area": "3.55",
        "processing_days": "48",
        "current_stage": "Title Issued",
        "documents_complete": "0",
        "land_record_available": "0",
        "overlap_percentage": "25.08",
        "previous_rejections": "1",
        "latitude": 21.870334,
        "longitude": 86.853051,
        "status": "Pending"
      }
    },
    {
      "type": "Feature",
      "geometry": {
        "type": "Point",
        "coordinates": [
          85.455159,
          23.413269
        ]
      },
      "properties": {
        "claim_id": "FRA0762",
        "state": "Jharkhand",
        "district": "Ranchi",
        "village": "Village_7",
        "claim_type": "CFR",
        "claimed_area": "2.82",
        "recorded_area": "2.75",
        "processing_days": "83",
        "current_stage": "SDLC",
        "documents_complete": "1",
        "land_record_available": "1",
        "overlap_percentage": "37.26",
        "previous_rejections": "2",
        "latitude": 23.413269,
        "longitude": 85.455159,
        "status": "Rejected"
      }
    },
    {
      "type": "Feature",
      "geometry": {
        "type": "Point",
        "coordinates": [
          81.344284,
          20.230786
        ]
      },
      "properties": {
        "claim_id": "FRA0763",
        "state": "Chhattisgarh",
        "district": "Kanker",
        "village": "Village_6",
        "claim_type": "CR",
        "claimed_area": "6.66",
        "recorded_area": "5.97",
        "processing_days": "171",
        "current_stage": "SDLC",
        "documents_complete": "1",
        "land_record_available": "0",
        "overlap_percentage": "85.57",
        "previous_rejections": "0",
        "latitude": 20.230786,
        "longitude": 81.344284,
        "status": "Rejected"
      }
    },
    {
      "type": "Feature",
      "geometry": {
        "type": "Point",
        "coordinates": [
          80.204418,
          21.823507
        ]
      },
      "properties": {
        "claim_id": "FRA0764",
        "state": "Madhya Pradesh",
        "district": "Balaghat",
        "village": "Village_84",
        "claim_type": "CR",
        "claimed_area": "6.06",
        "recorded_area": "5.58",
        "processing_days": "46",
        "current_stage": "SDLC",
        "documents_complete": "1",
        "land_record_available": "1",
        "overlap_percentage": "26.18",
        "previous_rejections": "2",
        "latitude": 21.823507,
        "longitude": 80.204418,
        "status": "Approved"
      }
    },
    {
      "type": "Feature",
      "geometry": {
        "type": "Point",
        "coordinates": [
          85.25601,
          23.261295
        ]
      },
      "properties": {
        "claim_id": "FRA0765",
        "state": "Jharkhand",
        "district": "Ranchi",
        "village": "Village_32",
        "claim_type": "CR",
        "claimed_area": "7.84",
        "recorded_area": "7.97",
        "processing_days": "114",
        "current_stage": "Gram Sabha",
        "documents_complete": "1",
        "land_record_available": "0",
        "overlap_percentage": "40.17",
        "previous_rejections": "3",
        "latitude": 23.261295,
        "longitude": 85.25601,
        "status": "Rejected"
      }
    },
    {
      "type": "Feature",
      "geometry": {
        "type": "Point",
        "coordinates": [
          80.343589,
          22.629486
        ]
      },
      "properties": {
        "claim_id": "FRA0766",
        "state": "Madhya Pradesh",
        "district": "Mandla",
        "village": "Village_38",
        "claim_type": "CR",
        "claimed_area": "9.37",
        "recorded_area": "8.96",
        "processing_days": "117",
        "current_stage": "SDLC",
        "documents_complete": "1",
        "land_record_available": "1",
        "overlap_percentage": "14.62",
        "previous_rejections": "0",
        "latitude": 22.629486,
        "longitude": 80.343589,
        "status": "Pending"
      }
    },
    {
      "type": "Feature",
      "geometry": {
        "type": "Point",
        "coordinates": [
          81.578051,
          20.362262
        ]
      },
      "properties": {
        "claim_id": "FRA0767",
        "state": "Chhattisgarh",
        "district": "Kanker",
        "village": "Village_6",
        "claim_type": "IFR",
        "claimed_area": "6.94",
        "recorded_area": "6.08",
        "processing_days": "179",
        "current_stage": "Gram Sabha",
        "documents_complete": "0",
        "land_record_available": "0",
        "overlap_percentage": "41.64",
        "previous_rejections": "2",
        "latitude": 20.362262,
        "longitude": 81.578051,
        "status": "Rejected"
      }
    },
    {
      "type": "Feature",
      "geometry": {
        "type": "Point",
        "coordinates": [
          80.282618,
          22.721255
        ]
      },
      "properties": {
        "claim_id": "FRA0768",
        "state": "Madhya Pradesh",
        "district": "Mandla",
        "village": "Village_65",
        "claim_type": "IFR",
        "claimed_area": "5.63",
        "recorded_area": "5.0",
        "processing_days": "178",
        "current_stage": "Gram Sabha",
        "documents_complete": "1",
        "land_record_available": "1",
        "overlap_percentage": "13.63",
        "previous_rejections": "2",
        "latitude": 22.721255,
        "longitude": 80.282618,
        "status": "Rejected"
      }
    },
    {
      "type": "Feature",
      "geometry": {
        "type": "Point",
        "coordinates": [
          85.220177,
          23.467183
        ]
      },
      "properties": {
        "claim_id": "FRA0769",
        "state": "Jharkhand",
        "district": "Ranchi",
        "village": "Village_66",
        "claim_type": "CR",
        "claimed_area": "7.87",
        "recorded_area": "7.29",
        "processing_days": "165",
        "current_stage": "SDLC",
        "documents_complete": "1",
        "land_record_available": "1",
        "overlap_percentage": "13.54",
        "previous_rejections": "3",
        "latitude": 23.467183,
        "longitude": 85.220177,
        "status": "Rejected"
      }
    },
    {
      "type": "Feature",
      "geometry": {
        "type": "Point",
        "coordinates": [
          80.31012,
          21.901898
        ]
      },
      "properties": {
        "claim_id": "FRA0770",
        "state": "Madhya Pradesh",
        "district": "Balaghat",
        "village": "Village_44",
        "claim_type": "CR",
        "claimed_area": "8.96",
        "recorded_area": "7.92",
        "processing_days": "100",
        "current_stage": "SDLC",
        "documents_complete": "0",
        "land_record_available": "0",
        "overlap_percentage": "65.38",
        "previous_rejections": "2",
        "latitude": 21.901898,
        "longitude": 80.31012,
        "status": "Rejected"
      }
    },
    {
      "type": "Feature",
      "geometry": {
        "type": "Point",
        "coordinates": [
          80.075929,
          20.15036
        ]
      },
      "properties": {
        "claim_id": "FRA0771",
        "state": "Maharashtra",
        "district": "Gadchiroli",
        "village": "Village_52",
        "claim_type": "IFR",
        "claimed_area": "5.59",
        "recorded_area": "4.99",
        "processing_days": "94",
        "current_stage": "Gram Sabha",
        "documents_complete": "0",
        "land_record_available": "0",
        "overlap_percentage": "75.92",
        "previous_rejections": "2",
        "latitude": 20.15036,
        "longitude": 80.075929,
        "status": "Approved"
      }
    },
    {
      "type": "Feature",
      "geometry": {
        "type": "Point",
        "coordinates": [
          84.467423,
          22.59633
        ]
      },
      "properties": {
        "claim_id": "FRA0772",
        "state": "Jharkhand",
        "district": "Simdega",
        "village": "Village_82",
        "claim_type": "IFR",
        "claimed_area": "3.98",
        "recorded_area": "3.49",
        "processing_days": "156",
        "current_stage": "DLC",
        "documents_complete": "1",
        "land_record_available": "1",
        "overlap_percentage": "5.84",
        "previous_rejections": "2",
        "latitude": 22.59633,
        "longitude": 84.467423,
        "status": "Pending"
      }
    },
    {
      "type": "Feature",
      "geometry": {
        "type": "Point",
        "coordinates": [
          82.070752,
          19.053536
        ]
      },
      "properties": {
        "claim_id": "FRA0773",
        "state": "Chhattisgarh",
        "district": "Bastar",
        "village": "Village_7",
        "claim_type": "CR",
        "claimed_area": "3.25",
        "recorded_area": "3.0",
        "processing_days": "40",
        "current_stage": "DLC",
        "documents_complete": "1",
        "land_record_available": "0",
        "overlap_percentage": "38.77",
        "previous_rejections": "3",
        "latitude": 19.053536,
        "longitude": 82.070752,
        "status": "Rejected"
      }
    },
    {
      "type": "Feature",
      "geometry": {
        "type": "Point",
        "coordinates": [
          84.641874,
          22.753718
        ]
      },
      "properties": {
        "claim_id": "FRA0774",
        "state": "Jharkhand",
        "district": "Simdega",
        "village": "Village_64",
        "claim_type": "IFR",
        "claimed_area": "2.79",
        "recorded_area": "2.57",
        "processing_days": "57",
        "current_stage": "Gram Sabha",
        "documents_complete": "1",
        "land_record_available": "1",
        "overlap_percentage": "89.6",
        "previous_rejections": "3",
        "latitude": 22.753718,
        "longitude": 84.641874,
        "status": "Rejected"
      }
    },
    {
      "type": "Feature",
      "geometry": {
        "type": "Point",
        "coordinates": [
          73.665254,
          19.990539
        ]
      },
      "properties": {
        "claim_id": "FRA0775",
        "state": "Maharashtra",
        "district": "Nashik",
        "village": "Village_82",
        "claim_type": "CFR",
        "claimed_area": "4.12",
        "recorded_area": "3.64",
        "processing_days": "89",
        "current_stage": "Gram Sabha",
        "documents_complete": "0",
        "land_record_available": "1",
        "overlap_percentage": "80.98",
        "previous_rejections": "1",
        "latitude": 19.990539,
        "longitude": 73.665254,
        "status": "Pending"
      }
    },
    {
      "type": "Feature",
      "geometry": {
        "type": "Point",
        "coordinates": [
          79.977372,
          20.290258
        ]
      },
      "properties": {
        "claim_id": "FRA0776",
        "state": "Maharashtra",
        "district": "Gadchiroli",
        "village": "Village_100",
        "claim_type": "IFR",
        "claimed_area": "8.11",
        "recorded_area": "8.11",
        "processing_days": "21",
        "current_stage": "Gram Sabha",
        "documents_complete": "0",
        "land_record_available": "0",
        "overlap_percentage": "24.9",
        "previous_rejections": "3",
        "latitude": 20.290258,
        "longitude": 79.977372,
        "status": "Rejected"
      }
    },
    {
      "type": "Feature",
      "geometry": {
        "type": "Point",
        "coordinates": [
          81.601129,
          20.39498
        ]
      },
      "properties": {
        "claim_id": "FRA0777",
        "state": "Chhattisgarh",
        "district": "Kanker",
        "village": "Village_98",
        "claim_type": "IFR",
        "claimed_area": "9.5",
        "recorded_area": "9.4",
        "processing_days": "86",
        "current_stage": "DLC",
        "documents_complete": "0",
        "land_record_available": "0",
        "overlap_percentage": "38.44",
        "previous_rejections": "1",
        "latitude": 20.39498,
        "longitude": 81.601129,
        "status": "Pending"
      }
    },
    {
      "type": "Feature",
      "geometry": {
        "type": "Point",
        "coordinates": [
          73.898164,
          19.989391
        ]
      },
      "properties": {
        "claim_id": "FRA0778",
        "state": "Maharashtra",
        "district": "Nashik",
        "village": "Village_21",
        "claim_type": "CFR",
        "claimed_area": "5.86",
        "recorded_area": "5.56",
        "processing_days": "135",
        "current_stage": "Gram Sabha",
        "documents_complete": "1",
        "land_record_available": "1",
        "overlap_percentage": "25.0",
        "previous_rejections": "2",
        "latitude": 19.989391,
        "longitude": 73.898164,
        "status": "Approved"
      }
    },
    {
      "type": "Feature",
      "geometry": {
        "type": "Point",
        "coordinates": [
          79.864023,
          20.141691
        ]
      },
      "properties": {
        "claim_id": "FRA0779",
        "state": "Maharashtra",
        "district": "Gadchiroli",
        "village": "Village_4",
        "claim_type": "IFR",
        "claimed_area": "1.24",
        "recorded_area": "1.15",
        "processing_days": "48",
        "current_stage": "Title Issued",
        "documents_complete": "0",
        "land_record_available": "0",
        "overlap_percentage": "42.92",
        "previous_rejections": "0",
        "latitude": 20.141691,
        "longitude": 79.864023,
        "status": "Rejected"
      }
    },
    {
      "type": "Feature",
      "geometry": {
        "type": "Point",
        "coordinates": [
          74.25456,
          21.438926
        ]
      },
      "properties": {
        "claim_id": "FRA0780",
        "state": "Maharashtra",
        "district": "Nandurbar",
        "village": "Village_63",
        "claim_type": "CFR",
        "claimed_area": "3.3",
        "recorded_area": "2.81",
        "processing_days": "99",
        "current_stage": "Gram Sabha",
        "documents_complete": "0",
        "land_record_available": "1",
        "overlap_percentage": "16.28",
        "previous_rejections": "1",
        "latitude": 21.438926,
        "longitude": 74.25456,
        "status": "Rejected"
      }
    },
    {
      "type": "Feature",
      "geometry": {
        "type": "Point",
        "coordinates": [
          80.978743,
          22.948155
        ]
      },
      "properties": {
        "claim_id": "FRA0781",
        "state": "Madhya Pradesh",
        "district": "Dindori",
        "village": "Village_89",
        "claim_type": "IFR",
        "claimed_area": "2.98",
        "recorded_area": "3.02",
        "processing_days": "132",
        "current_stage": "DLC",
        "documents_complete": "1",
        "land_record_available": "1",
        "overlap_percentage": "40.63",
        "previous_rejections": "3",
        "latitude": 22.948155,
        "longitude": 80.978743,
        "status": "Approved"
      }
    },
    {
      "type": "Feature",
      "geometry": {
        "type": "Point",
        "coordinates": [
          85.455975,
          21.535488
        ]
      },
      "properties": {
        "claim_id": "FRA0782",
        "state": "Odisha",
        "district": "Keonjhar",
        "village": "Village_51",
        "claim_type": "CR",
        "claimed_area": "3.47",
        "recorded_area": "2.99",
        "processing_days": "21",
        "current_stage": "Title Issued",
        "documents_complete": "1",
        "land_record_available": "1",
        "overlap_percentage": "8.71",
        "previous_rejections": "1",
        "latitude": 21.535488,
        "longitude": 85.455975,
        "status": "Pending"
      }
    },
    {
      "type": "Feature",
      "geometry": {
        "type": "Point",
        "coordinates": [
          86.854171,
          21.922481
        ]
      },
      "properties": {
        "claim_id": "FRA0783",
        "state": "Odisha",
        "district": "Mayurbhanj",
        "village": "Village_3",
        "claim_type": "CR",
        "claimed_area": "4.99",
        "recorded_area": "4.52",
        "processing_days": "86",
        "current_stage": "Gram Sabha",
        "documents_complete": "0",
        "land_record_available": "1",
        "overlap_percentage": "31.41",
        "previous_rejections": "2",
        "latitude": 21.922481,
        "longitude": 86.854171,
        "status": "Rejected"
      }
    },
    {
      "type": "Feature",
      "geometry": {
        "type": "Point",
        "coordinates": [
          86.817824,
          21.924001
        ]
      },
      "properties": {
        "claim_id": "FRA0784",
        "state": "Odisha",
        "district": "Mayurbhanj",
        "village": "Village_51",
        "claim_type": "IFR",
        "claimed_area": "7.15",
        "recorded_area": "7.02",
        "processing_days": "170",
        "current_stage": "SDLC",
        "documents_complete": "1",
        "land_record_available": "0",
        "overlap_percentage": "27.1",
        "previous_rejections": "0",
        "latitude": 21.924001,
        "longitude": 86.817824,
        "status": "Rejected"
      }
    },
    {
      "type": "Feature",
      "geometry": {
        "type": "Point",
        "coordinates": [
          74.187127,
          21.303455
        ]
      },
      "properties": {
        "claim_id": "FRA0785",
        "state": "Maharashtra",
        "district": "Nandurbar",
        "village": "Village_67",
        "claim_type": "IFR",
        "claimed_area": "3.49",
        "recorded_area": "3.6",
        "processing_days": "101",
        "current_stage": "Gram Sabha",
        "documents_complete": "0",
        "land_record_available": "1",
        "overlap_percentage": "71.36",
        "previous_rejections": "0",
        "latitude": 21.303455,
        "longitude": 74.187127,
        "status": "Rejected"
      }
    },
    {
      "type": "Feature",
      "geometry": {
        "type": "Point",
        "coordinates": [
          85.331798,
          23.236387
        ]
      },
      "properties": {
        "claim_id": "FRA0786",
        "state": "Jharkhand",
        "district": "Ranchi",
        "village": "Village_62",
        "claim_type": "IFR",
        "claimed_area": "9.27",
        "recorded_area": "9.66",
        "processing_days": "154",
        "current_stage": "Title Issued",
        "documents_complete": "1",
        "land_record_available": "1",
        "overlap_percentage": "1.19",
        "previous_rejections": "1",
        "latitude": 23.236387,
        "longitude": 85.331798,
        "status": "Rejected"
      }
    },
    {
      "type": "Feature",
      "geometry": {
        "type": "Point",
        "coordinates": [
          81.469095,
          20.318936
        ]
      },
      "properties": {
        "claim_id": "FRA0787",
        "state": "Chhattisgarh",
        "district": "Kanker",
        "village": "Village_58",
        "claim_type": "CFR",
        "claimed_area": "2.43",
        "recorded_area": "2.11",
        "processing_days": "28",
        "current_stage": "Title Issued",
        "documents_complete": "1",
        "land_record_available": "0",
        "overlap_percentage": "33.54",
        "previous_rejections": "1",
        "latitude": 20.318936,
        "longitude": 81.469095,
        "status": "Approved"
      }
    },
    {
      "type": "Feature",
      "geometry": {
        "type": "Point",
        "coordinates": [
          85.16614,
          23.209564
        ]
      },
      "properties": {
        "claim_id": "FRA0788",
        "state": "Jharkhand",
        "district": "Ranchi",
        "village": "Village_21",
        "claim_type": "CR",
        "claimed_area": "5.45",
        "recorded_area": "5.63",
        "processing_days": "25",
        "current_stage": "DLC",
        "documents_complete": "1",
        "land_record_available": "0",
        "overlap_percentage": "7.01",
        "previous_rejections": "1",
        "latitude": 23.209564,
        "longitude": 85.16614,
        "status": "Approved"
      }
    },
    {
      "type": "Feature",
      "geometry": {
        "type": "Point",
        "coordinates": [
          82.789636,
          18.804225
        ]
      },
      "properties": {
        "claim_id": "FRA0789",
        "state": "Odisha",
        "district": "Koraput",
        "village": "Village_20",
        "claim_type": "IFR",
        "claimed_area": "5.35",
        "recorded_area": "5.45",
        "processing_days": "179",
        "current_stage": "Title Issued",
        "documents_complete": "1",
        "land_record_available": "0",
        "overlap_percentage": "66.28",
        "previous_rejections": "2",
        "latitude": 18.804225,
        "longitude": 82.789636,
        "status": "Approved"
      }
    },
    {
      "type": "Feature",
      "geometry": {
        "type": "Point",
        "coordinates": [
          83.302241,
          22.83384
        ]
      },
      "properties": {
        "claim_id": "FRA0790",
        "state": "Chhattisgarh",
        "district": "Surguja",
        "village": "Village_76",
        "claim_type": "CR",
        "claimed_area": "1.84",
        "recorded_area": "1.91",
        "processing_days": "90",
        "current_stage": "Gram Sabha",
        "documents_complete": "0",
        "land_record_available": "1",
        "overlap_percentage": "27.51",
        "previous_rejections": "1",
        "latitude": 22.83384,
        "longitude": 83.302241,
        "status": "Pending"
      }
    },
    {
      "type": "Feature",
      "geometry": {
        "type": "Point",
        "coordinates": [
          80.080596,
          20.038479
        ]
      },
      "properties": {
        "claim_id": "FRA0791",
        "state": "Maharashtra",
        "district": "Gadchiroli",
        "village": "Village_95",
        "claim_type": "CR",
        "claimed_area": "6.91",
        "recorded_area": "6.86",
        "processing_days": "124",
        "current_stage": "Gram Sabha",
        "documents_complete": "0",
        "land_record_available": "0",
        "overlap_percentage": "35.16",
        "previous_rejections": "2",
        "latitude": 20.038479,
        "longitude": 80.080596,
        "status": "Pending"
      }
    },
    {
      "type": "Feature",
      "geometry": {
        "type": "Point",
        "coordinates": [
          73.793818,
          19.898539
        ]
      },
      "properties": {
        "claim_id": "FRA0792",
        "state": "Maharashtra",
        "district": "Nashik",
        "village": "Village_66",
        "claim_type": "CFR",
        "claimed_area": "6.46",
        "recorded_area": "6.56",
        "processing_days": "56",
        "current_stage": "Gram Sabha",
        "documents_complete": "0",
        "land_record_available": "0",
        "overlap_percentage": "16.47",
        "previous_rejections": "2",
        "latitude": 19.898539,
        "longitude": 73.793818,
        "status": "Rejected"
      }
    },
    {
      "type": "Feature",
      "geometry": {
        "type": "Point",
        "coordinates": [
          81.371379,
          20.144105
        ]
      },
      "properties": {
        "claim_id": "FRA0793",
        "state": "Chhattisgarh",
        "district": "Kanker",
        "village": "Village_26",
        "claim_type": "CR",
        "claimed_area": "4.72",
        "recorded_area": "4.68",
        "processing_days": "158",
        "current_stage": "SDLC",
        "documents_complete": "0",
        "land_record_available": "1",
        "overlap_percentage": "46.62",
        "previous_rejections": "1",
        "latitude": 20.144105,
        "longitude": 81.371379,
        "status": "Pending"
      }
    },
    {
      "type": "Feature",
      "geometry": {
        "type": "Point",
        "coordinates": [
          81.515311,
          20.17399
        ]
      },
      "properties": {
        "claim_id": "FRA0794",
        "state": "Chhattisgarh",
        "district": "Kanker",
        "village": "Village_15",
        "claim_type": "CFR",
        "claimed_area": "8.71",
        "recorded_area": "7.57",
        "processing_days": "64",
        "current_stage": "DLC",
        "documents_complete": "1",
        "land_record_available": "0",
        "overlap_percentage": "15.66",
        "previous_rejections": "0",
        "latitude": 20.17399,
        "longitude": 81.515311,
        "status": "Pending"
      }
    },
    {
      "type": "Feature",
      "geometry": {
        "type": "Point",
        "coordinates": [
          84.541155,
          23.103212
        ]
      },
      "properties": {
        "claim_id": "FRA0795",
        "state": "Jharkhand",
        "district": "Gumla",
        "village": "Village_91",
        "claim_type": "CR",
        "claimed_area": "9.09",
        "recorded_area": "8.41",
        "processing_days": "106",
        "current_stage": "DLC",
        "documents_complete": "1",
        "land_record_available": "1",
        "overlap_percentage": "32.97",
        "previous_rejections": "3",
        "latitude": 23.103212,
        "longitude": 84.541155,
        "status": "Rejected"
      }
    },
    {
      "type": "Feature",
      "geometry": {
        "type": "Point",
        "coordinates": [
          84.505558,
          22.486988
        ]
      },
      "properties": {
        "claim_id": "FRA0796",
        "state": "Jharkhand",
        "district": "Simdega",
        "village": "Village_61",
        "claim_type": "CFR",
        "claimed_area": "6.28",
        "recorded_area": "5.78",
        "processing_days": "51",
        "current_stage": "DLC",
        "documents_complete": "1",
        "land_record_available": "0",
        "overlap_percentage": "25.66",
        "previous_rejections": "3",
        "latitude": 22.486988,
        "longitude": 84.505558,
        "status": "Approved"
      }
    },
    {
      "type": "Feature",
      "geometry": {
        "type": "Point",
        "coordinates": [
          81.454884,
          20.374207
        ]
      },
      "properties": {
        "claim_id": "FRA0797",
        "state": "Chhattisgarh",
        "district": "Kanker",
        "village": "Village_95",
        "claim_type": "CFR",
        "claimed_area": "1.6",
        "recorded_area": "1.51",
        "processing_days": "136",
        "current_stage": "Gram Sabha",
        "documents_complete": "0",
        "land_record_available": "1",
        "overlap_percentage": "9.04",
        "previous_rejections": "3",
        "latitude": 20.374207,
        "longitude": 81.454884,
        "status": "Rejected"
      }
    },
    {
      "type": "Feature",
      "geometry": {
        "type": "Point",
        "coordinates": [
          80.144011,
          21.652028
        ]
      },
      "properties": {
        "claim_id": "FRA0798",
        "state": "Madhya Pradesh",
        "district": "Balaghat",
        "village": "Village_80",
        "claim_type": "CFR",
        "claimed_area": "3.95",
        "recorded_area": "4.1",
        "processing_days": "42",
        "current_stage": "Gram Sabha",
        "documents_complete": "0",
        "land_record_available": "1",
        "overlap_percentage": "69.31",
        "previous_rejections": "2",
        "latitude": 21.652028,
        "longitude": 80.144011,
        "status": "Rejected"
      }
    },
    {
      "type": "Feature",
      "geometry": {
        "type": "Point",
        "coordinates": [
          83.272831,
          22.772757
        ]
      },
      "properties": {
        "claim_id": "FRA0799",
        "state": "Chhattisgarh",
        "district": "Surguja",
        "village": "Village_59",
        "claim_type": "CR",
        "claimed_area": "5.85",
        "recorded_area": "5.44",
        "processing_days": "91",
        "current_stage": "Title Issued",
        "documents_complete": "1",
        "land_record_available": "0",
        "overlap_percentage": "79.27",
        "previous_rejections": "0",
        "latitude": 22.772757,
        "longitude": 83.272831,
        "status": "Approved"
      }
    },
    {
      "type": "Feature",
      "geometry": {
        "type": "Point",
        "coordinates": [
          84.414242,
          22.710222
        ]
      },
      "properties": {
        "claim_id": "FRA0800",
        "state": "Jharkhand",
        "district": "Simdega",
        "village": "Village_69",
        "claim_type": "IFR",
        "claimed_area": "7.38",
        "recorded_area": "6.33",
        "processing_days": "137",
        "current_stage": "SDLC",
        "documents_complete": "0",
        "land_record_available": "0",
        "overlap_percentage": "21.44",
        "previous_rejections": "2",
        "latitude": 22.710222,
        "longitude": 84.414242,
        "status": "Approved"
      }
    },
    {
      "type": "Feature",
      "geometry": {
        "type": "Point",
        "coordinates": [
          81.34738,
          20.24881
        ]
      },
      "properties": {
        "claim_id": "FRA0801",
        "state": "Chhattisgarh",
        "district": "Kanker",
        "village": "Village_42",
        "claim_type": "IFR",
        "claimed_area": "9.52",
        "recorded_area": "9.53",
        "processing_days": "167",
        "current_stage": "Gram Sabha",
        "documents_complete": "1",
        "land_record_available": "0",
        "overlap_percentage": "6.69",
        "previous_rejections": "0",
        "latitude": 20.24881,
        "longitude": 81.34738,
        "status": "Pending"
      }
    },
    {
      "type": "Feature",
      "geometry": {
        "type": "Point",
        "coordinates": [
          86.853494,
          22.012799
        ]
      },
      "properties": {
        "claim_id": "FRA0802",
        "state": "Odisha",
        "district": "Mayurbhanj",
        "village": "Village_73",
        "claim_type": "CR",
        "claimed_area": "9.26",
        "recorded_area": "9.48",
        "processing_days": "68",
        "current_stage": "DLC",
        "documents_complete": "0",
        "land_record_available": "1",
        "overlap_percentage": "15.96",
        "previous_rejections": "3",
        "latitude": 22.012799,
        "longitude": 86.853494,
        "status": "Approved"
      }
    },
    {
      "type": "Feature",
      "geometry": {
        "type": "Point",
        "coordinates": [
          80.076625,
          20.079456
        ]
      },
      "properties": {
        "claim_id": "FRA0803",
        "state": "Maharashtra",
        "district": "Gadchiroli",
        "village": "Village_14",
        "claim_type": "CFR",
        "claimed_area": "2.87",
        "recorded_area": "2.99",
        "processing_days": "57",
        "current_stage": "Gram Sabha",
        "documents_complete": "1",
        "land_record_available": "0",
        "overlap_percentage": "0.1",
        "previous_rejections": "0",
        "latitude": 20.079456,
        "longitude": 80.076625,
        "status": "Rejected"
      }
    },
    {
      "type": "Feature",
      "geometry": {
        "type": "Point",
        "coordinates": [
          80.475687,
          22.643404
        ]
      },
      "properties": {
        "claim_id": "FRA0804",
        "state": "Madhya Pradesh",
        "district": "Mandla",
        "village": "Village_45",
        "claim_type": "CFR",
        "claimed_area": "5.85",
        "recorded_area": "5.5",
        "processing_days": "49",
        "current_stage": "Gram Sabha",
        "documents_complete": "1",
        "land_record_available": "0",
        "overlap_percentage": "68.56",
        "previous_rejections": "1",
        "latitude": 22.643404,
        "longitude": 80.475687,
        "status": "Rejected"
      }
    },
    {
      "type": "Feature",
      "geometry": {
        "type": "Point",
        "coordinates": [
          85.308262,
          23.231288
        ]
      },
      "properties": {
        "claim_id": "FRA0805",
        "state": "Jharkhand",
        "district": "Ranchi",
        "village": "Village_22",
        "claim_type": "IFR",
        "claimed_area": "1.07",
        "recorded_area": "1.0",
        "processing_days": "69",
        "current_stage": "SDLC",
        "documents_complete": "1",
        "land_record_available": "0",
        "overlap_percentage": "72.61",
        "previous_rejections": "1",
        "latitude": 23.231288,
        "longitude": 85.308262,
        "status": "Rejected"
      }
    },
    {
      "type": "Feature",
      "geometry": {
        "type": "Point",
        "coordinates": [
          83.108239,
          22.909393
        ]
      },
      "properties": {
        "claim_id": "FRA0806",
        "state": "Chhattisgarh",
        "district": "Surguja",
        "village": "Village_50",
        "claim_type": "CR",
        "claimed_area": "2.23",
        "recorded_area": "2.22",
        "processing_days": "129",
        "current_stage": "Gram Sabha",
        "documents_complete": "1",
        "land_record_available": "1",
        "overlap_percentage": "3.85",
        "previous_rejections": "0",
        "latitude": 22.909393,
        "longitude": 83.108239,
        "status": "Approved"
      }
    },
    {
      "type": "Feature",
      "geometry": {
        "type": "Point",
        "coordinates": [
          82.057595,
          18.96984
        ]
      },
      "properties": {
        "claim_id": "FRA0807",
        "state": "Chhattisgarh",
        "district": "Bastar",
        "village": "Village_91",
        "claim_type": "CR",
        "claimed_area": "2.68",
        "recorded_area": "2.76",
        "processing_days": "174",
        "current_stage": "DLC",
        "documents_complete": "0",
        "land_record_available": "0",
        "overlap_percentage": "80.5",
        "previous_rejections": "3",
        "latitude": 18.96984,
        "longitude": 82.057595,
        "status": "Approved"
      }
    },
    {
      "type": "Feature",
      "geometry": {
        "type": "Point",
        "coordinates": [
          80.37291,
          22.547563
        ]
      },
      "properties": {
        "claim_id": "FRA0808",
        "state": "Madhya Pradesh",
        "district": "Mandla",
        "village": "Village_96",
        "claim_type": "CFR",
        "claimed_area": "7.14",
        "recorded_area": "7.22",
        "processing_days": "141",
        "current_stage": "Gram Sabha",
        "documents_complete": "0",
        "land_record_available": "0",
        "overlap_percentage": "56.97",
        "previous_rejections": "0",
        "latitude": 22.547563,
        "longitude": 80.37291,
        "status": "Rejected"
      }
    },
    {
      "type": "Feature",
      "geometry": {
        "type": "Point",
        "coordinates": [
          82.713577,
          18.871804
        ]
      },
      "properties": {
        "claim_id": "FRA0809",
        "state": "Odisha",
        "district": "Koraput",
        "village": "Village_11",
        "claim_type": "CFR",
        "claimed_area": "8.48",
        "recorded_area": "8.62",
        "processing_days": "25",
        "current_stage": "DLC",
        "documents_complete": "0",
        "land_record_available": "0",
        "overlap_percentage": "72.04",
        "previous_rejections": "1",
        "latitude": 18.871804,
        "longitude": 82.713577,
        "status": "Approved"
      }
    },
    {
      "type": "Feature",
      "geometry": {
        "type": "Point",
        "coordinates": [
          84.403355,
          23.096043
        ]
      },
      "properties": {
        "claim_id": "FRA0810",
        "state": "Jharkhand",
        "district": "Gumla",
        "village": "Village_84",
        "claim_type": "IFR",
        "claimed_area": "1.55",
        "recorded_area": "1.32",
        "processing_days": "77",
        "current_stage": "Title Issued",
        "documents_complete": "1",
        "land_record_available": "1",
        "overlap_percentage": "4.36",
        "previous_rejections": "2",
        "latitude": 23.096043,
        "longitude": 84.403355,
        "status": "Approved"
      }
    },
    {
      "type": "Feature",
      "geometry": {
        "type": "Point",
        "coordinates": [
          82.686148,
          18.850319
        ]
      },
      "properties": {
        "claim_id": "FRA0811",
        "state": "Odisha",
        "district": "Koraput",
        "village": "Village_39",
        "claim_type": "CFR",
        "claimed_area": "8.95",
        "recorded_area": "8.2",
        "processing_days": "28",
        "current_stage": "Gram Sabha",
        "documents_complete": "1",
        "land_record_available": "1",
        "overlap_percentage": "89.09",
        "previous_rejections": "0",
        "latitude": 18.850319,
        "longitude": 82.686148,
        "status": "Pending"
      }
    },
    {
      "type": "Feature",
      "geometry": {
        "type": "Point",
        "coordinates": [
          79.951952,
          20.079301
        ]
      },
      "properties": {
        "claim_id": "FRA0812",
        "state": "Maharashtra",
        "district": "Gadchiroli",
        "village": "Village_12",
        "claim_type": "CFR",
        "claimed_area": "6.12",
        "recorded_area": "5.42",
        "processing_days": "98",
        "current_stage": "Gram Sabha",
        "documents_complete": "0",
        "land_record_available": "0",
        "overlap_percentage": "3.77",
        "previous_rejections": "0",
        "latitude": 20.079301,
        "longitude": 79.951952,
        "status": "Pending"
      }
    },
    {
      "type": "Feature",
      "geometry": {
        "type": "Point",
        "coordinates": [
          73.822554,
          20.092364
        ]
      },
      "properties": {
        "claim_id": "FRA0813",
        "state": "Maharashtra",
        "district": "Nashik",
        "village": "Village_90",
        "claim_type": "IFR",
        "claimed_area": "6.79",
        "recorded_area": "6.27",
        "processing_days": "28",
        "current_stage": "Gram Sabha",
        "documents_complete": "0",
        "land_record_available": "1",
        "overlap_percentage": "17.6",
        "previous_rejections": "1",
        "latitude": 20.092364,
        "longitude": 73.822554,
        "status": "Approved"
      }
    },
    {
      "type": "Feature",
      "geometry": {
        "type": "Point",
        "coordinates": [
          82.830193,
          18.820818
        ]
      },
      "properties": {
        "claim_id": "FRA0814",
        "state": "Odisha",
        "district": "Koraput",
        "village": "Village_55",
        "claim_type": "IFR",
        "claimed_area": "5.9",
        "recorded_area": "6.01",
        "processing_days": "135",
        "current_stage": "DLC",
        "documents_complete": "1",
        "land_record_available": "1",
        "overlap_percentage": "5.32",
        "previous_rejections": "3",
        "latitude": 18.820818,
        "longitude": 82.830193,
        "status": "Rejected"
      }
    },
    {
      "type": "Feature",
      "geometry": {
        "type": "Point",
        "coordinates": [
          81.39873,
          20.39873
        ]
      },
      "properties": {
        "claim_id": "FRA0815",
        "state": "Chhattisgarh",
        "district": "Kanker",
        "village": "Village_98",
        "claim_type": "CR",
        "claimed_area": "6.58",
        "recorded_area": "6.26",
        "processing_days": "147",
        "current_stage": "DLC",
        "documents_complete": "1",
        "land_record_available": "0",
        "overlap_percentage": "16.46",
        "previous_rejections": "1",
        "latitude": 20.39873,
        "longitude": 81.39873,
        "status": "Approved"
      }
    },
    {
      "type": "Feature",
      "geometry": {
        "type": "Point",
        "coordinates": [
          84.40322,
          23.039551
        ]
      },
      "properties": {
        "claim_id": "FRA0816",
        "state": "Jharkhand",
        "district": "Gumla",
        "village": "Village_38",
        "claim_type": "IFR",
        "claimed_area": "4.89",
        "recorded_area": "5.0",
        "processing_days": "44",
        "current_stage": "Title Issued",
        "documents_complete": "0",
        "land_record_available": "1",
        "overlap_percentage": "52.66",
        "previous_rejections": "0",
        "latitude": 23.039551,
        "longitude": 84.40322,
        "status": "Rejected"
      }
    },
    {
      "type": "Feature",
      "geometry": {
        "type": "Point",
        "coordinates": [
          82.007699,
          19.139846
        ]
      },
      "properties": {
        "claim_id": "FRA0817",
        "state": "Chhattisgarh",
        "district": "Bastar",
        "village": "Village_28",
        "claim_type": "CFR",
        "claimed_area": "3.0",
        "recorded_area": "2.59",
        "processing_days": "178",
        "current_stage": "Gram Sabha",
        "documents_complete": "0",
        "land_record_available": "0",
        "overlap_percentage": "0.47",
        "previous_rejections": "2",
        "latitude": 19.139846,
        "longitude": 82.007699,
        "status": "Approved"
      }
    },
    {
      "type": "Feature",
      "geometry": {
        "type": "Point",
        "coordinates": [
          86.635724,
          22.026952
        ]
      },
      "properties": {
        "claim_id": "FRA0818",
        "state": "Odisha",
        "district": "Mayurbhanj",
        "village": "Village_38",
        "claim_type": "CFR",
        "claimed_area": "6.78",
        "recorded_area": "5.77",
        "processing_days": "177",
        "current_stage": "Title Issued",
        "documents_complete": "1",
        "land_record_available": "0",
        "overlap_percentage": "1.58",
        "previous_rejections": "2",
        "latitude": 22.026952,
        "longitude": 86.635724,
        "status": "Pending"
      }
    },
    {
      "type": "Feature",
      "geometry": {
        "type": "Point",
        "coordinates": [
          81.839095,
          19.021656
        ]
      },
      "properties": {
        "claim_id": "FRA0819",
        "state": "Chhattisgarh",
        "district": "Bastar",
        "village": "Village_35",
        "claim_type": "CFR",
        "claimed_area": "7.55",
        "recorded_area": "6.98",
        "processing_days": "25",
        "current_stage": "Title Issued",
        "documents_complete": "1",
        "land_record_available": "1",
        "overlap_percentage": "12.14",
        "previous_rejections": "0",
        "latitude": 19.021656,
        "longitude": 81.839095,
        "status": "Rejected"
      }
    },
    {
      "type": "Feature",
      "geometry": {
        "type": "Point",
        "coordinates": [
          85.531433,
          21.67294
        ]
      },
      "properties": {
        "claim_id": "FRA0820",
        "state": "Odisha",
        "district": "Keonjhar",
        "village": "Village_47",
        "claim_type": "IFR",
        "claimed_area": "7.0",
        "recorded_area": "6.53",
        "processing_days": "42",
        "current_stage": "DLC",
        "documents_complete": "0",
        "land_record_available": "0",
        "overlap_percentage": "63.0",
        "previous_rejections": "1",
        "latitude": 21.67294,
        "longitude": 85.531433,
        "status": "Pending"
      }
    },
    {
      "type": "Feature",
      "geometry": {
        "type": "Point",
        "coordinates": [
          82.831065,
          18.691913
        ]
      },
      "properties": {
        "claim_id": "FRA0821",
        "state": "Odisha",
        "district": "Koraput",
        "village": "Village_22",
        "claim_type": "CFR",
        "claimed_area": "7.99",
        "recorded_area": "7.31",
        "processing_days": "109",
        "current_stage": "Title Issued",
        "documents_complete": "0",
        "land_record_available": "0",
        "overlap_percentage": "72.96",
        "previous_rejections": "3",
        "latitude": 18.691913,
        "longitude": 82.831065,
        "status": "Pending"
      }
    },
    {
      "type": "Feature",
      "geometry": {
        "type": "Point",
        "coordinates": [
          80.160284,
          21.78401
        ]
      },
      "properties": {
        "claim_id": "FRA0822",
        "state": "Madhya Pradesh",
        "district": "Balaghat",
        "village": "Village_74",
        "claim_type": "CR",
        "claimed_area": "8.95",
        "recorded_area": "9.35",
        "processing_days": "46",
        "current_stage": "Title Issued",
        "documents_complete": "1",
        "land_record_available": "1",
        "overlap_percentage": "60.56",
        "previous_rejections": "0",
        "latitude": 21.78401,
        "longitude": 80.160284,
        "status": "Pending"
      }
    },
    {
      "type": "Feature",
      "geometry": {
        "type": "Point",
        "coordinates": [
          84.445249,
          23.127505
        ]
      },
      "properties": {
        "claim_id": "FRA0823",
        "state": "Jharkhand",
        "district": "Gumla",
        "village": "Village_62",
        "claim_type": "CR",
        "claimed_area": "8.45",
        "recorded_area": "8.52",
        "processing_days": "91",
        "current_stage": "DLC",
        "documents_complete": "0",
        "land_record_available": "1",
        "overlap_percentage": "56.08",
        "previous_rejections": "1",
        "latitude": 23.127505,
        "longitude": 84.445249,
        "status": "Pending"
      }
    },
    {
      "type": "Feature",
      "geometry": {
        "type": "Point",
        "coordinates": [
          85.356485,
          23.3581
        ]
      },
      "properties": {
        "claim_id": "FRA0824",
        "state": "Jharkhand",
        "district": "Ranchi",
        "village": "Village_77",
        "claim_type": "CFR",
        "claimed_area": "9.14",
        "recorded_area": "8.42",
        "processing_days": "55",
        "current_stage": "Gram Sabha",
        "documents_complete": "0",
        "land_record_available": "0",
        "overlap_percentage": "62.2",
        "previous_rejections": "0",
        "latitude": 23.3581,
        "longitude": 85.356485,
        "status": "Approved"
      }
    },
    {
      "type": "Feature",
      "geometry": {
        "type": "Point",
        "coordinates": [
          86.759004,
          21.924628
        ]
      },
      "properties": {
        "claim_id": "FRA0825",
        "state": "Odisha",
        "district": "Mayurbhanj",
        "village": "Village_69",
        "claim_type": "CR",
        "claimed_area": "5.84",
        "recorded_area": "5.76",
        "processing_days": "98",
        "current_stage": "DLC",
        "documents_complete": "1",
        "land_record_available": "0",
        "overlap_percentage": "40.14",
        "previous_rejections": "1",
        "latitude": 21.924628,
        "longitude": 86.759004,
        "status": "Pending"
      }
    },
    {
      "type": "Feature",
      "geometry": {
        "type": "Point",
        "coordinates": [
          82.564754,
          18.689037
        ]
      },
      "properties": {
        "claim_id": "FRA0826",
        "state": "Odisha",
        "district": "Koraput",
        "village": "Village_28",
        "claim_type": "CFR",
        "claimed_area": "4.9",
        "recorded_area": "4.52",
        "processing_days": "45",
        "current_stage": "Title Issued",
        "documents_complete": "0",
        "land_record_available": "1",
        "overlap_percentage": "35.44",
        "previous_rejections": "0",
        "latitude": 18.689037,
        "longitude": 82.564754,
        "status": "Rejected"
      }
    },
    {
      "type": "Feature",
      "geometry": {
        "type": "Point",
        "coordinates": [
          82.682917,
          18.77767
        ]
      },
      "properties": {
        "claim_id": "FRA0827",
        "state": "Odisha",
        "district": "Koraput",
        "village": "Village_83",
        "claim_type": "CFR",
        "claimed_area": "6.28",
        "recorded_area": "5.76",
        "processing_days": "179",
        "current_stage": "Title Issued",
        "documents_complete": "1",
        "land_record_available": "0",
        "overlap_percentage": "13.08",
        "previous_rejections": "3",
        "latitude": 18.77767,
        "longitude": 82.682917,
        "status": "Approved"
      }
    },
    {
      "type": "Feature",
      "geometry": {
        "type": "Point",
        "coordinates": [
          84.502347,
          22.918764
        ]
      },
      "properties": {
        "claim_id": "FRA0828",
        "state": "Jharkhand",
        "district": "Gumla",
        "village": "Village_55",
        "claim_type": "IFR",
        "claimed_area": "4.3",
        "recorded_area": "4.13",
        "processing_days": "41",
        "current_stage": "Gram Sabha",
        "documents_complete": "0",
        "land_record_available": "0",
        "overlap_percentage": "78.52",
        "previous_rejections": "0",
        "latitude": 22.918764,
        "longitude": 84.502347,
        "status": "Rejected"
      }
    },
    {
      "type": "Feature",
      "geometry": {
        "type": "Point",
        "coordinates": [
          84.511775,
          22.580681
        ]
      },
      "properties": {
        "claim_id": "FRA0829",
        "state": "Jharkhand",
        "district": "Simdega",
        "village": "Village_10",
        "claim_type": "CFR",
        "claimed_area": "8.72",
        "recorded_area": "8.05",
        "processing_days": "173",
        "current_stage": "SDLC",
        "documents_complete": "0",
        "land_record_available": "1",
        "overlap_percentage": "74.79",
        "previous_rejections": "2",
        "latitude": 22.580681,
        "longitude": 84.511775,
        "status": "Pending"
      }
    },
    {
      "type": "Feature",
      "geometry": {
        "type": "Point",
        "coordinates": [
          84.516152,
          22.590384
        ]
      },
      "properties": {
        "claim_id": "FRA0830",
        "state": "Jharkhand",
        "district": "Simdega",
        "village": "Village_49",
        "claim_type": "CR",
        "claimed_area": "1.62",
        "recorded_area": "1.42",
        "processing_days": "98",
        "current_stage": "SDLC",
        "documents_complete": "0",
        "land_record_available": "1",
        "overlap_percentage": "55.79",
        "previous_rejections": "1",
        "latitude": 22.590384,
        "longitude": 84.516152,
        "status": "Approved"
      }
    },
    {
      "type": "Feature",
      "geometry": {
        "type": "Point",
        "coordinates": [
          79.883589,
          20.246871
        ]
      },
      "properties": {
        "claim_id": "FRA0831",
        "state": "Maharashtra",
        "district": "Gadchiroli",
        "village": "Village_66",
        "claim_type": "IFR",
        "claimed_area": "2.43",
        "recorded_area": "2.3",
        "processing_days": "118",
        "current_stage": "Gram Sabha",
        "documents_complete": "0",
        "land_record_available": "0",
        "overlap_percentage": "80.78",
        "previous_rejections": "1",
        "latitude": 20.246871,
        "longitude": 79.883589,
        "status": "Rejected"
      }
    },
    {
      "type": "Feature",
      "geometry": {
        "type": "Point",
        "coordinates": [
          81.064048,
          22.799659
        ]
      },
      "properties": {
        "claim_id": "FRA0832",
        "state": "Madhya Pradesh",
        "district": "Dindori",
        "village": "Village_10",
        "claim_type": "IFR",
        "claimed_area": "5.9",
        "recorded_area": "6.13",
        "processing_days": "52",
        "current_stage": "Title Issued",
        "documents_complete": "0",
        "land_record_available": "1",
        "overlap_percentage": "48.41",
        "previous_rejections": "0",
        "latitude": 22.799659,
        "longitude": 81.064048,
        "status": "Rejected"
      }
    },
    {
      "type": "Feature",
      "geometry": {
        "type": "Point",
        "coordinates": [
          82.76803,
          18.744907
        ]
      },
      "properties": {
        "claim_id": "FRA0833",
        "state": "Odisha",
        "district": "Koraput",
        "village": "Village_10",
        "claim_type": "CFR",
        "claimed_area": "5.5",
        "recorded_area": "4.95",
        "processing_days": "66",
        "current_stage": "SDLC",
        "documents_complete": "1",
        "land_record_available": "0",
        "overlap_percentage": "72.94",
        "previous_rejections": "1",
        "latitude": 18.744907,
        "longitude": 82.76803,
        "status": "Approved"
      }
    },
    {
      "type": "Feature",
      "geometry": {
        "type": "Point",
        "coordinates": [
          81.825039,
          19.169295
        ]
      },
      "properties": {
        "claim_id": "FRA0834",
        "state": "Chhattisgarh",
        "district": "Bastar",
        "village": "Village_22",
        "claim_type": "IFR",
        "claimed_area": "9.4",
        "recorded_area": "9.14",
        "processing_days": "71",
        "current_stage": "Title Issued",
        "documents_complete": "1",
        "land_record_available": "0",
        "overlap_percentage": "81.47",
        "previous_rejections": "0",
        "latitude": 19.169295,
        "longitude": 81.825039,
        "status": "Approved"
      }
    },
    {
      "type": "Feature",
      "geometry": {
        "type": "Point",
        "coordinates": [
          80.35666,
          22.659443
        ]
      },
      "properties": {
        "claim_id": "FRA0835",
        "state": "Madhya Pradesh",
        "district": "Mandla",
        "village": "Village_47",
        "claim_type": "IFR",
        "claimed_area": "5.6",
        "recorded_area": "5.84",
        "processing_days": "123",
        "current_stage": "DLC",
        "documents_complete": "1",
        "land_record_available": "0",
        "overlap_percentage": "13.58",
        "previous_rejections": "2",
        "latitude": 22.659443,
        "longitude": 80.35666,
        "status": "Pending"
      }
    },
    {
      "type": "Feature",
      "geometry": {
        "type": "Point",
        "coordinates": [
          81.900058,
          18.987845
        ]
      },
      "properties": {
        "claim_id": "FRA0836",
        "state": "Chhattisgarh",
        "district": "Bastar",
        "village": "Village_5",
        "claim_type": "IFR",
        "claimed_area": "6.51",
        "recorded_area": "5.75",
        "processing_days": "164",
        "current_stage": "Gram Sabha",
        "documents_complete": "0",
        "land_record_available": "1",
        "overlap_percentage": "27.39",
        "previous_rejections": "2",
        "latitude": 18.987845,
        "longitude": 81.900058,
        "status": "Rejected"
      }
    },
    {
      "type": "Feature",
      "geometry": {
        "type": "Point",
        "coordinates": [
          85.407954,
          23.4392
        ]
      },
      "properties": {
        "claim_id": "FRA0837",
        "state": "Jharkhand",
        "district": "Ranchi",
        "village": "Village_66",
        "claim_type": "CR",
        "claimed_area": "7.59",
        "recorded_area": "7.81",
        "processing_days": "75",
        "current_stage": "Gram Sabha",
        "documents_complete": "1",
        "land_record_available": "1",
        "overlap_percentage": "65.97",
        "previous_rejections": "2",
        "latitude": 23.4392,
        "longitude": 85.407954,
        "status": "Pending"
      }
    },
    {
      "type": "Feature",
      "geometry": {
        "type": "Point",
        "coordinates": [
          73.747147,
          20.006269
        ]
      },
      "properties": {
        "claim_id": "FRA0838",
        "state": "Maharashtra",
        "district": "Nashik",
        "village": "Village_62",
        "claim_type": "CFR",
        "claimed_area": "3.76",
        "recorded_area": "3.23",
        "processing_days": "116",
        "current_stage": "Gram Sabha",
        "documents_complete": "1",
        "land_record_available": "0",
        "overlap_percentage": "6.36",
        "previous_rejections": "1",
        "latitude": 20.006269,
        "longitude": 73.747147,
        "status": "Pending"
      }
    },
    {
      "type": "Feature",
      "geometry": {
        "type": "Point",
        "coordinates": [
          80.297169,
          22.563689
        ]
      },
      "properties": {
        "claim_id": "FRA0839",
        "state": "Madhya Pradesh",
        "district": "Mandla",
        "village": "Village_43",
        "claim_type": "CFR",
        "claimed_area": "5.94",
        "recorded_area": "5.06",
        "processing_days": "108",
        "current_stage": "SDLC",
        "documents_complete": "1",
        "land_record_available": "1",
        "overlap_percentage": "85.94",
        "previous_rejections": "0",
        "latitude": 22.563689,
        "longitude": 80.297169,
        "status": "Approved"
      }
    },
    {
      "type": "Feature",
      "geometry": {
        "type": "Point",
        "coordinates": [
          81.359895,
          20.361963
        ]
      },
      "properties": {
        "claim_id": "FRA0840",
        "state": "Chhattisgarh",
        "district": "Kanker",
        "village": "Village_34",
        "claim_type": "CR",
        "claimed_area": "5.85",
        "recorded_area": "5.93",
        "processing_days": "163",
        "current_stage": "Title Issued",
        "documents_complete": "1",
        "land_record_available": "1",
        "overlap_percentage": "68.12",
        "previous_rejections": "0",
        "latitude": 20.361963,
        "longitude": 81.359895,
        "status": "Approved"
      }
    },
    {
      "type": "Feature",
      "geometry": {
        "type": "Point",
        "coordinates": [
          83.138477,
          22.811079
        ]
      },
      "properties": {
        "claim_id": "FRA0841",
        "state": "Chhattisgarh",
        "district": "Surguja",
        "village": "Village_7",
        "claim_type": "CFR",
        "claimed_area": "9.38",
        "recorded_area": "9.06",
        "processing_days": "89",
        "current_stage": "Gram Sabha",
        "documents_complete": "1",
        "land_record_available": "1",
        "overlap_percentage": "58.66",
        "previous_rejections": "3",
        "latitude": 22.811079,
        "longitude": 83.138477,
        "status": "Rejected"
      }
    },
    {
      "type": "Feature",
      "geometry": {
        "type": "Point",
        "coordinates": [
          80.336228,
          22.491503
        ]
      },
      "properties": {
        "claim_id": "FRA0842",
        "state": "Madhya Pradesh",
        "district": "Mandla",
        "village": "Village_99",
        "claim_type": "IFR",
        "claimed_area": "1.96",
        "recorded_area": "1.99",
        "processing_days": "144",
        "current_stage": "Title Issued",
        "documents_complete": "1",
        "land_record_available": "0",
        "overlap_percentage": "16.56",
        "previous_rejections": "0",
        "latitude": 22.491503,
        "longitude": 80.336228,
        "status": "Pending"
      }
    },
    {
      "type": "Feature",
      "geometry": {
        "type": "Point",
        "coordinates": [
          84.595254,
          22.517862
        ]
      },
      "properties": {
        "claim_id": "FRA0843",
        "state": "Jharkhand",
        "district": "Simdega",
        "village": "Village_22",
        "claim_type": "CR",
        "claimed_area": "8.81",
        "recorded_area": "8.67",
        "processing_days": "23",
        "current_stage": "DLC",
        "documents_complete": "1",
        "land_record_available": "1",
        "overlap_percentage": "30.59",
        "previous_rejections": "2",
        "latitude": 22.517862,
        "longitude": 84.595254,
        "status": "Approved"
      }
    },
    {
      "type": "Feature",
      "geometry": {
        "type": "Point",
        "coordinates": [
          74.122004,
          21.308321
        ]
      },
      "properties": {
        "claim_id": "FRA0844",
        "state": "Maharashtra",
        "district": "Nandurbar",
        "village": "Village_58",
        "claim_type": "IFR",
        "claimed_area": "2.64",
        "recorded_area": "2.27",
        "processing_days": "105",
        "current_stage": "SDLC",
        "documents_complete": "0",
        "land_record_available": "0",
        "overlap_percentage": "2.43",
        "previous_rejections": "3",
        "latitude": 21.308321,
        "longitude": 74.122004,
        "status": "Rejected"
      }
    },
    {
      "type": "Feature",
      "geometry": {
        "type": "Point",
        "coordinates": [
          79.855324,
          20.041037
        ]
      },
      "properties": {
        "claim_id": "FRA0845",
        "state": "Maharashtra",
        "district": "Gadchiroli",
        "village": "Village_60",
        "claim_type": "CR",
        "claimed_area": "4.69",
        "recorded_area": "4.77",
        "processing_days": "87",
        "current_stage": "DLC",
        "documents_complete": "0",
        "land_record_available": "1",
        "overlap_percentage": "61.44",
        "previous_rejections": "1",
        "latitude": 20.041037,
        "longitude": 79.855324,
        "status": "Approved"
      }
    },
    {
      "type": "Feature",
      "geometry": {
        "type": "Point",
        "coordinates": [
          85.222283,
          23.471779
        ]
      },
      "properties": {
        "claim_id": "FRA0846",
        "state": "Jharkhand",
        "district": "Ranchi",
        "village": "Village_4",
        "claim_type": "CFR",
        "claimed_area": "8.01",
        "recorded_area": "8.13",
        "processing_days": "51",
        "current_stage": "DLC",
        "documents_complete": "1",
        "land_record_available": "1",
        "overlap_percentage": "17.49",
        "previous_rejections": "3",
        "latitude": 23.471779,
        "longitude": 85.222283,
        "status": "Approved"
      }
    },
    {
      "type": "Feature",
      "geometry": {
        "type": "Point",
        "coordinates": [
          82.010358,
          19.228289
        ]
      },
      "properties": {
        "claim_id": "FRA0847",
        "state": "Chhattisgarh",
        "district": "Bastar",
        "village": "Village_9",
        "claim_type": "CR",
        "claimed_area": "5.17",
        "recorded_area": "5.22",
        "processing_days": "142",
        "current_stage": "DLC",
        "documents_complete": "0",
        "land_record_available": "1",
        "overlap_percentage": "39.01",
        "previous_rejections": "1",
        "latitude": 19.228289,
        "longitude": 82.010358,
        "status": "Approved"
      }
    },
    {
      "type": "Feature",
      "geometry": {
        "type": "Point",
        "coordinates": [
          81.817117,
          18.981414
        ]
      },
      "properties": {
        "claim_id": "FRA0848",
        "state": "Chhattisgarh",
        "district": "Bastar",
        "village": "Village_20",
        "claim_type": "CFR",
        "claimed_area": "7.18",
        "recorded_area": "7.11",
        "processing_days": "174",
        "current_stage": "DLC",
        "documents_complete": "1",
        "land_record_available": "1",
        "overlap_percentage": "19.78",
        "previous_rejections": "2",
        "latitude": 18.981414,
        "longitude": 81.817117,
        "status": "Rejected"
      }
    },
    {
      "type": "Feature",
      "geometry": {
        "type": "Point",
        "coordinates": [
          82.809906,
          18.876515
        ]
      },
      "properties": {
        "claim_id": "FRA0849",
        "state": "Odisha",
        "district": "Koraput",
        "village": "Village_83",
        "claim_type": "CR",
        "claimed_area": "8.15",
        "recorded_area": "8.54",
        "processing_days": "51",
        "current_stage": "Gram Sabha",
        "documents_complete": "1",
        "land_record_available": "0",
        "overlap_percentage": "87.92",
        "previous_rejections": "1",
        "latitude": 18.876515,
        "longitude": 82.809906,
        "status": "Rejected"
      }
    },
    {
      "type": "Feature",
      "geometry": {
        "type": "Point",
        "coordinates": [
          85.605509,
          21.564614
        ]
      },
      "properties": {
        "claim_id": "FRA0850",
        "state": "Odisha",
        "district": "Keonjhar",
        "village": "Village_27",
        "claim_type": "IFR",
        "claimed_area": "8.72",
        "recorded_area": "8.4",
        "processing_days": "125",
        "current_stage": "Title Issued",
        "documents_complete": "1",
        "land_record_available": "1",
        "overlap_percentage": "81.6",
        "previous_rejections": "2",
        "latitude": 21.564614,
        "longitude": 85.605509,
        "status": "Approved"
      }
    },
    {
      "type": "Feature",
      "geometry": {
        "type": "Point",
        "coordinates": [
          81.217528,
          22.804535
        ]
      },
      "properties": {
        "claim_id": "FRA0851",
        "state": "Madhya Pradesh",
        "district": "Dindori",
        "village": "Village_93",
        "claim_type": "CFR",
        "claimed_area": "4.62",
        "recorded_area": "4.35",
        "processing_days": "55",
        "current_stage": "Title Issued",
        "documents_complete": "0",
        "land_record_available": "0",
        "overlap_percentage": "37.74",
        "previous_rejections": "3",
        "latitude": 22.804535,
        "longitude": 81.217528,
        "status": "Rejected"
      }
    },
    {
      "type": "Feature",
      "geometry": {
        "type": "Point",
        "coordinates": [
          80.457686,
          22.492772
        ]
      },
      "properties": {
        "claim_id": "FRA0852",
        "state": "Madhya Pradesh",
        "district": "Mandla",
        "village": "Village_81",
        "claim_type": "IFR",
        "claimed_area": "2.18",
        "recorded_area": "1.88",
        "processing_days": "87",
        "current_stage": "Title Issued",
        "documents_complete": "0",
        "land_record_available": "1",
        "overlap_percentage": "3.44",
        "previous_rejections": "0",
        "latitude": 22.492772,
        "longitude": 80.457686,
        "status": "Pending"
      }
    },
    {
      "type": "Feature",
      "geometry": {
        "type": "Point",
        "coordinates": [
          81.470324,
          20.317559
        ]
      },
      "properties": {
        "claim_id": "FRA0853",
        "state": "Chhattisgarh",
        "district": "Kanker",
        "village": "Village_61",
        "claim_type": "CR",
        "claimed_area": "8.9",
        "recorded_area": "8.29",
        "processing_days": "42",
        "current_stage": "SDLC",
        "documents_complete": "1",
        "land_record_available": "0",
        "overlap_percentage": "68.43",
        "previous_rejections": "2",
        "latitude": 20.317559,
        "longitude": 81.470324,
        "status": "Pending"
      }
    },
    {
      "type": "Feature",
      "geometry": {
        "type": "Point",
        "coordinates": [
          74.300835,
          21.40255
        ]
      },
      "properties": {
        "claim_id": "FRA0854",
        "state": "Maharashtra",
        "district": "Nandurbar",
        "village": "Village_47",
        "claim_type": "CR",
        "claimed_area": "2.64",
        "recorded_area": "2.25",
        "processing_days": "121",
        "current_stage": "Gram Sabha",
        "documents_complete": "0",
        "land_record_available": "0",
        "overlap_percentage": "2.63",
        "previous_rejections": "1",
        "latitude": 21.40255,
        "longitude": 74.300835,
        "status": "Rejected"
      }
    },
    {
      "type": "Feature",
      "geometry": {
        "type": "Point",
        "coordinates": [
          86.854042,
          21.976824
        ]
      },
      "properties": {
        "claim_id": "FRA0855",
        "state": "Odisha",
        "district": "Mayurbhanj",
        "village": "Village_21",
        "claim_type": "IFR",
        "claimed_area": "4.36",
        "recorded_area": "4.09",
        "processing_days": "64",
        "current_stage": "Title Issued",
        "documents_complete": "1",
        "land_record_available": "0",
        "overlap_percentage": "25.81",
        "previous_rejections": "1",
        "latitude": 21.976824,
        "longitude": 86.854042,
        "status": "Rejected"
      }
    },
    {
      "type": "Feature",
      "geometry": {
        "type": "Point",
        "coordinates": [
          79.894476,
          20.162806
        ]
      },
      "properties": {
        "claim_id": "FRA0856",
        "state": "Maharashtra",
        "district": "Gadchiroli",
        "village": "Village_41",
        "claim_type": "IFR",
        "claimed_area": "7.66",
        "recorded_area": "7.65",
        "processing_days": "23",
        "current_stage": "DLC",
        "documents_complete": "0",
        "land_record_available": "1",
        "overlap_percentage": "46.46",
        "previous_rejections": "1",
        "latitude": 20.162806,
        "longitude": 79.894476,
        "status": "Rejected"
      }
    },
    {
      "type": "Feature",
      "geometry": {
        "type": "Point",
        "coordinates": [
          80.126755,
          21.713396
        ]
      },
      "properties": {
        "claim_id": "FRA0857",
        "state": "Madhya Pradesh",
        "district": "Balaghat",
        "village": "Village_1",
        "claim_type": "CFR",
        "claimed_area": "6.92",
        "recorded_area": "6.81",
        "processing_days": "161",
        "current_stage": "DLC",
        "documents_complete": "0",
        "land_record_available": "1",
        "overlap_percentage": "27.16",
        "previous_rejections": "0",
        "latitude": 21.713396,
        "longitude": 80.126755,
        "status": "Approved"
      }
    },
    {
      "type": "Feature",
      "geometry": {
        "type": "Point",
        "coordinates": [
          80.082396,
          21.736506
        ]
      },
      "properties": {
        "claim_id": "FRA0858",
        "state": "Madhya Pradesh",
        "district": "Balaghat",
        "village": "Village_96",
        "claim_type": "CFR",
        "claimed_area": "5.64",
        "recorded_area": "5.64",
        "processing_days": "100",
        "current_stage": "DLC",
        "documents_complete": "0",
        "land_record_available": "1",
        "overlap_percentage": "83.77",
        "previous_rejections": "2",
        "latitude": 21.736506,
        "longitude": 80.082396,
        "status": "Pending"
      }
    },
    {
      "type": "Feature",
      "geometry": {
        "type": "Point",
        "coordinates": [
          80.229361,
          21.930261
        ]
      },
      "properties": {
        "claim_id": "FRA0859",
        "state": "Madhya Pradesh",
        "district": "Balaghat",
        "village": "Village_23",
        "claim_type": "CR",
        "claimed_area": "4.68",
        "recorded_area": "4.76",
        "processing_days": "152",
        "current_stage": "DLC",
        "documents_complete": "0",
        "land_record_available": "1",
        "overlap_percentage": "20.95",
        "previous_rejections": "1",
        "latitude": 21.930261,
        "longitude": 80.229361,
        "status": "Pending"
      }
    },
    {
      "type": "Feature",
      "geometry": {
        "type": "Point",
        "coordinates": [
          81.166899,
          22.855671
        ]
      },
      "properties": {
        "claim_id": "FRA0860",
        "state": "Madhya Pradesh",
        "district": "Dindori",
        "village": "Village_60",
        "claim_type": "CFR",
        "claimed_area": "3.78",
        "recorded_area": "3.47",
        "processing_days": "164",
        "current_stage": "Title Issued",
        "documents_complete": "1",
        "land_record_available": "0",
        "overlap_percentage": "29.53",
        "previous_rejections": "3",
        "latitude": 22.855671,
        "longitude": 81.166899,
        "status": "Pending"
      }
    },
    {
      "type": "Feature",
      "geometry": {
        "type": "Point",
        "coordinates": [
          86.703027,
          21.902954
        ]
      },
      "properties": {
        "claim_id": "FRA0861",
        "state": "Odisha",
        "district": "Mayurbhanj",
        "village": "Village_4",
        "claim_type": "CR",
        "claimed_area": "1.38",
        "recorded_area": "1.25",
        "processing_days": "179",
        "current_stage": "Gram Sabha",
        "documents_complete": "1",
        "land_record_available": "0",
        "overlap_percentage": "5.96",
        "previous_rejections": "0",
        "latitude": 21.902954,
        "longitude": 86.703027,
        "status": "Rejected"
      }
    },
    {
      "type": "Feature",
      "geometry": {
        "type": "Point",
        "coordinates": [
          85.370621,
          23.298804
        ]
      },
      "properties": {
        "claim_id": "FRA0862",
        "state": "Jharkhand",
        "district": "Ranchi",
        "village": "Village_41",
        "claim_type": "CR",
        "claimed_area": "8.25",
        "recorded_area": "7.14",
        "processing_days": "20",
        "current_stage": "Gram Sabha",
        "documents_complete": "1",
        "land_record_available": "0",
        "overlap_percentage": "26.79",
        "previous_rejections": "2",
        "latitude": 23.298804,
        "longitude": 85.370621,
        "status": "Approved"
      }
    },
    {
      "type": "Feature",
      "geometry": {
        "type": "Point",
        "coordinates": [
          85.501208,
          21.659858
        ]
      },
      "properties": {
        "claim_id": "FRA0863",
        "state": "Odisha",
        "district": "Keonjhar",
        "village": "Village_9",
        "claim_type": "CR",
        "claimed_area": "4.22",
        "recorded_area": "3.86",
        "processing_days": "124",
        "current_stage": "DLC",
        "documents_complete": "1",
        "land_record_available": "0",
        "overlap_percentage": "54.63",
        "previous_rejections": "3",
        "latitude": 21.659858,
        "longitude": 85.501208,
        "status": "Rejected"
      }
    },
    {
      "type": "Feature",
      "geometry": {
        "type": "Point",
        "coordinates": [
          82.703883,
          18.760946
        ]
      },
      "properties": {
        "claim_id": "FRA0864",
        "state": "Odisha",
        "district": "Koraput",
        "village": "Village_88",
        "claim_type": "CR",
        "claimed_area": "3.94",
        "recorded_area": "3.81",
        "processing_days": "125",
        "current_stage": "Gram Sabha",
        "documents_complete": "0",
        "land_record_available": "1",
        "overlap_percentage": "67.56",
        "previous_rejections": "2",
        "latitude": 18.760946,
        "longitude": 82.703883,
        "status": "Rejected"
      }
    },
    {
      "type": "Feature",
      "geometry": {
        "type": "Point",
        "coordinates": [
          84.688387,
          22.97136
        ]
      },
      "properties": {
        "claim_id": "FRA0865",
        "state": "Jharkhand",
        "district": "Gumla",
        "village": "Village_27",
        "claim_type": "IFR",
        "claimed_area": "7.84",
        "recorded_area": "8.1",
        "processing_days": "112",
        "current_stage": "Title Issued",
        "documents_complete": "0",
        "land_record_available": "1",
        "overlap_percentage": "21.39",
        "previous_rejections": "2",
        "latitude": 22.97136,
        "longitude": 84.688387,
        "status": "Pending"
      }
    },
    {
      "type": "Feature",
      "geometry": {
        "type": "Point",
        "coordinates": [
          84.636075,
          22.557974
        ]
      },
      "properties": {
        "claim_id": "FRA0866",
        "state": "Jharkhand",
        "district": "Simdega",
        "village": "Village_86",
        "claim_type": "CFR",
        "claimed_area": "5.11",
        "recorded_area": "4.59",
        "processing_days": "153",
        "current_stage": "Title Issued",
        "documents_complete": "0",
        "land_record_available": "1",
        "overlap_percentage": "53.07",
        "previous_rejections": "1",
        "latitude": 22.557974,
        "longitude": 84.636075,
        "status": "Pending"
      }
    },
    {
      "type": "Feature",
      "geometry": {
        "type": "Point",
        "coordinates": [
          83.064275,
          22.941066
        ]
      },
      "properties": {
        "claim_id": "FRA0867",
        "state": "Chhattisgarh",
        "district": "Surguja",
        "village": "Village_75",
        "claim_type": "CR",
        "claimed_area": "3.86",
        "recorded_area": "3.82",
        "processing_days": "103",
        "current_stage": "SDLC",
        "documents_complete": "1",
        "land_record_available": "0",
        "overlap_percentage": "67.01",
        "previous_rejections": "0",
        "latitude": 22.941066,
        "longitude": 83.064275,
        "status": "Pending"
      }
    },
    {
      "type": "Feature",
      "geometry": {
        "type": "Point",
        "coordinates": [
          85.600067,
          21.740762
        ]
      },
      "properties": {
        "claim_id": "FRA0868",
        "state": "Odisha",
        "district": "Keonjhar",
        "village": "Village_17",
        "claim_type": "CFR",
        "claimed_area": "4.97",
        "recorded_area": "5.11",
        "processing_days": "166",
        "current_stage": "DLC",
        "documents_complete": "0",
        "land_record_available": "0",
        "overlap_percentage": "17.82",
        "previous_rejections": "3",
        "latitude": 21.740762,
        "longitude": 85.600067,
        "status": "Approved"
      }
    },
    {
      "type": "Feature",
      "geometry": {
        "type": "Point",
        "coordinates": [
          84.526867,
          22.509952
        ]
      },
      "properties": {
        "claim_id": "FRA0869",
        "state": "Jharkhand",
        "district": "Simdega",
        "village": "Village_100",
        "claim_type": "IFR",
        "claimed_area": "8.5",
        "recorded_area": "7.83",
        "processing_days": "54",
        "current_stage": "Title Issued",
        "documents_complete": "0",
        "land_record_available": "1",
        "overlap_percentage": "15.32",
        "previous_rejections": "3",
        "latitude": 22.509952,
        "longitude": 84.526867,
        "status": "Pending"
      }
    },
    {
      "type": "Feature",
      "geometry": {
        "type": "Point",
        "coordinates": [
          81.958066,
          18.971794
        ]
      },
      "properties": {
        "claim_id": "FRA0870",
        "state": "Chhattisgarh",
        "district": "Bastar",
        "village": "Village_36",
        "claim_type": "CFR",
        "claimed_area": "9.53",
        "recorded_area": "9.09",
        "processing_days": "83",
        "current_stage": "Title Issued",
        "documents_complete": "0",
        "land_record_available": "1",
        "overlap_percentage": "32.12",
        "previous_rejections": "1",
        "latitude": 18.971794,
        "longitude": 81.958066,
        "status": "Approved"
      }
    },
    {
      "type": "Feature",
      "geometry": {
        "type": "Point",
        "coordinates": [
          81.428414,
          20.351087
        ]
      },
      "properties": {
        "claim_id": "FRA0871",
        "state": "Chhattisgarh",
        "district": "Kanker",
        "village": "Village_32",
        "claim_type": "CFR",
        "claimed_area": "2.84",
        "recorded_area": "2.96",
        "processing_days": "41",
        "current_stage": "Gram Sabha",
        "documents_complete": "1",
        "land_record_available": "1",
        "overlap_percentage": "40.44",
        "previous_rejections": "2",
        "latitude": 20.351087,
        "longitude": 81.428414,
        "status": "Approved"
      }
    },
    {
      "type": "Feature",
      "geometry": {
        "type": "Point",
        "coordinates": [
          73.889475,
          19.899394
        ]
      },
      "properties": {
        "claim_id": "FRA0872",
        "state": "Maharashtra",
        "district": "Nashik",
        "village": "Village_86",
        "claim_type": "IFR",
        "claimed_area": "7.6",
        "recorded_area": "7.93",
        "processing_days": "26",
        "current_stage": "Gram Sabha",
        "documents_complete": "0",
        "land_record_available": "0",
        "overlap_percentage": "11.61",
        "previous_rejections": "3",
        "latitude": 19.899394,
        "longitude": 73.889475,
        "status": "Pending"
      }
    },
    {
      "type": "Feature",
      "geometry": {
        "type": "Point",
        "coordinates": [
          81.861302,
          19.05885
        ]
      },
      "properties": {
        "claim_id": "FRA0873",
        "state": "Chhattisgarh",
        "district": "Bastar",
        "village": "Village_64",
        "claim_type": "IFR",
        "claimed_area": "2.1",
        "recorded_area": "2.13",
        "processing_days": "124",
        "current_stage": "SDLC",
        "documents_complete": "1",
        "land_record_available": "0",
        "overlap_percentage": "77.12",
        "previous_rejections": "1",
        "latitude": 19.05885,
        "longitude": 81.861302,
        "status": "Rejected"
      }
    },
    {
      "type": "Feature",
      "geometry": {
        "type": "Point",
        "coordinates": [
          80.094567,
          21.943463
        ]
      },
      "properties": {
        "claim_id": "FRA0874",
        "state": "Madhya Pradesh",
        "district": "Balaghat",
        "village": "Village_81",
        "claim_type": "IFR",
        "claimed_area": "7.95",
        "recorded_area": "7.27",
        "processing_days": "89",
        "current_stage": "Title Issued",
        "documents_complete": "0",
        "land_record_available": "0",
        "overlap_percentage": "60.66",
        "previous_rejections": "3",
        "latitude": 21.943463,
        "longitude": 80.094567,
        "status": "Approved"
      }
    },
    {
      "type": "Feature",
      "geometry": {
        "type": "Point",
        "coordinates": [
          79.967511,
          20.167466
        ]
      },
      "properties": {
        "claim_id": "FRA0875",
        "state": "Maharashtra",
        "district": "Gadchiroli",
        "village": "Village_78",
        "claim_type": "IFR",
        "claimed_area": "9.74",
        "recorded_area": "8.99",
        "processing_days": "71",
        "current_stage": "Gram Sabha",
        "documents_complete": "0",
        "land_record_available": "0",
        "overlap_percentage": "4.92",
        "previous_rejections": "2",
        "latitude": 20.167466,
        "longitude": 79.967511,
        "status": "Rejected"
      }
    },
    {
      "type": "Feature",
      "geometry": {
        "type": "Point",
        "coordinates": [
          73.864967,
          20.128784
        ]
      },
      "properties": {
        "claim_id": "FRA0876",
        "state": "Maharashtra",
        "district": "Nashik",
        "village": "Village_1",
        "claim_type": "CFR",
        "claimed_area": "5.1",
        "recorded_area": "5.0",
        "processing_days": "134",
        "current_stage": "DLC",
        "documents_complete": "1",
        "land_record_available": "0",
        "overlap_percentage": "55.32",
        "previous_rejections": "0",
        "latitude": 20.128784,
        "longitude": 73.864967,
        "status": "Pending"
      }
    },
    {
      "type": "Feature",
      "geometry": {
        "type": "Point",
        "coordinates": [
          81.548259,
          20.136271
        ]
      },
      "properties": {
        "claim_id": "FRA0877",
        "state": "Chhattisgarh",
        "district": "Kanker",
        "village": "Village_22",
        "claim_type": "CFR",
        "claimed_area": "7.14",
        "recorded_area": "6.75",
        "processing_days": "100",
        "current_stage": "Title Issued",
        "documents_complete": "1",
        "land_record_available": "0",
        "overlap_percentage": "22.5",
        "previous_rejections": "1",
        "latitude": 20.136271,
        "longitude": 81.548259,
        "status": "Pending"
      }
    },
    {
      "type": "Feature",
      "geometry": {
        "type": "Point",
        "coordinates": [
          85.657208,
          21.743423
        ]
      },
      "properties": {
        "claim_id": "FRA0878",
        "state": "Odisha",
        "district": "Keonjhar",
        "village": "Village_11",
        "claim_type": "CR",
        "claimed_area": "9.69",
        "recorded_area": "9.04",
        "processing_days": "135",
        "current_stage": "Title Issued",
        "documents_complete": "0",
        "land_record_available": "0",
        "overlap_percentage": "21.39",
        "previous_rejections": "1",
        "latitude": 21.743423,
        "longitude": 85.657208,
        "status": "Approved"
      }
    },
    {
      "type": "Feature",
      "geometry": {
        "type": "Point",
        "coordinates": [
          80.108825,
          21.89239
        ]
      },
      "properties": {
        "claim_id": "FRA0879",
        "state": "Madhya Pradesh",
        "district": "Balaghat",
        "village": "Village_79",
        "claim_type": "CFR",
        "claimed_area": "8.94",
        "recorded_area": "8.89",
        "processing_days": "54",
        "current_stage": "SDLC",
        "documents_complete": "1",
        "land_record_available": "0",
        "overlap_percentage": "79.67",
        "previous_rejections": "1",
        "latitude": 21.89239,
        "longitude": 80.108825,
        "status": "Rejected"
      }
    },
    {
      "type": "Feature",
      "geometry": {
        "type": "Point",
        "coordinates": [
          84.443291,
          22.711514
        ]
      },
      "properties": {
        "claim_id": "FRA0880",
        "state": "Jharkhand",
        "district": "Simdega",
        "village": "Village_81",
        "claim_type": "IFR",
        "claimed_area": "6.46",
        "recorded_area": "6.45",
        "processing_days": "83",
        "current_stage": "SDLC",
        "documents_complete": "1",
        "land_record_available": "0",
        "overlap_percentage": "75.08",
        "previous_rejections": "0",
        "latitude": 22.711514,
        "longitude": 84.443291,
        "status": "Approved"
      }
    },
    {
      "type": "Feature",
      "geometry": {
        "type": "Point",
        "coordinates": [
          82.795394,
          18.711167
        ]
      },
      "properties": {
        "claim_id": "FRA0881",
        "state": "Odisha",
        "district": "Koraput",
        "village": "Village_87",
        "claim_type": "CR",
        "claimed_area": "1.54",
        "recorded_area": "1.34",
        "processing_days": "35",
        "current_stage": "SDLC",
        "documents_complete": "1",
        "land_record_available": "0",
        "overlap_percentage": "60.99",
        "previous_rejections": "0",
        "latitude": 18.711167,
        "longitude": 82.795394,
        "status": "Approved"
      }
    },
    {
      "type": "Feature",
      "geometry": {
        "type": "Point",
        "coordinates": [
          85.282822,
          23.441595
        ]
      },
      "properties": {
        "claim_id": "FRA0882",
        "state": "Jharkhand",
        "district": "Ranchi",
        "village": "Village_44",
        "claim_type": "CFR",
        "claimed_area": "4.47",
        "recorded_area": "4.04",
        "processing_days": "64",
        "current_stage": "SDLC",
        "documents_complete": "0",
        "land_record_available": "1",
        "overlap_percentage": "6.36",
        "previous_rejections": "0",
        "latitude": 23.441595,
        "longitude": 85.282822,
        "status": "Approved"
      }
    },
    {
      "type": "Feature",
      "geometry": {
        "type": "Point",
        "coordinates": [
          85.246509,
          23.303528
        ]
      },
      "properties": {
        "claim_id": "FRA0883",
        "state": "Jharkhand",
        "district": "Ranchi",
        "village": "Village_13",
        "claim_type": "IFR",
        "claimed_area": "6.75",
        "recorded_area": "6.68",
        "processing_days": "21",
        "current_stage": "Gram Sabha",
        "documents_complete": "1",
        "land_record_available": "1",
        "overlap_percentage": "53.48",
        "previous_rejections": "3",
        "latitude": 23.303528,
        "longitude": 85.246509,
        "status": "Pending"
      }
    },
    {
      "type": "Feature",
      "geometry": {
        "type": "Point",
        "coordinates": [
          79.929465,
          20.263342
        ]
      },
      "properties": {
        "claim_id": "FRA0884",
        "state": "Maharashtra",
        "district": "Gadchiroli",
        "village": "Village_72",
        "claim_type": "CFR",
        "claimed_area": "9.02",
        "recorded_area": "7.7",
        "processing_days": "178",
        "current_stage": "Gram Sabha",
        "documents_complete": "0",
        "land_record_available": "0",
        "overlap_percentage": "14.48",
        "previous_rejections": "0",
        "latitude": 20.263342,
        "longitude": 79.929465,
        "status": "Rejected"
      }
    },
    {
      "type": "Feature",
      "geometry": {
        "type": "Point",
        "coordinates": [
          82.01396,
          19.245147
        ]
      },
      "properties": {
        "claim_id": "FRA0885",
        "state": "Chhattisgarh",
        "district": "Bastar",
        "village": "Village_15",
        "claim_type": "CFR",
        "claimed_area": "7.37",
        "recorded_area": "7.22",
        "processing_days": "164",
        "current_stage": "DLC",
        "documents_complete": "1",
        "land_record_available": "1",
        "overlap_percentage": "16.56",
        "previous_rejections": "3",
        "latitude": 19.245147,
        "longitude": 82.01396,
        "status": "Approved"
      }
    },
    {
      "type": "Feature",
      "geometry": {
        "type": "Point",
        "coordinates": [
          82.028974,
          18.95306
        ]
      },
      "properties": {
        "claim_id": "FRA0886",
        "state": "Chhattisgarh",
        "district": "Bastar",
        "village": "Village_32",
        "claim_type": "CFR",
        "claimed_area": "3.06",
        "recorded_area": "2.82",
        "processing_days": "118",
        "current_stage": "Title Issued",
        "documents_complete": "1",
        "land_record_available": "0",
        "overlap_percentage": "70.53",
        "previous_rejections": "3",
        "latitude": 18.95306,
        "longitude": 82.028974,
        "status": "Rejected"
      }
    },
    {
      "type": "Feature",
      "geometry": {
        "type": "Point",
        "coordinates": [
          83.062454,
          22.880449
        ]
      },
      "properties": {
        "claim_id": "FRA0887",
        "state": "Chhattisgarh",
        "district": "Surguja",
        "village": "Village_62",
        "claim_type": "IFR",
        "claimed_area": "6.35",
        "recorded_area": "5.71",
        "processing_days": "179",
        "current_stage": "Gram Sabha",
        "documents_complete": "0",
        "land_record_available": "0",
        "overlap_percentage": "37.76",
        "previous_rejections": "2",
        "latitude": 22.880449,
        "longitude": 83.062454,
        "status": "Rejected"
      }
    },
    {
      "type": "Feature",
      "geometry": {
        "type": "Point",
        "coordinates": [
          80.38491,
          22.581434
        ]
      },
      "properties": {
        "claim_id": "FRA0888",
        "state": "Madhya Pradesh",
        "district": "Mandla",
        "village": "Village_47",
        "claim_type": "CFR",
        "claimed_area": "8.2",
        "recorded_area": "7.78",
        "processing_days": "103",
        "current_stage": "Title Issued",
        "documents_complete": "1",
        "land_record_available": "1",
        "overlap_percentage": "79.84",
        "previous_rejections": "2",
        "latitude": 22.581434,
        "longitude": 80.38491,
        "status": "Pending"
      }
    },
    {
      "type": "Feature",
      "geometry": {
        "type": "Point",
        "coordinates": [
          80.066033,
          21.934712
        ]
      },
      "properties": {
        "claim_id": "FRA0889",
        "state": "Madhya Pradesh",
        "district": "Balaghat",
        "village": "Village_98",
        "claim_type": "IFR",
        "claimed_area": "10.0",
        "recorded_area": "9.98",
        "processing_days": "177",
        "current_stage": "DLC",
        "documents_complete": "1",
        "land_record_available": "0",
        "overlap_percentage": "13.84",
        "previous_rejections": "1",
        "latitude": 21.934712,
        "longitude": 80.066033,
        "status": "Approved"
      }
    },
    {
      "type": "Feature",
      "geometry": {
        "type": "Point",
        "coordinates": [
          82.710215,
          18.669044
        ]
      },
      "properties": {
        "claim_id": "FRA0890",
        "state": "Odisha",
        "district": "Koraput",
        "village": "Village_38",
        "claim_type": "CR",
        "claimed_area": "2.8",
        "recorded_area": "2.93",
        "processing_days": "53",
        "current_stage": "SDLC",
        "documents_complete": "1",
        "land_record_available": "0",
        "overlap_percentage": "68.29",
        "previous_rejections": "0",
        "latitude": 18.669044,
        "longitude": 82.710215,
        "status": "Approved"
      }
    },
    {
      "type": "Feature",
      "geometry": {
        "type": "Point",
        "coordinates": [
          84.530253,
          22.935182
        ]
      },
      "properties": {
        "claim_id": "FRA0891",
        "state": "Jharkhand",
        "district": "Gumla",
        "village": "Village_22",
        "claim_type": "CFR",
        "claimed_area": "9.8",
        "recorded_area": "8.64",
        "processing_days": "118",
        "current_stage": "Title Issued",
        "documents_complete": "0",
        "land_record_available": "1",
        "overlap_percentage": "50.17",
        "previous_rejections": "3",
        "latitude": 22.935182,
        "longitude": 84.530253,
        "status": "Approved"
      }
    },
    {
      "type": "Feature",
      "geometry": {
        "type": "Point",
        "coordinates": [
          79.929589,
          20.255656
        ]
      },
      "properties": {
        "claim_id": "FRA0892",
        "state": "Maharashtra",
        "district": "Gadchiroli",
        "village": "Village_71",
        "claim_type": "CFR",
        "claimed_area": "9.2",
        "recorded_area": "9.43",
        "processing_days": "43",
        "current_stage": "Title Issued",
        "documents_complete": "1",
        "land_record_available": "0",
        "overlap_percentage": "2.81",
        "previous_rejections": "3",
        "latitude": 20.255656,
        "longitude": 79.929589,
        "status": "Approved"
      }
    },
    {
      "type": "Feature",
      "geometry": {
        "type": "Point",
        "coordinates": [
          80.230881,
          22.487369
        ]
      },
      "properties": {
        "claim_id": "FRA0893",
        "state": "Madhya Pradesh",
        "district": "Mandla",
        "village": "Village_11",
        "claim_type": "CR",
        "claimed_area": "8.2",
        "recorded_area": "8.21",
        "processing_days": "166",
        "current_stage": "Title Issued",
        "documents_complete": "0",
        "land_record_available": "0",
        "overlap_percentage": "57.92",
        "previous_rejections": "0",
        "latitude": 22.487369,
        "longitude": 80.230881,
        "status": "Approved"
      }
    },
    {
      "type": "Feature",
      "geometry": {
        "type": "Point",
        "coordinates": [
          83.082165,
          23.005263
        ]
      },
      "properties": {
        "claim_id": "FRA0894",
        "state": "Chhattisgarh",
        "district": "Surguja",
        "village": "Village_69",
        "claim_type": "CFR",
        "claimed_area": "5.86",
        "recorded_area": "5.47",
        "processing_days": "160",
        "current_stage": "Title Issued",
        "documents_complete": "1",
        "land_record_available": "0",
        "overlap_percentage": "57.31",
        "previous_rejections": "0",
        "latitude": 23.005263,
        "longitude": 83.082165,
        "status": "Pending"
      }
    },
    {
      "type": "Feature",
      "geometry": {
        "type": "Point",
        "coordinates": [
          80.238837,
          21.864451
        ]
      },
      "properties": {
        "claim_id": "FRA0895",
        "state": "Madhya Pradesh",
        "district": "Balaghat",
        "village": "Village_97",
        "claim_type": "IFR",
        "claimed_area": "9.36",
        "recorded_area": "9.61",
        "processing_days": "111",
        "current_stage": "DLC",
        "documents_complete": "0",
        "land_record_available": "0",
        "overlap_percentage": "43.99",
        "previous_rejections": "0",
        "latitude": 21.864451,
        "longitude": 80.238837,
        "status": "Rejected"
      }
    },
    {
      "type": "Feature",
      "geometry": {
        "type": "Point",
        "coordinates": [
          82.097412,
          18.956977
        ]
      },
      "properties": {
        "claim_id": "FRA0896",
        "state": "Chhattisgarh",
        "district": "Bastar",
        "village": "Village_89",
        "claim_type": "IFR",
        "claimed_area": "9.86",
        "recorded_area": "9.87",
        "processing_days": "79",
        "current_stage": "SDLC",
        "documents_complete": "0",
        "land_record_available": "1",
        "overlap_percentage": "36.25",
        "previous_rejections": "0",
        "latitude": 18.956977,
        "longitude": 82.097412,
        "status": "Rejected"
      }
    },
    {
      "type": "Feature",
      "geometry": {
        "type": "Point",
        "coordinates": [
          83.343492,
          22.911441
        ]
      },
      "properties": {
        "claim_id": "FRA0897",
        "state": "Chhattisgarh",
        "district": "Surguja",
        "village": "Village_37",
        "claim_type": "CFR",
        "claimed_area": "8.5",
        "recorded_area": "8.87",
        "processing_days": "116",
        "current_stage": "SDLC",
        "documents_complete": "0",
        "land_record_available": "0",
        "overlap_percentage": "17.57",
        "previous_rejections": "2",
        "latitude": 22.911441,
        "longitude": 83.343492,
        "status": "Pending"
      }
    },
    {
      "type": "Feature",
      "geometry": {
        "type": "Point",
        "coordinates": [
          81.431443,
          20.258564
        ]
      },
      "properties": {
        "claim_id": "FRA0898",
        "state": "Chhattisgarh",
        "district": "Kanker",
        "village": "Village_75",
        "claim_type": "CFR",
        "claimed_area": "1.2",
        "recorded_area": "1.16",
        "processing_days": "59",
        "current_stage": "Gram Sabha",
        "documents_complete": "0",
        "land_record_available": "1",
        "overlap_percentage": "33.19",
        "previous_rejections": "0",
        "latitude": 20.258564,
        "longitude": 81.431443,
        "status": "Rejected"
      }
    },
    {
      "type": "Feature",
      "geometry": {
        "type": "Point",
        "coordinates": [
          80.280655,
          21.69046
        ]
      },
      "properties": {
        "claim_id": "FRA0899",
        "state": "Madhya Pradesh",
        "district": "Balaghat",
        "village": "Village_81",
        "claim_type": "CFR",
        "claimed_area": "9.78",
        "recorded_area": "10.07",
        "processing_days": "150",
        "current_stage": "Title Issued",
        "documents_complete": "0",
        "land_record_available": "0",
        "overlap_percentage": "20.44",
        "previous_rejections": "1",
        "latitude": 21.69046,
        "longitude": 80.280655,
        "status": "Rejected"
      }
    },
    {
      "type": "Feature",
      "geometry": {
        "type": "Point",
        "coordinates": [
          80.061997,
          20.089446
        ]
      },
      "properties": {
        "claim_id": "FRA0900",
        "state": "Maharashtra",
        "district": "Gadchiroli",
        "village": "Village_32",
        "claim_type": "CFR",
        "claimed_area": "1.7",
        "recorded_area": "1.56",
        "processing_days": "163",
        "current_stage": "Gram Sabha",
        "documents_complete": "0",
        "land_record_available": "1",
        "overlap_percentage": "49.23",
        "previous_rejections": "3",
        "latitude": 20.089446,
        "longitude": 80.061997,
        "status": "Approved"
      }
    },
    {
      "type": "Feature",
      "geometry": {
        "type": "Point",
        "coordinates": [
          84.47239,
          23.124078
        ]
      },
      "properties": {
        "claim_id": "FRA0901",
        "state": "Jharkhand",
        "district": "Gumla",
        "village": "Village_86",
        "claim_type": "CFR",
        "claimed_area": "1.61",
        "recorded_area": "1.42",
        "processing_days": "114",
        "current_stage": "DLC",
        "documents_complete": "1",
        "land_record_available": "0",
        "overlap_percentage": "79.72",
        "previous_rejections": "2",
        "latitude": 23.124078,
        "longitude": 84.47239,
        "status": "Approved"
      }
    },
    {
      "type": "Feature",
      "geometry": {
        "type": "Point",
        "coordinates": [
          82.654562,
          18.865974
        ]
      },
      "properties": {
        "claim_id": "FRA0902",
        "state": "Odisha",
        "district": "Koraput",
        "village": "Village_32",
        "claim_type": "CFR",
        "claimed_area": "2.87",
        "recorded_area": "2.76",
        "processing_days": "135",
        "current_stage": "SDLC",
        "documents_complete": "0",
        "land_record_available": "0",
        "overlap_percentage": "78.37",
        "previous_rejections": "1",
        "latitude": 18.865974,
        "longitude": 82.654562,
        "status": "Approved"
      }
    },
    {
      "type": "Feature",
      "geometry": {
        "type": "Point",
        "coordinates": [
          80.109694,
          20.178706
        ]
      },
      "properties": {
        "claim_id": "FRA0903",
        "state": "Maharashtra",
        "district": "Gadchiroli",
        "village": "Village_73",
        "claim_type": "IFR",
        "claimed_area": "8.92",
        "recorded_area": "7.73",
        "processing_days": "37",
        "current_stage": "Title Issued",
        "documents_complete": "1",
        "land_record_available": "1",
        "overlap_percentage": "47.6",
        "previous_rejections": "2",
        "latitude": 20.178706,
        "longitude": 80.109694,
        "status": "Pending"
      }
    },
    {
      "type": "Feature",
      "geometry": {
        "type": "Point",
        "coordinates": [
          86.786138,
          21.85891
        ]
      },
      "properties": {
        "claim_id": "FRA0904",
        "state": "Odisha",
        "district": "Mayurbhanj",
        "village": "Village_25",
        "claim_type": "CR",
        "claimed_area": "8.01",
        "recorded_area": "7.32",
        "processing_days": "35",
        "current_stage": "SDLC",
        "documents_complete": "1",
        "land_record_available": "0",
        "overlap_percentage": "85.88",
        "previous_rejections": "1",
        "latitude": 21.85891,
        "longitude": 86.786138,
        "status": "Pending"
      }
    },
    {
      "type": "Feature",
      "geometry": {
        "type": "Point",
        "coordinates": [
          73.918464,
          19.934934
        ]
      },
      "properties": {
        "claim_id": "FRA0905",
        "state": "Maharashtra",
        "district": "Nashik",
        "village": "Village_31",
        "claim_type": "CFR",
        "claimed_area": "3.43",
        "recorded_area": "3.46",
        "processing_days": "113",
        "current_stage": "SDLC",
        "documents_complete": "1",
        "land_record_available": "1",
        "overlap_percentage": "88.46",
        "previous_rejections": "3",
        "latitude": 19.934934,
        "longitude": 73.918464,
        "status": "Rejected"
      }
    },
    {
      "type": "Feature",
      "geometry": {
        "type": "Point",
        "coordinates": [
          73.873286,
          20.107162
        ]
      },
      "properties": {
        "claim_id": "FRA0906",
        "state": "Maharashtra",
        "district": "Nashik",
        "village": "Village_16",
        "claim_type": "CFR",
        "claimed_area": "7.07",
        "recorded_area": "6.33",
        "processing_days": "120",
        "current_stage": "Title Issued",
        "documents_complete": "1",
        "land_record_available": "0",
        "overlap_percentage": "65.75",
        "previous_rejections": "3",
        "latitude": 20.107162,
        "longitude": 73.873286,
        "status": "Approved"
      }
    },
    {
      "type": "Feature",
      "geometry": {
        "type": "Point",
        "coordinates": [
          74.093033,
          21.279435
        ]
      },
      "properties": {
        "claim_id": "FRA0907",
        "state": "Maharashtra",
        "district": "Nandurbar",
        "village": "Village_49",
        "claim_type": "CR",
        "claimed_area": "7.26",
        "recorded_area": "6.95",
        "processing_days": "130",
        "current_stage": "Title Issued",
        "documents_complete": "1",
        "land_record_available": "0",
        "overlap_percentage": "46.19",
        "previous_rejections": "1",
        "latitude": 21.279435,
        "longitude": 74.093033,
        "status": "Pending"
      }
    },
    {
      "type": "Feature",
      "geometry": {
        "type": "Point",
        "coordinates": [
          82.765718,
          18.953502
        ]
      },
      "properties": {
        "claim_id": "FRA0908",
        "state": "Odisha",
        "district": "Koraput",
        "village": "Village_29",
        "claim_type": "IFR",
        "claimed_area": "7.44",
        "recorded_area": "6.46",
        "processing_days": "125",
        "current_stage": "DLC",
        "documents_complete": "1",
        "land_record_available": "1",
        "overlap_percentage": "54.01",
        "previous_rejections": "1",
        "latitude": 18.953502,
        "longitude": 82.765718,
        "status": "Approved"
      }
    },
    {
      "type": "Feature",
      "geometry": {
        "type": "Point",
        "coordinates": [
          80.095351,
          20.057852
        ]
      },
      "properties": {
        "claim_id": "FRA0909",
        "state": "Maharashtra",
        "district": "Gadchiroli",
        "village": "Village_18",
        "claim_type": "CR",
        "claimed_area": "1.16",
        "recorded_area": "1.05",
        "processing_days": "48",
        "current_stage": "SDLC",
        "documents_complete": "1",
        "land_record_available": "1",
        "overlap_percentage": "83.74",
        "previous_rejections": "3",
        "latitude": 20.057852,
        "longitude": 80.095351,
        "status": "Pending"
      }
    },
    {
      "type": "Feature",
      "geometry": {
        "type": "Point",
        "coordinates": [
          80.373605,
          22.469667
        ]
      },
      "properties": {
        "claim_id": "FRA0910",
        "state": "Madhya Pradesh",
        "district": "Mandla",
        "village": "Village_66",
        "claim_type": "IFR",
        "claimed_area": "1.07",
        "recorded_area": "0.98",
        "processing_days": "46",
        "current_stage": "Gram Sabha",
        "documents_complete": "1",
        "land_record_available": "1",
        "overlap_percentage": "84.21",
        "previous_rejections": "1",
        "latitude": 22.469667,
        "longitude": 80.373605,
        "status": "Pending"
      }
    },
    {
      "type": "Feature",
      "geometry": {
        "type": "Point",
        "coordinates": [
          79.918722,
          20.324874
        ]
      },
      "properties": {
        "claim_id": "FRA0911",
        "state": "Maharashtra",
        "district": "Gadchiroli",
        "village": "Village_88",
        "claim_type": "CFR",
        "claimed_area": "4.55",
        "recorded_area": "4.34",
        "processing_days": "122",
        "current_stage": "Title Issued",
        "documents_complete": "1",
        "land_record_available": "0",
        "overlap_percentage": "11.03",
        "previous_rejections": "1",
        "latitude": 20.324874,
        "longitude": 79.918722,
        "status": "Approved"
      }
    },
    {
      "type": "Feature",
      "geometry": {
        "type": "Point",
        "coordinates": [
          80.233038,
          22.699975
        ]
      },
      "properties": {
        "claim_id": "FRA0912",
        "state": "Madhya Pradesh",
        "district": "Mandla",
        "village": "Village_93",
        "claim_type": "IFR",
        "claimed_area": "3.33",
        "recorded_area": "3.26",
        "processing_days": "54",
        "current_stage": "SDLC",
        "documents_complete": "0",
        "land_record_available": "1",
        "overlap_percentage": "16.6",
        "previous_rejections": "2",
        "latitude": 22.699975,
        "longitude": 80.233038,
        "status": "Approved"
      }
    },
    {
      "type": "Feature",
      "geometry": {
        "type": "Point",
        "coordinates": [
          80.058365,
          20.054841
        ]
      },
      "properties": {
        "claim_id": "FRA0913",
        "state": "Maharashtra",
        "district": "Gadchiroli",
        "village": "Village_5",
        "claim_type": "CR",
        "claimed_area": "7.01",
        "recorded_area": "6.4",
        "processing_days": "34",
        "current_stage": "DLC",
        "documents_complete": "1",
        "land_record_available": "0",
        "overlap_percentage": "33.6",
        "previous_rejections": "2",
        "latitude": 20.054841,
        "longitude": 80.058365,
        "status": "Pending"
      }
    },
    {
      "type": "Feature",
      "geometry": {
        "type": "Point",
        "coordinates": [
          84.493611,
          22.55566
        ]
      },
      "properties": {
        "claim_id": "FRA0914",
        "state": "Jharkhand",
        "district": "Simdega",
        "village": "Village_44",
        "claim_type": "CFR",
        "claimed_area": "4.67",
        "recorded_area": "4.01",
        "processing_days": "147",
        "current_stage": "SDLC",
        "documents_complete": "0",
        "land_record_available": "1",
        "overlap_percentage": "87.69",
        "previous_rejections": "3",
        "latitude": 22.55566,
        "longitude": 84.493611,
        "status": "Approved"
      }
    },
    {
      "type": "Feature",
      "geometry": {
        "type": "Point",
        "coordinates": [
          86.681245,
          21.941488
        ]
      },
      "properties": {
        "claim_id": "FRA0915",
        "state": "Odisha",
        "district": "Mayurbhanj",
        "village": "Village_49",
        "claim_type": "IFR",
        "claimed_area": "9.21",
        "recorded_area": "8.25",
        "processing_days": "118",
        "current_stage": "Gram Sabha",
        "documents_complete": "0",
        "land_record_available": "0",
        "overlap_percentage": "38.62",
        "previous_rejections": "2",
        "latitude": 21.941488,
        "longitude": 86.681245,
        "status": "Pending"
      }
    },
    {
      "type": "Feature",
      "geometry": {
        "type": "Point",
        "coordinates": [
          79.898392,
          20.190475
        ]
      },
      "properties": {
        "claim_id": "FRA0916",
        "state": "Maharashtra",
        "district": "Gadchiroli",
        "village": "Village_4",
        "claim_type": "CR",
        "claimed_area": "2.59",
        "recorded_area": "2.5",
        "processing_days": "157",
        "current_stage": "DLC",
        "documents_complete": "1",
        "land_record_available": "1",
        "overlap_percentage": "23.21",
        "previous_rejections": "0",
        "latitude": 20.190475,
        "longitude": 79.898392,
        "status": "Rejected"
      }
    },
    {
      "type": "Feature",
      "geometry": {
        "type": "Point",
        "coordinates": [
          82.664624,
          18.930812
        ]
      },
      "properties": {
        "claim_id": "FRA0917",
        "state": "Odisha",
        "district": "Koraput",
        "village": "Village_32",
        "claim_type": "CFR",
        "claimed_area": "6.98",
        "recorded_area": "7.17",
        "processing_days": "70",
        "current_stage": "DLC",
        "documents_complete": "0",
        "land_record_available": "0",
        "overlap_percentage": "76.02",
        "previous_rejections": "2",
        "latitude": 18.930812,
        "longitude": 82.664624,
        "status": "Approved"
      }
    },
    {
      "type": "Feature",
      "geometry": {
        "type": "Point",
        "coordinates": [
          81.964446,
          19.051763
        ]
      },
      "properties": {
        "claim_id": "FRA0918",
        "state": "Chhattisgarh",
        "district": "Bastar",
        "village": "Village_1",
        "claim_type": "CFR",
        "claimed_area": "6.45",
        "recorded_area": "6.64",
        "processing_days": "75",
        "current_stage": "SDLC",
        "documents_complete": "1",
        "land_record_available": "0",
        "overlap_percentage": "82.72",
        "previous_rejections": "0",
        "latitude": 19.051763,
        "longitude": 81.964446,
        "status": "Approved"
      }
    },
    {
      "type": "Feature",
      "geometry": {
        "type": "Point",
        "coordinates": [
          80.076522,
          20.061193
        ]
      },
      "properties": {
        "claim_id": "FRA0919",
        "state": "Maharashtra",
        "district": "Gadchiroli",
        "village": "Village_87",
        "claim_type": "IFR",
        "claimed_area": "2.4",
        "recorded_area": "2.04",
        "processing_days": "134",
        "current_stage": "SDLC",
        "documents_complete": "1",
        "land_record_available": "0",
        "overlap_percentage": "0.02",
        "previous_rejections": "3",
        "latitude": 20.061193,
        "longitude": 80.076522,
        "status": "Pending"
      }
    },
    {
      "type": "Feature",
      "geometry": {
        "type": "Point",
        "coordinates": [
          81.85497,
          19.052196
        ]
      },
      "properties": {
        "claim_id": "FRA0920",
        "state": "Chhattisgarh",
        "district": "Bastar",
        "village": "Village_45",
        "claim_type": "IFR",
        "claimed_area": "9.46",
        "recorded_area": "9.26",
        "processing_days": "82",
        "current_stage": "Title Issued",
        "documents_complete": "1",
        "land_record_available": "0",
        "overlap_percentage": "82.03",
        "previous_rejections": "1",
        "latitude": 19.052196,
        "longitude": 81.85497,
        "status": "Pending"
      }
    },
    {
      "type": "Feature",
      "geometry": {
        "type": "Point",
        "coordinates": [
          85.2834,
          23.211478
        ]
      },
      "properties": {
        "claim_id": "FRA0921",
        "state": "Jharkhand",
        "district": "Ranchi",
        "village": "Village_16",
        "claim_type": "CFR",
        "claimed_area": "5.25",
        "recorded_area": "4.73",
        "processing_days": "148",
        "current_stage": "DLC",
        "documents_complete": "0",
        "land_record_available": "0",
        "overlap_percentage": "39.34",
        "previous_rejections": "1",
        "latitude": 23.211478,
        "longitude": 85.2834,
        "status": "Pending"
      }
    },
    {
      "type": "Feature",
      "geometry": {
        "type": "Point",
        "coordinates": [
          80.422961,
          22.455474
        ]
      },
      "properties": {
        "claim_id": "FRA0922",
        "state": "Madhya Pradesh",
        "district": "Mandla",
        "village": "Village_44",
        "claim_type": "CR",
        "claimed_area": "6.02",
        "recorded_area": "5.47",
        "processing_days": "179",
        "current_stage": "SDLC",
        "documents_complete": "0",
        "land_record_available": "0",
        "overlap_percentage": "84.39",
        "previous_rejections": "0",
        "latitude": 22.455474,
        "longitude": 80.422961,
        "status": "Pending"
      }
    },
    {
      "type": "Feature",
      "geometry": {
        "type": "Point",
        "coordinates": [
          81.813324,
          18.955757
        ]
      },
      "properties": {
        "claim_id": "FRA0923",
        "state": "Chhattisgarh",
        "district": "Bastar",
        "village": "Village_10",
        "claim_type": "CFR",
        "claimed_area": "6.03",
        "recorded_area": "5.17",
        "processing_days": "128",
        "current_stage": "SDLC",
        "documents_complete": "1",
        "land_record_available": "0",
        "overlap_percentage": "34.71",
        "previous_rejections": "0",
        "latitude": 18.955757,
        "longitude": 81.813324,
        "status": "Rejected"
      }
    },
    {
      "type": "Feature",
      "geometry": {
        "type": "Point",
        "coordinates": [
          80.165242,
          21.897282
        ]
      },
      "properties": {
        "claim_id": "FRA0924",
        "state": "Madhya Pradesh",
        "district": "Balaghat",
        "village": "Village_86",
        "claim_type": "IFR",
        "claimed_area": "8.78",
        "recorded_area": "8.76",
        "processing_days": "159",
        "current_stage": "Title Issued",
        "documents_complete": "0",
        "land_record_available": "1",
        "overlap_percentage": "88.65",
        "previous_rejections": "0",
        "latitude": 21.897282,
        "longitude": 80.165242,
        "status": "Approved"
      }
    },
    {
      "type": "Feature",
      "geometry": {
        "type": "Point",
        "coordinates": [
          81.399406,
          20.334409
        ]
      },
      "properties": {
        "claim_id": "FRA0925",
        "state": "Chhattisgarh",
        "district": "Kanker",
        "village": "Village_41",
        "claim_type": "CFR",
        "claimed_area": "9.82",
        "recorded_area": "8.49",
        "processing_days": "45",
        "current_stage": "DLC",
        "documents_complete": "0",
        "land_record_available": "0",
        "overlap_percentage": "58.8",
        "previous_rejections": "3",
        "latitude": 20.334409,
        "longitude": 81.399406,
        "status": "Rejected"
      }
    },
    {
      "type": "Feature",
      "geometry": {
        "type": "Point",
        "coordinates": [
          80.9407,
          23.055147
        ]
      },
      "properties": {
        "claim_id": "FRA0926",
        "state": "Madhya Pradesh",
        "district": "Dindori",
        "village": "Village_45",
        "claim_type": "CR",
        "claimed_area": "3.32",
        "recorded_area": "3.37",
        "processing_days": "97",
        "current_stage": "Gram Sabha",
        "documents_complete": "0",
        "land_record_available": "1",
        "overlap_percentage": "64.42",
        "previous_rejections": "3",
        "latitude": 23.055147,
        "longitude": 80.9407,
        "status": "Approved"
      }
    },
    {
      "type": "Feature",
      "geometry": {
        "type": "Point",
        "coordinates": [
          80.234023,
          22.628148
        ]
      },
      "properties": {
        "claim_id": "FRA0927",
        "state": "Madhya Pradesh",
        "district": "Mandla",
        "village": "Village_3",
        "claim_type": "IFR",
        "claimed_area": "9.03",
        "recorded_area": "8.83",
        "processing_days": "46",
        "current_stage": "DLC",
        "documents_complete": "0",
        "land_record_available": "0",
        "overlap_percentage": "1.76",
        "previous_rejections": "2",
        "latitude": 22.628148,
        "longitude": 80.234023,
        "status": "Rejected"
      }
    },
    {
      "type": "Feature",
      "geometry": {
        "type": "Point",
        "coordinates": [
          83.329463,
          23.008038
        ]
      },
      "properties": {
        "claim_id": "FRA0928",
        "state": "Chhattisgarh",
        "district": "Surguja",
        "village": "Village_1",
        "claim_type": "CR",
        "claimed_area": "8.25",
        "recorded_area": "8.15",
        "processing_days": "82",
        "current_stage": "Gram Sabha",
        "documents_complete": "1",
        "land_record_available": "0",
        "overlap_percentage": "52.92",
        "previous_rejections": "2",
        "latitude": 23.008038,
        "longitude": 83.329463,
        "status": "Pending"
      }
    },
    {
      "type": "Feature",
      "geometry": {
        "type": "Point",
        "coordinates": [
          85.241767,
          23.199137
        ]
      },
      "properties": {
        "claim_id": "FRA0929",
        "state": "Jharkhand",
        "district": "Ranchi",
        "village": "Village_76",
        "claim_type": "CR",
        "claimed_area": "7.18",
        "recorded_area": "7.27",
        "processing_days": "164",
        "current_stage": "Title Issued",
        "documents_complete": "1",
        "land_record_available": "1",
        "overlap_percentage": "87.6",
        "previous_rejections": "1",
        "latitude": 23.199137,
        "longitude": 85.241767,
        "status": "Pending"
      }
    },
    {
      "type": "Feature",
      "geometry": {
        "type": "Point",
        "coordinates": [
          81.344401,
          20.3369
        ]
      },
      "properties": {
        "claim_id": "FRA0930",
        "state": "Chhattisgarh",
        "district": "Kanker",
        "village": "Village_38",
        "claim_type": "IFR",
        "claimed_area": "3.04",
        "recorded_area": "2.71",
        "processing_days": "138",
        "current_stage": "Gram Sabha",
        "documents_complete": "1",
        "land_record_available": "0",
        "overlap_percentage": "76.81",
        "previous_rejections": "1",
        "latitude": 20.3369,
        "longitude": 81.344401,
        "status": "Rejected"
      }
    },
    {
      "type": "Feature",
      "geometry": {
        "type": "Point",
        "coordinates": [
          84.575306,
          22.573928
        ]
      },
      "properties": {
        "claim_id": "FRA0931",
        "state": "Jharkhand",
        "district": "Simdega",
        "village": "Village_31",
        "claim_type": "CFR",
        "claimed_area": "6.9",
        "recorded_area": "6.31",
        "processing_days": "118",
        "current_stage": "Title Issued",
        "documents_complete": "0",
        "land_record_available": "0",
        "overlap_percentage": "32.57",
        "previous_rejections": "1",
        "latitude": 22.573928,
        "longitude": 84.575306,
        "status": "Approved"
      }
    },
    {
      "type": "Feature",
      "geometry": {
        "type": "Point",
        "coordinates": [
          80.250216,
          21.86152
        ]
      },
      "properties": {
        "claim_id": "FRA0932",
        "state": "Madhya Pradesh",
        "district": "Balaghat",
        "village": "Village_19",
        "claim_type": "CR",
        "claimed_area": "7.31",
        "recorded_area": "7.05",
        "processing_days": "32",
        "current_stage": "Title Issued",
        "documents_complete": "1",
        "land_record_available": "1",
        "overlap_percentage": "8.43",
        "previous_rejections": "3",
        "latitude": 21.86152,
        "longitude": 80.250216,
        "status": "Pending"
      }
    },
    {
      "type": "Feature",
      "geometry": {
        "type": "Point",
        "coordinates": [
          81.844627,
          19.038256
        ]
      },
      "properties": {
        "claim_id": "FRA0933",
        "state": "Chhattisgarh",
        "district": "Bastar",
        "village": "Village_31",
        "claim_type": "CFR",
        "claimed_area": "7.03",
        "recorded_area": "7.11",
        "processing_days": "161",
        "current_stage": "DLC",
        "documents_complete": "1",
        "land_record_available": "0",
        "overlap_percentage": "57.08",
        "previous_rejections": "3",
        "latitude": 19.038256,
        "longitude": 81.844627,
        "status": "Pending"
      }
    },
    {
      "type": "Feature",
      "geometry": {
        "type": "Point",
        "coordinates": [
          83.344945,
          22.912786
        ]
      },
      "properties": {
        "claim_id": "FRA0934",
        "state": "Chhattisgarh",
        "district": "Surguja",
        "village": "Village_17",
        "claim_type": "CFR",
        "claimed_area": "1.59",
        "recorded_area": "1.57",
        "processing_days": "135",
        "current_stage": "SDLC",
        "documents_complete": "1",
        "land_record_available": "0",
        "overlap_percentage": "20.11",
        "previous_rejections": "1",
        "latitude": 22.912786,
        "longitude": 83.344945,
        "status": "Approved"
      }
    },
    {
      "type": "Feature",
      "geometry": {
        "type": "Point",
        "coordinates": [
          81.957918,
          19.170452
        ]
      },
      "properties": {
        "claim_id": "FRA0935",
        "state": "Chhattisgarh",
        "district": "Bastar",
        "village": "Village_38",
        "claim_type": "IFR",
        "claimed_area": "2.29",
        "recorded_area": "2.23",
        "processing_days": "90",
        "current_stage": "DLC",
        "documents_complete": "1",
        "land_record_available": "1",
        "overlap_percentage": "27.94",
        "previous_rejections": "0",
        "latitude": 19.170452,
        "longitude": 81.957918,
        "status": "Rejected"
      }
    },
    {
      "type": "Feature",
      "geometry": {
        "type": "Point",
        "coordinates": [
          81.188439,
          22.909575
        ]
      },
      "properties": {
        "claim_id": "FRA0936",
        "state": "Madhya Pradesh",
        "district": "Dindori",
        "village": "Village_34",
        "claim_type": "IFR",
        "claimed_area": "6.53",
        "recorded_area": "6.81",
        "processing_days": "33",
        "current_stage": "Gram Sabha",
        "documents_complete": "1",
        "land_record_available": "1",
        "overlap_percentage": "4.17",
        "previous_rejections": "2",
        "latitude": 22.909575,
        "longitude": 81.188439,
        "status": "Rejected"
      }
    },
    {
      "type": "Feature",
      "geometry": {
        "type": "Point",
        "coordinates": [
          85.395916,
          23.207957
        ]
      },
      "properties": {
        "claim_id": "FRA0937",
        "state": "Jharkhand",
        "district": "Ranchi",
        "village": "Village_23",
        "claim_type": "CFR",
        "claimed_area": "3.04",
        "recorded_area": "2.67",
        "processing_days": "90",
        "current_stage": "SDLC",
        "documents_complete": "0",
        "land_record_available": "0",
        "overlap_percentage": "28.97",
        "previous_rejections": "3",
        "latitude": 23.207957,
        "longitude": 85.395916,
        "status": "Pending"
      }
    },
    {
      "type": "Feature",
      "geometry": {
        "type": "Point",
        "coordinates": [
          80.099663,
          20.29797
        ]
      },
      "properties": {
        "claim_id": "FRA0938",
        "state": "Maharashtra",
        "district": "Gadchiroli",
        "village": "Village_16",
        "claim_type": "IFR",
        "claimed_area": "4.52",
        "recorded_area": "4.14",
        "processing_days": "28",
        "current_stage": "Gram Sabha",
        "documents_complete": "1",
        "land_record_available": "1",
        "overlap_percentage": "83.17",
        "previous_rejections": "2",
        "latitude": 20.29797,
        "longitude": 80.099663,
        "status": "Rejected"
      }
    },
    {
      "type": "Feature",
      "geometry": {
        "type": "Point",
        "coordinates": [
          74.225471,
          21.399202
        ]
      },
      "properties": {
        "claim_id": "FRA0939",
        "state": "Maharashtra",
        "district": "Nandurbar",
        "village": "Village_63",
        "claim_type": "CR",
        "claimed_area": "8.36",
        "recorded_area": "7.58",
        "processing_days": "115",
        "current_stage": "Title Issued",
        "documents_complete": "0",
        "land_record_available": "1",
        "overlap_percentage": "53.14",
        "previous_rejections": "1",
        "latitude": 21.399202,
        "longitude": 74.225471,
        "status": "Approved"
      }
    },
    {
      "type": "Feature",
      "geometry": {
        "type": "Point",
        "coordinates": [
          84.608288,
          22.984196
        ]
      },
      "properties": {
        "claim_id": "FRA0940",
        "state": "Jharkhand",
        "district": "Gumla",
        "village": "Village_6",
        "claim_type": "CFR",
        "claimed_area": "3.92",
        "recorded_area": "3.52",
        "processing_days": "51",
        "current_stage": "Title Issued",
        "documents_complete": "0",
        "land_record_available": "1",
        "overlap_percentage": "82.45",
        "previous_rejections": "3",
        "latitude": 22.984196,
        "longitude": 84.608288,
        "status": "Pending"
      }
    },
    {
      "type": "Feature",
      "geometry": {
        "type": "Point",
        "coordinates": [
          84.68957,
          22.991034
        ]
      },
      "properties": {
        "claim_id": "FRA0941",
        "state": "Jharkhand",
        "district": "Gumla",
        "village": "Village_93",
        "claim_type": "CR",
        "claimed_area": "2.96",
        "recorded_area": "2.92",
        "processing_days": "78",
        "current_stage": "SDLC",
        "documents_complete": "1",
        "land_record_available": "1",
        "overlap_percentage": "70.09",
        "previous_rejections": "3",
        "latitude": 22.991034,
        "longitude": 84.68957,
        "status": "Approved"
      }
    },
    {
      "type": "Feature",
      "geometry": {
        "type": "Point",
        "coordinates": [
          84.630442,
          23.16778
        ]
      },
      "properties": {
        "claim_id": "FRA0942",
        "state": "Jharkhand",
        "district": "Gumla",
        "village": "Village_34",
        "claim_type": "CFR",
        "claimed_area": "9.7",
        "recorded_area": "10.08",
        "processing_days": "24",
        "current_stage": "Title Issued",
        "documents_complete": "0",
        "land_record_available": "1",
        "overlap_percentage": "28.08",
        "previous_rejections": "3",
        "latitude": 23.16778,
        "longitude": 84.630442,
        "status": "Rejected"
      }
    },
    {
      "type": "Feature",
      "geometry": {
        "type": "Point",
        "coordinates": [
          73.826918,
          20.139131
        ]
      },
      "properties": {
        "claim_id": "FRA0943",
        "state": "Maharashtra",
        "district": "Nashik",
        "village": "Village_20",
        "claim_type": "CFR",
        "claimed_area": "5.87",
        "recorded_area": "6.1",
        "processing_days": "112",
        "current_stage": "Title Issued",
        "documents_complete": "0",
        "land_record_available": "0",
        "overlap_percentage": "43.56",
        "previous_rejections": "0",
        "latitude": 20.139131,
        "longitude": 73.826918,
        "status": "Pending"
      }
    },
    {
      "type": "Feature",
      "geometry": {
        "type": "Point",
        "coordinates": [
          81.589561,
          20.411126
        ]
      },
      "properties": {
        "claim_id": "FRA0944",
        "state": "Chhattisgarh",
        "district": "Kanker",
        "village": "Village_92",
        "claim_type": "IFR",
        "claimed_area": "6.71",
        "recorded_area": "6.94",
        "processing_days": "131",
        "current_stage": "Gram Sabha",
        "documents_complete": "0",
        "land_record_available": "0",
        "overlap_percentage": "14.91",
        "previous_rejections": "2",
        "latitude": 20.411126,
        "longitude": 81.589561,
        "status": "Approved"
      }
    },
    {
      "type": "Feature",
      "geometry": {
        "type": "Point",
        "coordinates": [
          73.643486,
          19.866989
        ]
      },
      "properties": {
        "claim_id": "FRA0945",
        "state": "Maharashtra",
        "district": "Nashik",
        "village": "Village_95",
        "claim_type": "IFR",
        "claimed_area": "9.05",
        "recorded_area": "9.31",
        "processing_days": "103",
        "current_stage": "DLC",
        "documents_complete": "0",
        "land_record_available": "1",
        "overlap_percentage": "87.94",
        "previous_rejections": "1",
        "latitude": 19.866989,
        "longitude": 73.643486,
        "status": "Approved"
      }
    },
    {
      "type": "Feature",
      "geometry": {
        "type": "Point",
        "coordinates": [
          85.209969,
          23.293541
        ]
      },
      "properties": {
        "claim_id": "FRA0946",
        "state": "Jharkhand",
        "district": "Ranchi",
        "village": "Village_84",
        "claim_type": "CFR",
        "claimed_area": "9.72",
        "recorded_area": "10.01",
        "processing_days": "68",
        "current_stage": "Title Issued",
        "documents_complete": "1",
        "land_record_available": "0",
        "overlap_percentage": "58.48",
        "previous_rejections": "0",
        "latitude": 23.293541,
        "longitude": 85.209969,
        "status": "Pending"
      }
    },
    {
      "type": "Feature",
      "geometry": {
        "type": "Point",
        "coordinates": [
          85.429786,
          23.26185
        ]
      },
      "properties": {
        "claim_id": "FRA0947",
        "state": "Jharkhand",
        "district": "Ranchi",
        "village": "Village_27",
        "claim_type": "IFR",
        "claimed_area": "8.88",
        "recorded_area": "8.8",
        "processing_days": "59",
        "current_stage": "SDLC",
        "documents_complete": "0",
        "land_record_available": "1",
        "overlap_percentage": "26.44",
        "previous_rejections": "3",
        "latitude": 23.26185,
        "longitude": 85.429786,
        "status": "Rejected"
      }
    },
    {
      "type": "Feature",
      "geometry": {
        "type": "Point",
        "coordinates": [
          82.042842,
          19.034641
        ]
      },
      "properties": {
        "claim_id": "FRA0948",
        "state": "Chhattisgarh",
        "district": "Bastar",
        "village": "Village_63",
        "claim_type": "CFR",
        "claimed_area": "9.23",
        "recorded_area": "8.48",
        "processing_days": "144",
        "current_stage": "SDLC",
        "documents_complete": "0",
        "land_record_available": "1",
        "overlap_percentage": "88.7",
        "previous_rejections": "2",
        "latitude": 19.034641,
        "longitude": 82.042842,
        "status": "Approved"
      }
    },
    {
      "type": "Feature",
      "geometry": {
        "type": "Point",
        "coordinates": [
          80.270096,
          21.685506
        ]
      },
      "properties": {
        "claim_id": "FRA0949",
        "state": "Madhya Pradesh",
        "district": "Balaghat",
        "village": "Village_79",
        "claim_type": "CR",
        "claimed_area": "6.78",
        "recorded_area": "6.58",
        "processing_days": "40",
        "current_stage": "DLC",
        "documents_complete": "1",
        "land_record_available": "0",
        "overlap_percentage": "88.91",
        "previous_rejections": "0",
        "latitude": 21.685506,
        "longitude": 80.270096,
        "status": "Approved"
      }
    },
    {
      "type": "Feature",
      "geometry": {
        "type": "Point",
        "coordinates": [
          80.048757,
          21.85301
        ]
      },
      "properties": {
        "claim_id": "FRA0950",
        "state": "Madhya Pradesh",
        "district": "Balaghat",
        "village": "Village_63",
        "claim_type": "IFR",
        "claimed_area": "6.87",
        "recorded_area": "6.93",
        "processing_days": "26",
        "current_stage": "SDLC",
        "documents_complete": "0",
        "land_record_available": "1",
        "overlap_percentage": "40.49",
        "previous_rejections": "0",
        "latitude": 21.85301,
        "longitude": 80.048757,
        "status": "Rejected"
      }
    },
    {
      "type": "Feature",
      "geometry": {
        "type": "Point",
        "coordinates": [
          80.451842,
          22.560511
        ]
      },
      "properties": {
        "claim_id": "FRA0951",
        "state": "Madhya Pradesh",
        "district": "Mandla",
        "village": "Village_29",
        "claim_type": "IFR",
        "claimed_area": "4.49",
        "recorded_area": "4.44",
        "processing_days": "84",
        "current_stage": "Title Issued",
        "documents_complete": "0",
        "land_record_available": "1",
        "overlap_percentage": "55.52",
        "previous_rejections": "3",
        "latitude": 22.560511,
        "longitude": 80.451842,
        "status": "Rejected"
      }
    },
    {
      "type": "Feature",
      "geometry": {
        "type": "Point",
        "coordinates": [
          84.497349,
          23.007666
        ]
      },
      "properties": {
        "claim_id": "FRA0952",
        "state": "Jharkhand",
        "district": "Gumla",
        "village": "Village_52",
        "claim_type": "CFR",
        "claimed_area": "9.85",
        "recorded_area": "8.71",
        "processing_days": "112",
        "current_stage": "SDLC",
        "documents_complete": "0",
        "land_record_available": "1",
        "overlap_percentage": "88.08",
        "previous_rejections": "1",
        "latitude": 23.007666,
        "longitude": 84.497349,
        "status": "Approved"
      }
    },
    {
      "type": "Feature",
      "geometry": {
        "type": "Point",
        "coordinates": [
          84.40541,
          23.017121
        ]
      },
      "properties": {
        "claim_id": "FRA0953",
        "state": "Jharkhand",
        "district": "Gumla",
        "village": "Village_92",
        "claim_type": "CFR",
        "claimed_area": "8.45",
        "recorded_area": "7.53",
        "processing_days": "97",
        "current_stage": "SDLC",
        "documents_complete": "1",
        "land_record_available": "1",
        "overlap_percentage": "42.69",
        "previous_rejections": "2",
        "latitude": 23.017121,
        "longitude": 84.40541,
        "status": "Pending"
      }
    },
    {
      "type": "Feature",
      "geometry": {
        "type": "Point",
        "coordinates": [
          81.066519,
          22.951373
        ]
      },
      "properties": {
        "claim_id": "FRA0954",
        "state": "Madhya Pradesh",
        "district": "Dindori",
        "village": "Village_33",
        "claim_type": "IFR",
        "claimed_area": "5.56",
        "recorded_area": "5.5",
        "processing_days": "29",
        "current_stage": "DLC",
        "documents_complete": "0",
        "land_record_available": "1",
        "overlap_percentage": "69.21",
        "previous_rejections": "0",
        "latitude": 22.951373,
        "longitude": 81.066519,
        "status": "Rejected"
      }
    },
    {
      "type": "Feature",
      "geometry": {
        "type": "Point",
        "coordinates": [
          86.604767,
          21.918435
        ]
      },
      "properties": {
        "claim_id": "FRA0955",
        "state": "Odisha",
        "district": "Mayurbhanj",
        "village": "Village_89",
        "claim_type": "CFR",
        "claimed_area": "1.51",
        "recorded_area": "1.41",
        "processing_days": "29",
        "current_stage": "Title Issued",
        "documents_complete": "1",
        "land_record_available": "1",
        "overlap_percentage": "35.03",
        "previous_rejections": "1",
        "latitude": 21.918435,
        "longitude": 86.604767,
        "status": "Pending"
      }
    },
    {
      "type": "Feature",
      "geometry": {
        "type": "Point",
        "coordinates": [
          81.40544,
          20.341589
        ]
      },
      "properties": {
        "claim_id": "FRA0956",
        "state": "Chhattisgarh",
        "district": "Kanker",
        "village": "Village_26",
        "claim_type": "CR",
        "claimed_area": "4.53",
        "recorded_area": "4.27",
        "processing_days": "109",
        "current_stage": "DLC",
        "documents_complete": "0",
        "land_record_available": "1",
        "overlap_percentage": "77.34",
        "previous_rejections": "0",
        "latitude": 20.341589,
        "longitude": 81.40544,
        "status": "Approved"
      }
    },
    {
      "type": "Feature",
      "geometry": {
        "type": "Point",
        "coordinates": [
          81.535429,
          20.370995
        ]
      },
      "properties": {
        "claim_id": "FRA0957",
        "state": "Chhattisgarh",
        "district": "Kanker",
        "village": "Village_83",
        "claim_type": "CR",
        "claimed_area": "1.35",
        "recorded_area": "1.39",
        "processing_days": "136",
        "current_stage": "Gram Sabha",
        "documents_complete": "1",
        "land_record_available": "0",
        "overlap_percentage": "17.59",
        "previous_rejections": "1",
        "latitude": 20.370995,
        "longitude": 81.535429,
        "status": "Approved"
      }
    },
    {
      "type": "Feature",
      "geometry": {
        "type": "Point",
        "coordinates": [
          84.427985,
          22.689291
        ]
      },
      "properties": {
        "claim_id": "FRA0958",
        "state": "Jharkhand",
        "district": "Simdega",
        "village": "Village_27",
        "claim_type": "CFR",
        "claimed_area": "4.85",
        "recorded_area": "4.97",
        "processing_days": "93",
        "current_stage": "SDLC",
        "documents_complete": "1",
        "land_record_available": "0",
        "overlap_percentage": "79.52",
        "previous_rejections": "3",
        "latitude": 22.689291,
        "longitude": 84.427985,
        "status": "Rejected"
      }
    },
    {
      "type": "Feature",
      "geometry": {
        "type": "Point",
        "coordinates": [
          81.576126,
          20.215174
        ]
      },
      "properties": {
        "claim_id": "FRA0959",
        "state": "Chhattisgarh",
        "district": "Kanker",
        "village": "Village_18",
        "claim_type": "CFR",
        "claimed_area": "8.06",
        "recorded_area": "7.68",
        "processing_days": "25",
        "current_stage": "DLC",
        "documents_complete": "1",
        "land_record_available": "1",
        "overlap_percentage": "47.59",
        "previous_rejections": "2",
        "latitude": 20.215174,
        "longitude": 81.576126,
        "status": "Rejected"
      }
    },
    {
      "type": "Feature",
      "geometry": {
        "type": "Point",
        "coordinates": [
          83.157374,
          23.028964
        ]
      },
      "properties": {
        "claim_id": "FRA0960",
        "state": "Chhattisgarh",
        "district": "Surguja",
        "village": "Village_39",
        "claim_type": "IFR",
        "claimed_area": "2.43",
        "recorded_area": "2.43",
        "processing_days": "30",
        "current_stage": "DLC",
        "documents_complete": "0",
        "land_record_available": "1",
        "overlap_percentage": "27.19",
        "previous_rejections": "2",
        "latitude": 23.028964,
        "longitude": 83.157374,
        "status": "Approved"
      }
    },
    {
      "type": "Feature",
      "geometry": {
        "type": "Point",
        "coordinates": [
          82.77858,
          18.692012
        ]
      },
      "properties": {
        "claim_id": "FRA0961",
        "state": "Odisha",
        "district": "Koraput",
        "village": "Village_34",
        "claim_type": "IFR",
        "claimed_area": "9.32",
        "recorded_area": "9.23",
        "processing_days": "179",
        "current_stage": "Gram Sabha",
        "documents_complete": "1",
        "land_record_available": "0",
        "overlap_percentage": "26.17",
        "previous_rejections": "2",
        "latitude": 18.692012,
        "longitude": 82.77858,
        "status": "Approved"
      }
    },
    {
      "type": "Feature",
      "geometry": {
        "type": "Point",
        "coordinates": [
          81.156038,
          22.831349
        ]
      },
      "properties": {
        "claim_id": "FRA0962",
        "state": "Madhya Pradesh",
        "district": "Dindori",
        "village": "Village_7",
        "claim_type": "CFR",
        "claimed_area": "2.26",
        "recorded_area": "2.32",
        "processing_days": "125",
        "current_stage": "Title Issued",
        "documents_complete": "1",
        "land_record_available": "0",
        "overlap_percentage": "81.48",
        "previous_rejections": "0",
        "latitude": 22.831349,
        "longitude": 81.156038,
        "status": "Rejected"
      }
    },
    {
      "type": "Feature",
      "geometry": {
        "type": "Point",
        "coordinates": [
          84.488471,
          23.058985
        ]
      },
      "properties": {
        "claim_id": "FRA0963",
        "state": "Jharkhand",
        "district": "Gumla",
        "village": "Village_85",
        "claim_type": "CFR",
        "claimed_area": "1.65",
        "recorded_area": "1.69",
        "processing_days": "135",
        "current_stage": "Title Issued",
        "documents_complete": "1",
        "land_record_available": "1",
        "overlap_percentage": "37.05",
        "previous_rejections": "3",
        "latitude": 23.058985,
        "longitude": 84.488471,
        "status": "Rejected"
      }
    },
    {
      "type": "Feature",
      "geometry": {
        "type": "Point",
        "coordinates": [
          73.879554,
          19.973061
        ]
      },
      "properties": {
        "claim_id": "FRA0964",
        "state": "Maharashtra",
        "district": "Nashik",
        "village": "Village_84",
        "claim_type": "CR",
        "claimed_area": "6.85",
        "recorded_area": "6.84",
        "processing_days": "85",
        "current_stage": "Title Issued",
        "documents_complete": "0",
        "land_record_available": "0",
        "overlap_percentage": "26.88",
        "previous_rejections": "1",
        "latitude": 19.973061,
        "longitude": 73.879554,
        "status": "Rejected"
      }
    },
    {
      "type": "Feature",
      "geometry": {
        "type": "Point",
        "coordinates": [
          85.372129,
          23.46221
        ]
      },
      "properties": {
        "claim_id": "FRA0965",
        "state": "Jharkhand",
        "district": "Ranchi",
        "village": "Village_12",
        "claim_type": "CR",
        "claimed_area": "5.08",
        "recorded_area": "5.31",
        "processing_days": "169",
        "current_stage": "SDLC",
        "documents_complete": "1",
        "land_record_available": "1",
        "overlap_percentage": "13.42",
        "previous_rejections": "1",
        "latitude": 23.46221,
        "longitude": 85.372129,
        "status": "Pending"
      }
    },
    {
      "type": "Feature",
      "geometry": {
        "type": "Point",
        "coordinates": [
          80.205158,
          21.776844
        ]
      },
      "properties": {
        "claim_id": "FRA0966",
        "state": "Madhya Pradesh",
        "district": "Balaghat",
        "village": "Village_53",
        "claim_type": "CR",
        "claimed_area": "3.81",
        "recorded_area": "3.92",
        "processing_days": "168",
        "current_stage": "DLC",
        "documents_complete": "1",
        "land_record_available": "0",
        "overlap_percentage": "82.81",
        "previous_rejections": "1",
        "latitude": 21.776844,
        "longitude": 80.205158,
        "status": "Approved"
      }
    },
    {
      "type": "Feature",
      "geometry": {
        "type": "Point",
        "coordinates": [
          81.056922,
          23.05602
        ]
      },
      "properties": {
        "claim_id": "FRA0967",
        "state": "Madhya Pradesh",
        "district": "Dindori",
        "village": "Village_16",
        "claim_type": "IFR",
        "claimed_area": "2.69",
        "recorded_area": "2.44",
        "processing_days": "122",
        "current_stage": "DLC",
        "documents_complete": "0",
        "land_record_available": "0",
        "overlap_percentage": "28.47",
        "previous_rejections": "1",
        "latitude": 23.05602,
        "longitude": 81.056922,
        "status": "Rejected"
      }
    },
    {
      "type": "Feature",
      "geometry": {
        "type": "Point",
        "coordinates": [
          80.402228,
          22.595755
        ]
      },
      "properties": {
        "claim_id": "FRA0968",
        "state": "Madhya Pradesh",
        "district": "Mandla",
        "village": "Village_3",
        "claim_type": "CFR",
        "claimed_area": "8.72",
        "recorded_area": "8.17",
        "processing_days": "117",
        "current_stage": "Title Issued",
        "documents_complete": "0",
        "land_record_available": "1",
        "overlap_percentage": "89.25",
        "previous_rejections": "0",
        "latitude": 22.595755,
        "longitude": 80.402228,
        "status": "Pending"
      }
    },
    {
      "type": "Feature",
      "geometry": {
        "type": "Point",
        "coordinates": [
          85.390964,
          23.480995
        ]
      },
      "properties": {
        "claim_id": "FRA0969",
        "state": "Jharkhand",
        "district": "Ranchi",
        "village": "Village_84",
        "claim_type": "CFR",
        "claimed_area": "1.17",
        "recorded_area": "1.02",
        "processing_days": "79",
        "current_stage": "SDLC",
        "documents_complete": "0",
        "land_record_available": "0",
        "overlap_percentage": "3.07",
        "previous_rejections": "0",
        "latitude": 23.480995,
        "longitude": 85.390964,
        "status": "Approved"
      }
    },
    {
      "type": "Feature",
      "geometry": {
        "type": "Point",
        "coordinates": [
          73.812851,
          19.905287
        ]
      },
      "properties": {
        "claim_id": "FRA0970",
        "state": "Maharashtra",
        "district": "Nashik",
        "village": "Village_95",
        "claim_type": "IFR",
        "claimed_area": "7.0",
        "recorded_area": "6.15",
        "processing_days": "31",
        "current_stage": "DLC",
        "documents_complete": "1",
        "land_record_available": "1",
        "overlap_percentage": "64.23",
        "previous_rejections": "3",
        "latitude": 19.905287,
        "longitude": 73.812851,
        "status": "Approved"
      }
    },
    {
      "type": "Feature",
      "geometry": {
        "type": "Point",
        "coordinates": [
          83.344575,
          22.989661
        ]
      },
      "properties": {
        "claim_id": "FRA0971",
        "state": "Chhattisgarh",
        "district": "Surguja",
        "village": "Village_7",
        "claim_type": "CFR",
        "claimed_area": "3.6",
        "recorded_area": "3.72",
        "processing_days": "178",
        "current_stage": "SDLC",
        "documents_complete": "0",
        "land_record_available": "1",
        "overlap_percentage": "19.03",
        "previous_rejections": "2",
        "latitude": 22.989661,
        "longitude": 83.344575,
        "status": "Approved"
      }
    },
    {
      "type": "Feature",
      "geometry": {
        "type": "Point",
        "coordinates": [
          85.531852,
          21.559973
        ]
      },
      "properties": {
        "claim_id": "FRA0972",
        "state": "Odisha",
        "district": "Keonjhar",
        "village": "Village_49",
        "claim_type": "IFR",
        "claimed_area": "7.66",
        "recorded_area": "7.18",
        "processing_days": "68",
        "current_stage": "SDLC",
        "documents_complete": "1",
        "land_record_available": "0",
        "overlap_percentage": "70.75",
        "previous_rejections": "3",
        "latitude": 21.559973,
        "longitude": 85.531852,
        "status": "Pending"
      }
    },
    {
      "type": "Feature",
      "geometry": {
        "type": "Point",
        "coordinates": [
          85.382195,
          23.248501
        ]
      },
      "properties": {
        "claim_id": "FRA0973",
        "state": "Jharkhand",
        "district": "Ranchi",
        "village": "Village_36",
        "claim_type": "IFR",
        "claimed_area": "9.79",
        "recorded_area": "9.55",
        "processing_days": "29",
        "current_stage": "DLC",
        "documents_complete": "0",
        "land_record_available": "1",
        "overlap_percentage": "23.11",
        "previous_rejections": "1",
        "latitude": 23.248501,
        "longitude": 85.382195,
        "status": "Approved"
      }
    },
    {
      "type": "Feature",
      "geometry": {
        "type": "Point",
        "coordinates": [
          81.938472,
          19.108698
        ]
      },
      "properties": {
        "claim_id": "FRA0974",
        "state": "Chhattisgarh",
        "district": "Bastar",
        "village": "Village_99",
        "claim_type": "IFR",
        "claimed_area": "2.72",
        "recorded_area": "2.78",
        "processing_days": "177",
        "current_stage": "SDLC",
        "documents_complete": "1",
        "land_record_available": "1",
        "overlap_percentage": "25.72",
        "previous_rejections": "2",
        "latitude": 19.108698,
        "longitude": 81.938472,
        "status": "Approved"
      }
    },
    {
      "type": "Feature",
      "geometry": {
        "type": "Point",
        "coordinates": [
          80.09189,
          21.87603
        ]
      },
      "properties": {
        "claim_id": "FRA0975",
        "state": "Madhya Pradesh",
        "district": "Balaghat",
        "village": "Village_55",
        "claim_type": "CFR",
        "claimed_area": "1.8",
        "recorded_area": "1.69",
        "processing_days": "96",
        "current_stage": "Title Issued",
        "documents_complete": "1",
        "land_record_available": "1",
        "overlap_percentage": "86.72",
        "previous_rejections": "2",
        "latitude": 21.87603,
        "longitude": 80.09189,
        "status": "Pending"
      }
    },
    {
      "type": "Feature",
      "geometry": {
        "type": "Point",
        "coordinates": [
          82.702219,
          18.951535
        ]
      },
      "properties": {
        "claim_id": "FRA0976",
        "state": "Odisha",
        "district": "Koraput",
        "village": "Village_31",
        "claim_type": "CR",
        "claimed_area": "1.81",
        "recorded_area": "1.82",
        "processing_days": "180",
        "current_stage": "Gram Sabha",
        "documents_complete": "1",
        "land_record_available": "1",
        "overlap_percentage": "75.79",
        "previous_rejections": "1",
        "latitude": 18.951535,
        "longitude": 82.702219,
        "status": "Pending"
      }
    },
    {
      "type": "Feature",
      "geometry": {
        "type": "Point",
        "coordinates": [
          81.397513,
          20.370453
        ]
      },
      "properties": {
        "claim_id": "FRA0977",
        "state": "Chhattisgarh",
        "district": "Kanker",
        "village": "Village_98",
        "claim_type": "CFR",
        "claimed_area": "1.5",
        "recorded_area": "1.45",
        "processing_days": "72",
        "current_stage": "Gram Sabha",
        "documents_complete": "1",
        "land_record_available": "0",
        "overlap_percentage": "14.8",
        "previous_rejections": "2",
        "latitude": 20.370453,
        "longitude": 81.397513,
        "status": "Rejected"
      }
    },
    {
      "type": "Feature",
      "geometry": {
        "type": "Point",
        "coordinates": [
          83.102751,
          22.865724
        ]
      },
      "properties": {
        "claim_id": "FRA0978",
        "state": "Chhattisgarh",
        "district": "Surguja",
        "village": "Village_99",
        "claim_type": "IFR",
        "claimed_area": "4.27",
        "recorded_area": "4.15",
        "processing_days": "170",
        "current_stage": "Gram Sabha",
        "documents_complete": "1",
        "land_record_available": "1",
        "overlap_percentage": "70.84",
        "previous_rejections": "2",
        "latitude": 22.865724,
        "longitude": 83.102751,
        "status": "Approved"
      }
    },
    {
      "type": "Feature",
      "geometry": {
        "type": "Point",
        "coordinates": [
          84.490134,
          22.959472
        ]
      },
      "properties": {
        "claim_id": "FRA0979",
        "state": "Jharkhand",
        "district": "Gumla",
        "village": "Village_65",
        "claim_type": "CFR",
        "claimed_area": "6.84",
        "recorded_area": "5.96",
        "processing_days": "70",
        "current_stage": "SDLC",
        "documents_complete": "0",
        "land_record_available": "1",
        "overlap_percentage": "7.91",
        "previous_rejections": "2",
        "latitude": 22.959472,
        "longitude": 84.490134,
        "status": "Rejected"
      }
    },
    {
      "type": "Feature",
      "geometry": {
        "type": "Point",
        "coordinates": [
          84.525129,
          22.964715
        ]
      },
      "properties": {
        "claim_id": "FRA0980",
        "state": "Jharkhand",
        "district": "Gumla",
        "village": "Village_98",
        "claim_type": "IFR",
        "claimed_area": "7.4",
        "recorded_area": "7.38",
        "processing_days": "57",
        "current_stage": "DLC",
        "documents_complete": "0",
        "land_record_available": "1",
        "overlap_percentage": "37.03",
        "previous_rejections": "1",
        "latitude": 22.964715,
        "longitude": 84.525129,
        "status": "Rejected"
      }
    },
    {
      "type": "Feature",
      "geometry": {
        "type": "Point",
        "coordinates": [
          73.787962,
          20.00194
        ]
      },
      "properties": {
        "claim_id": "FRA0981",
        "state": "Maharashtra",
        "district": "Nashik",
        "village": "Village_70",
        "claim_type": "CFR",
        "claimed_area": "5.56",
        "recorded_area": "5.42",
        "processing_days": "109",
        "current_stage": "SDLC",
        "documents_complete": "1",
        "land_record_available": "0",
        "overlap_percentage": "51.57",
        "previous_rejections": "2",
        "latitude": 20.00194,
        "longitude": 73.787962,
        "status": "Rejected"
      }
    },
    {
      "type": "Feature",
      "geometry": {
        "type": "Point",
        "coordinates": [
          84.630514,
          23.152897
        ]
      },
      "properties": {
        "claim_id": "FRA0982",
        "state": "Jharkhand",
        "district": "Gumla",
        "village": "Village_8",
        "claim_type": "CFR",
        "claimed_area": "4.82",
        "recorded_area": "4.22",
        "processing_days": "48",
        "current_stage": "Title Issued",
        "documents_complete": "1",
        "land_record_available": "0",
        "overlap_percentage": "60.22",
        "previous_rejections": "2",
        "latitude": 23.152897,
        "longitude": 84.630514,
        "status": "Approved"
      }
    },
    {
      "type": "Feature",
      "geometry": {
        "type": "Point",
        "coordinates": [
          84.533694,
          22.716271
        ]
      },
      "properties": {
        "claim_id": "FRA0983",
        "state": "Jharkhand",
        "district": "Simdega",
        "village": "Village_77",
        "claim_type": "IFR",
        "claimed_area": "7.35",
        "recorded_area": "7.07",
        "processing_days": "153",
        "current_stage": "SDLC",
        "documents_complete": "1",
        "land_record_available": "0",
        "overlap_percentage": "80.19",
        "previous_rejections": "0",
        "latitude": 22.716271,
        "longitude": 84.533694,
        "status": "Pending"
      }
    },
    {
      "type": "Feature",
      "geometry": {
        "type": "Point",
        "coordinates": [
          84.450722,
          23.093189
        ]
      },
      "properties": {
        "claim_id": "FRA0984",
        "state": "Jharkhand",
        "district": "Gumla",
        "village": "Village_89",
        "claim_type": "CFR",
        "claimed_area": "9.7",
        "recorded_area": "8.45",
        "processing_days": "110",
        "current_stage": "DLC",
        "documents_complete": "0",
        "land_record_available": "1",
        "overlap_percentage": "27.5",
        "previous_rejections": "2",
        "latitude": 23.093189,
        "longitude": 84.450722,
        "status": "Rejected"
      }
    },
    {
      "type": "Feature",
      "geometry": {
        "type": "Point",
        "coordinates": [
          81.404609,
          20.2033
        ]
      },
      "properties": {
        "claim_id": "FRA0985",
        "state": "Chhattisgarh",
        "district": "Kanker",
        "village": "Village_39",
        "claim_type": "IFR",
        "claimed_area": "6.51",
        "recorded_area": "5.72",
        "processing_days": "117",
        "current_stage": "Gram Sabha",
        "documents_complete": "1",
        "land_record_available": "0",
        "overlap_percentage": "4.75",
        "previous_rejections": "3",
        "latitude": 20.2033,
        "longitude": 81.404609,
        "status": "Approved"
      }
    },
    {
      "type": "Feature",
      "geometry": {
        "type": "Point",
        "coordinates": [
          82.702876,
          18.934681
        ]
      },
      "properties": {
        "claim_id": "FRA0986",
        "state": "Odisha",
        "district": "Koraput",
        "village": "Village_80",
        "claim_type": "IFR",
        "claimed_area": "1.9",
        "recorded_area": "1.71",
        "processing_days": "82",
        "current_stage": "DLC",
        "documents_complete": "1",
        "land_record_available": "1",
        "overlap_percentage": "24.23",
        "previous_rejections": "3",
        "latitude": 18.934681,
        "longitude": 82.702876,
        "status": "Approved"
      }
    },
    {
      "type": "Feature",
      "geometry": {
        "type": "Point",
        "coordinates": [
          80.054481,
          21.94763
        ]
      },
      "properties": {
        "claim_id": "FRA0987",
        "state": "Madhya Pradesh",
        "district": "Balaghat",
        "village": "Village_95",
        "claim_type": "CFR",
        "claimed_area": "7.03",
        "recorded_area": "6.84",
        "processing_days": "159",
        "current_stage": "Title Issued",
        "documents_complete": "0",
        "land_record_available": "0",
        "overlap_percentage": "34.41",
        "previous_rejections": "1",
        "latitude": 21.94763,
        "longitude": 80.054481,
        "status": "Rejected"
      }
    },
    {
      "type": "Feature",
      "geometry": {
        "type": "Point",
        "coordinates": [
          80.270623,
          22.749737
        ]
      },
      "properties": {
        "claim_id": "FRA0988",
        "state": "Madhya Pradesh",
        "district": "Mandla",
        "village": "Village_93",
        "claim_type": "CFR",
        "claimed_area": "4.62",
        "recorded_area": "4.65",
        "processing_days": "70",
        "current_stage": "SDLC",
        "documents_complete": "1",
        "land_record_available": "0",
        "overlap_percentage": "16.69",
        "previous_rejections": "3",
        "latitude": 22.749737,
        "longitude": 80.270623,
        "status": "Rejected"
      }
    },
    {
      "type": "Feature",
      "geometry": {
        "type": "Point",
        "coordinates": [
          86.656812,
          21.895097
        ]
      },
      "properties": {
        "claim_id": "FRA0989",
        "state": "Odisha",
        "district": "Mayurbhanj",
        "village": "Village_84",
        "claim_type": "IFR",
        "claimed_area": "6.12",
        "recorded_area": "6.13",
        "processing_days": "138",
        "current_stage": "DLC",
        "documents_complete": "0",
        "land_record_available": "0",
        "overlap_percentage": "41.81",
        "previous_rejections": "2",
        "latitude": 21.895097,
        "longitude": 86.656812,
        "status": "Rejected"
      }
    },
    {
      "type": "Feature",
      "geometry": {
        "type": "Point",
        "coordinates": [
          80.290117,
          21.777472
        ]
      },
      "properties": {
        "claim_id": "FRA0990",
        "state": "Madhya Pradesh",
        "district": "Balaghat",
        "village": "Village_60",
        "claim_type": "IFR",
        "claimed_area": "7.57",
        "recorded_area": "6.88",
        "processing_days": "157",
        "current_stage": "Gram Sabha",
        "documents_complete": "0",
        "land_record_available": "0",
        "overlap_percentage": "82.81",
        "previous_rejections": "1",
        "latitude": 21.777472,
        "longitude": 80.290117,
        "status": "Approved"
      }
    },
    {
      "type": "Feature",
      "geometry": {
        "type": "Point",
        "coordinates": [
          81.426006,
          20.184851
        ]
      },
      "properties": {
        "claim_id": "FRA0991",
        "state": "Chhattisgarh",
        "district": "Kanker",
        "village": "Village_14",
        "claim_type": "CFR",
        "claimed_area": "6.63",
        "recorded_area": "5.94",
        "processing_days": "170",
        "current_stage": "Gram Sabha",
        "documents_complete": "1",
        "land_record_available": "0",
        "overlap_percentage": "68.25",
        "previous_rejections": "3",
        "latitude": 20.184851,
        "longitude": 81.426006,
        "status": "Approved"
      }
    },
    {
      "type": "Feature",
      "geometry": {
        "type": "Point",
        "coordinates": [
          79.860204,
          20.101156
        ]
      },
      "properties": {
        "claim_id": "FRA0992",
        "state": "Maharashtra",
        "district": "Gadchiroli",
        "village": "Village_90",
        "claim_type": "CFR",
        "claimed_area": "6.98",
        "recorded_area": "7.16",
        "processing_days": "81",
        "current_stage": "Gram Sabha",
        "documents_complete": "1",
        "land_record_available": "1",
        "overlap_percentage": "46.6",
        "previous_rejections": "0",
        "latitude": 20.101156,
        "longitude": 79.860204,
        "status": "Pending"
      }
    },
    {
      "type": "Feature",
      "geometry": {
        "type": "Point",
        "coordinates": [
          81.570815,
          20.201428
        ]
      },
      "properties": {
        "claim_id": "FRA0993",
        "state": "Chhattisgarh",
        "district": "Kanker",
        "village": "Village_70",
        "claim_type": "CR",
        "claimed_area": "1.57",
        "recorded_area": "1.61",
        "processing_days": "135",
        "current_stage": "Title Issued",
        "documents_complete": "0",
        "land_record_available": "1",
        "overlap_percentage": "44.28",
        "previous_rejections": "0",
        "latitude": 20.201428,
        "longitude": 81.570815,
        "status": "Pending"
      }
    },
    {
      "type": "Feature",
      "geometry": {
        "type": "Point",
        "coordinates": [
          80.168422,
          21.893203
        ]
      },
      "properties": {
        "claim_id": "FRA0994",
        "state": "Madhya Pradesh",
        "district": "Balaghat",
        "village": "Village_3",
        "claim_type": "CR",
        "claimed_area": "2.42",
        "recorded_area": "2.09",
        "processing_days": "36",
        "current_stage": "Gram Sabha",
        "documents_complete": "0",
        "land_record_available": "1",
        "overlap_percentage": "16.9",
        "previous_rejections": "3",
        "latitude": 21.893203,
        "longitude": 80.168422,
        "status": "Rejected"
      }
    },
    {
      "type": "Feature",
      "geometry": {
        "type": "Point",
        "coordinates": [
          82.726816,
          18.69808
        ]
      },
      "properties": {
        "claim_id": "FRA0995",
        "state": "Odisha",
        "district": "Koraput",
        "village": "Village_10",
        "claim_type": "CFR",
        "claimed_area": "2.74",
        "recorded_area": "2.63",
        "processing_days": "149",
        "current_stage": "SDLC",
        "documents_complete": "0",
        "land_record_available": "1",
        "overlap_percentage": "35.84",
        "previous_rejections": "2",
        "latitude": 18.69808,
        "longitude": 82.726816,
        "status": "Pending"
      }
    },
    {
      "type": "Feature",
      "geometry": {
        "type": "Point",
        "coordinates": [
          73.886534,
          19.898703
        ]
      },
      "properties": {
        "claim_id": "FRA0996",
        "state": "Maharashtra",
        "district": "Nashik",
        "village": "Village_91",
        "claim_type": "CFR",
        "claimed_area": "8.66",
        "recorded_area": "8.24",
        "processing_days": "178",
        "current_stage": "SDLC",
        "documents_complete": "1",
        "land_record_available": "0",
        "overlap_percentage": "35.06",
        "previous_rejections": "0",
        "latitude": 19.898703,
        "longitude": 73.886534,
        "status": "Approved"
      }
    },
    {
      "type": "Feature",
      "geometry": {
        "type": "Point",
        "coordinates": [
          80.942567,
          22.817169
        ]
      },
      "properties": {
        "claim_id": "FRA0997",
        "state": "Madhya Pradesh",
        "district": "Dindori",
        "village": "Village_1",
        "claim_type": "CR",
        "claimed_area": "9.55",
        "recorded_area": "9.97",
        "processing_days": "139",
        "current_stage": "Gram Sabha",
        "documents_complete": "0",
        "land_record_available": "0",
        "overlap_percentage": "35.43",
        "previous_rejections": "1",
        "latitude": 22.817169,
        "longitude": 80.942567,
        "status": "Rejected"
      }
    },
    {
      "type": "Feature",
      "geometry": {
        "type": "Point",
        "coordinates": [
          85.345029,
          23.466992
        ]
      },
      "properties": {
        "claim_id": "FRA0998",
        "state": "Jharkhand",
        "district": "Ranchi",
        "village": "Village_51",
        "claim_type": "IFR",
        "claimed_area": "9.99",
        "recorded_area": "10.19",
        "processing_days": "112",
        "current_stage": "SDLC",
        "documents_complete": "1",
        "land_record_available": "0",
        "overlap_percentage": "88.6",
        "previous_rejections": "0",
        "latitude": 23.466992,
        "longitude": 85.345029,
        "status": "Pending"
      }
    },
    {
      "type": "Feature",
      "geometry": {
        "type": "Point",
        "coordinates": [
          82.858823,
          18.675583
        ]
      },
      "properties": {
        "claim_id": "FRA0999",
        "state": "Odisha",
        "district": "Koraput",
        "village": "Village_3",
        "claim_type": "CFR",
        "claimed_area": "7.65",
        "recorded_area": "6.81",
        "processing_days": "157",
        "current_stage": "Gram Sabha",
        "documents_complete": "1",
        "land_record_available": "1",
        "overlap_percentage": "17.37",
        "previous_rejections": "2",
        "latitude": 18.675583,
        "longitude": 82.858823,
        "status": "Rejected"
      }
    },
    {
      "type": "Feature",
      "geometry": {
        "type": "Point",
        "coordinates": [
          81.899462,
          19.10027
        ]
      },
      "properties": {
        "claim_id": "FRA1000",
        "state": "Chhattisgarh",
        "district": "Bastar",
        "village": "Village_26",
        "claim_type": "CFR",
        "claimed_area": "8.42",
        "recorded_area": "8.22",
        "processing_days": "74",
        "current_stage": "Title Issued",
        "documents_complete": "0",
        "land_record_available": "1",
        "overlap_percentage": "67.28",
        "previous_rejections": "0",
        "latitude": 19.10027,
        "longitude": 81.899462,
        "status": "Pending"
      }
    }
  ]
}