claim_id,state,district,latitude,longitude,ml_anomaly,risk_score,risk_level,reasons,recommended_action,priority,decision_brief
FRA0001,Madhya Pradesh,Dindori,22.888642,81.0014,NO,40,MEDIUM,Long processing delay | High claim overlap,,Moderate,"Claim FRA0001 from Dindori, Madhya Pradesh has a risk score of 40/100 (MEDIUM). This claim has some risk indicators and may require additional verification. Key factors: Long processing delay | High claim overlap. Recommended action: Perform additional document verification. Final decision must be made by the authorized official."
FRA0002,Maharashtra,Nandurbar,21.240434,74.153187,NO,20,LOW,Moderate claim overlap | Multiple previous rejections,,Normal,"Claim FRA0002 from Nandurbar, Maharashtra has a risk score of 20/100 (LOW). No major risk indicators were detected for this claim. Key factors: Moderate claim overlap | Multiple previous rejections. Recommended action: No immediate action required. Final decision must be made by the authorized official."
FRA0003,Odisha,Keonjhar,21.607524,85.588633,NO,30,LOW,High claim overlap | Multiple previous rejections,,Normal,"Claim FRA0003 from Keonjhar, Odisha has a risk score of 30/100 (LOW). No major risk indicators were detected for this claim. Key factors: High claim overlap | Multiple previous rejections. Recommended action: No immediate action required. Final decision must be made by the authorized official."
FRA0004,Maharashtra,Nashik,19.97252,73.728502,NO,25,LOW,High claim overlap,,Normal,"Claim FRA0004 from Nashik, Maharashtra has a risk score of 25/100 (LOW). No major risk indicators were detected for this claim. Key factors: High claim overlap. Recommended action: No immediate action required. Final decision must be made by the authorized official."
FRA0005,Chhattisgarh,Bastar,19.074966,82.073442,NO,35,MEDIUM,Long processing delay | Moderate claim overlap | Multiple previous rejections,,Moderate,"Claim FRA0005 from Bastar, Chhattisgarh has a risk score of 35/100 (MEDIUM). This claim has some risk indicators and may require additional verification. Key factors: Long processing delay | Moderate claim overlap | Multiple previous rejections. Recommended action: Perform additional document verification. Final decision must be made by the authorized official."
FRA0006,Odisha,Koraput,18.786226,82.833416,NO,0,LOW,,,Normal,"Claim FRA0006 from Koraput, Odisha has a risk score of 0/100 (LOW). No major risk indicators were detected for this claim. Key factors: . Recommended action: No immediate action required. Final decision must be made by the authorized official."
FRA0007,Jharkhand,Gumla,22.894108,84.543659,NO,40,MEDIUM,Long processing delay | High claim overlap,,Moderate,"Claim FRA0007 from Gumla, Jharkhand has a risk score of 40/100 (MEDIUM). This claim has some risk indicators and may require additional verification. Key factors: Long processing delay | High claim overlap. Recommended action: Perform additional document verification. Final decision must be made by the authorized official."
FRA0008,Maharashtra,Nashik,20.144932,73.848803,NO,30,LOW,Long processing delay | Moderate claim overlap,,Normal,"Claim FRA0008 from Nashik, Maharashtra has a risk score of 30/100 (LOW). No major risk indicators were detected for this claim. Key factors: Long processing delay | Moderate claim overlap. Recommended action: No immediate action required. Final decision must be made by the authorized official."
FRA0009,Odisha,Koraput,18.724838,82.807906,NO,45,MEDIUM,Long processing delay | High claim overlap | Multiple previous rejections,,Moderate,"Claim FRA0009 from Koraput, Odisha has a risk score of 45/100 (MEDIUM). This claim has some risk indicators and may require additional verification. Key factors: Long processing delay | High claim overlap | Multiple previous rejections. Recommended action: Perform additional document verification. Final decision must be made by the authorized official."
FRA0010,Chhattisgarh,Kanker,20.332821,81.382501,NO,0,LOW,,,Normal,"Claim FRA0010 from Kanker, Chhattisgarh has a risk score of 0/100 (LOW). No major risk indicators were detected for this claim. Key factors: . Recommended action: No immediate action required. Final decision must be made by the authorized official."
FRA0011,Odisha,Mayurbhanj,21.793812,86.628156,NO,15,LOW,Moderate claim overlap,,Normal,"Claim FRA0011 from Mayurbhanj, Odisha has a risk score of 15/100 (LOW). No major risk indicators were detected for this claim. Key factors: Moderate claim overlap. Recommended action: No immediate action required. Final decision must be made by the authorized official."
FRA0012,Odisha,Keonjhar,21.756541,85.612119,NO,30,LOW,Long processing delay | Moderate claim overlap,,Normal,"Claim FRA0012 from Keonjhar, Odisha has a risk score of 30/100 (LOW). No major risk indicators were detected for this claim. Key factors: Long processing delay | Moderate claim overlap. Recommended action: No immediate action required. Final decision must be made by the authorized official."
FRA0013,Maharashtra,Gadchiroli,20.183051,79.901018,YES,35,MEDIUM,High claim overlap | ML anomaly detected,,Moderate,"Claim FRA0013 from Gadchiroli, Maharashtra has a risk score of 35/100 (MEDIUM). This claim has some risk indicators and may require additional verification. Key factors: High claim overlap | ML anomaly detected. Recommended action: Perform additional document verification. Final decision must be made by the authorized official."
FRA0014,Maharashtra,Gadchiroli,20.255666,80.004797,NO,15,LOW,Long processing delay,,Normal,"Claim FRA0014 from Gadchiroli, Maharashtra has a risk score of 15/100 (LOW). No major risk indicators were detected for this claim. Key factors: Long processing delay. Recommended action: No immediate action required. Final decision must be made by the authorized official."
FRA0015,Jharkhand,Simdega,22.631952,84.497445,NO,45,MEDIUM,Long processing delay | High claim overlap | Multiple previous rejections,,Moderate,"Claim FRA0015 from Simdega, Jharkhand has a risk score of 45/100 (MEDIUM). This claim has some risk indicators and may require additional verification. Key factors: Long processing delay | High claim overlap | Multiple previous rejections. Recommended action: Perform additional document verification. Final decision must be made by the authorized official."
FRA0016,Odisha,Mayurbhanj,21.895382,86.602603,NO,5,LOW,Multiple previous rejections,,Normal,"Claim FRA0016 from Mayurbhanj, Odisha has a risk score of 5/100 (LOW). No major risk indicators were detected for this claim. Key factors: Multiple previous rejections. Recommended action: No immediate action required. Final decision must be made by the authorized official."
FRA0017,Chhattisgarh,Bastar,19.04441,82.034721,NO,20,LOW,Long processing delay | Multiple previous rejections,,Normal,"Claim FRA0017 from Bastar, Chhattisgarh has a risk score of 20/100 (LOW). No major risk indicators were detected for this claim. Key factors: Long processing delay | Multiple previous rejections. Recommended action: No immediate action required. Final decision must be made by the authorized official."
FRA0018,Madhya Pradesh,Mandla,22.482373,80.428719,NO,15,LOW,Moderate claim overlap,,Normal,"Claim FRA0018 from Mandla, Madhya Pradesh has a risk score of 15/100 (LOW). No major risk indicators were detected for this claim. Key factors: Moderate claim overlap. Recommended action: No immediate action required. Final decision must be made by the authorized official."
FRA0019,Madhya Pradesh,Dindori,22.947673,81.10532,NO,15,LOW,Moderate claim overlap,,Normal,"Claim FRA0019 from Dindori, Madhya Pradesh has a risk score of 15/100 (LOW). No major risk indicators were detected for this claim. Key factors: Moderate claim overlap. Recommended action: No immediate action required. Final decision must be made by the authorized official."
FRA0020,Jharkhand,Ranchi,23.409546,85.395784,NO,0,LOW,,,Normal,"Claim FRA0020 from Ranchi, Jharkhand has a risk score of 0/100 (LOW). No major risk indicators were detected for this claim. Key factors: . Recommended action: No immediate action required. Final decision must be made by the authorized official."
FRA0021,Maharashtra,Nashik,19.915866,73.691335,YES,25,LOW,Moderate claim overlap | ML anomaly detected,,Normal,"Claim FRA0021 from Nashik, Maharashtra has a risk score of 25/100 (LOW). No major risk indicators were detected for this claim. Key factors: Moderate claim overlap | ML anomaly detected. Recommended action: No immediate action required. Final decision must be made by the authorized official."
FRA0022,Jharkhand,Ranchi,23.27195,85.349951,NO,25,LOW,High claim overlap,,Normal,"Claim FRA0022 from Ranchi, Jharkhand has a risk score of 25/100 (LOW). No major risk indicators were detected for this claim. Key factors: High claim overlap. Recommended action: No immediate action required. Final decision must be made by the authorized official."
FRA0023,Madhya Pradesh,Dindori,22.856145,81.040892,NO,0,LOW,,,Normal,"Claim FRA0023 from Dindori, Madhya Pradesh has a risk score of 0/100 (LOW). No major risk indicators were detected for this claim. Key factors: . Recommended action: No immediate action required. Final decision must be made by the authorized official."
FRA0024,Jharkhand,Gumla,23.098549,84.675459,NO,35,MEDIUM,Long processing delay | Moderate claim overlap | Multiple previous rejections,,Moderate,"Claim FRA0024 from Gumla, Jharkhand has a risk score of 35/100 (MEDIUM). This claim has some risk indicators and may require additional verification. Key factors: Long processing delay | Moderate claim overlap | Multiple previous rejections. Recommended action: Perform additional document verification. Final decision must be made by the authorized official."
FRA0025,Odisha,Mayurbhanj,21.978158,86.715845,NO,15,LOW,Moderate claim overlap,,Normal,"Claim FRA0025 from Mayurbhanj, Odisha has a risk score of 15/100 (LOW). No major risk indicators were detected for this claim. Key factors: Moderate claim overlap. Recommended action: No immediate action required. Final decision must be made by the authorized official."
FRA0026,Jharkhand,Ranchi,23.439406,85.190476,NO,25,LOW,High claim overlap,,Normal,"Claim FRA0026 from Ranchi, Jharkhand has a risk score of 25/100 (LOW). No major risk indicators were detected for this claim. Key factors: High claim overlap. Recommended action: No immediate action required. Final decision must be made by the authorized official."
FRA0027,Chhattisgarh,Bastar,19.009296,81.925932,NO,15,LOW,Moderate claim overlap,,Normal,"Claim FRA0027 from Bastar, Chhattisgarh has a risk score of 15/100 (LOW). No major risk indicators were detected for this claim. Key factors: Moderate claim overlap. Recommended action: No immediate action required. Final decision must be made by the authorized official."
FRA0028,Chhattisgarh,Bastar,19.073652,82.00256,NO,0,LOW,,,Normal,"Claim FRA0028 from Bastar, Chhattisgarh has a risk score of 0/100 (LOW). No major risk indicators were detected for this claim. Key factors: . Recommended action: No immediate action required. Final decision must be made by the authorized official."
FRA0029,Jharkhand,Gumla,22.919585,84.673443,NO,15,LOW,Long processing delay,,Normal,"Claim FRA0029 from Gumla, Jharkhand has a risk score of 15/100 (LOW). No major risk indicators were detected for this claim. Key factors: Long processing delay. Recommended action: No immediate action required. Final decision must be made by the authorized official."
FRA0030,Chhattisgarh,Surguja,22.859044,83.25488,NO,40,MEDIUM,Long processing delay | High claim overlap,,Moderate,"Claim FRA0030 from Surguja, Chhattisgarh has a risk score of 40/100 (MEDIUM). This claim has some risk indicators and may require additional verification. Key factors: Long processing delay | High claim overlap. Recommended action: Perform additional document verification. Final decision must be made by the authorized official."
FRA0031,Chhattisgarh,Bastar,19.200257,81.801453,NO,5,LOW,Multiple previous rejections,,Normal,"Claim FRA0031 from Bastar, Chhattisgarh has a risk score of 5/100 (LOW). No major risk indicators were detected for this claim. Key factors: Multiple previous rejections. Recommended action: No immediate action required. Final decision must be made by the authorized official."
FRA0032,Jharkhand,Ranchi,23.380266,85.184578,NO,20,LOW,Long processing delay | Multiple previous rejections,,Normal,"Claim FRA0032 from Ranchi, Jharkhand has a risk score of 20/100 (LOW). No major risk indicators were detected for this claim. Key factors: Long processing delay | Multiple previous rejections. Recommended action: No immediate action required. Final decision must be made by the authorized official."
FRA0033,Madhya Pradesh,Mandla,22.734347,80.43462,NO,0,LOW,,,Normal,"Claim FRA0033 from Mandla, Madhya Pradesh has a risk score of 0/100 (LOW). No major risk indicators were detected for this claim. Key factors: . Recommended action: No immediate action required. Final decision must be made by the authorized official."
FRA0034,Chhattisgarh,Kanker,20.315695,81.537684,NO,25,LOW,High claim overlap,,Normal,"Claim FRA0034 from Kanker, Chhattisgarh has a risk score of 25/100 (LOW). No major risk indicators were detected for this claim. Key factors: High claim overlap. Recommended action: No immediate action required. Final decision must be made by the authorized official."
FRA0035,Odisha,Keonjhar,21.699419,85.602402,NO,30,LOW,High claim overlap | Multiple previous rejections,,Normal,"Claim FRA0035 from Keonjhar, Odisha has a risk score of 30/100 (LOW). No major risk indicators were detected for this claim. Key factors: High claim overlap | Multiple previous rejections. Recommended action: No immediate action required. Final decision must be made by the authorized official."
FRA0036,Madhya Pradesh,Dindori,23.05238,81.035468,NO,0,LOW,,,Normal,"Claim FRA0036 from Dindori, Madhya Pradesh has a risk score of 0/100 (LOW). No major risk indicators were detected for this claim. Key factors: . Recommended action: No immediate action required. Final decision must be made by the authorized official."
FRA0037,Chhattisgarh,Bastar,19.068978,81.832429,NO,0,LOW,,,Normal,"Claim FRA0037 from Bastar, Chhattisgarh has a risk score of 0/100 (LOW). No major risk indicators were detected for this claim. Key factors: . Recommended action: No immediate action required. Final decision must be made by the authorized official."
FRA0038,Maharashtra,Nandurbar,21.334742,74.380344,YES,15,LOW,Multiple previous rejections | ML anomaly detected,,Normal,"Claim FRA0038 from Nandurbar, Maharashtra has a risk score of 15/100 (LOW). No major risk indicators were detected for this claim. Key factors: Multiple previous rejections | ML anomaly detected. Recommended action: No immediate action required. Final decision must be made by the authorized official."
FRA0039,Maharashtra,Nandurbar,21.300201,74.117878,NO,25,LOW,High claim overlap,,Normal,"Claim FRA0039 from Nandurbar, Maharashtra has a risk score of 25/100 (LOW). No major risk indicators were detected for this claim. Key factors: High claim overlap. Recommended action: No immediate action required. Final decision must be made by the authorized official."
FRA0040,Jharkhand,Ranchi,23.409988,85.386357,NO,20,LOW,Long processing delay | Multiple previous rejections,,Normal,"Claim FRA0040 from Ranchi, Jharkhand has a risk score of 20/100 (LOW). No major risk indicators were detected for this claim. Key factors: Long processing delay | Multiple previous rejections. Recommended action: No immediate action required. Final decision must be made by the authorized official."
FRA0041,Madhya Pradesh,Balaghat,21.741962,80.321943,NO,30,LOW,Long processing delay | Moderate claim overlap,,Normal,"Claim FRA0041 from Balaghat, Madhya Pradesh has a risk score of 30/100 (LOW). No major risk indicators were detected for this claim. Key factors: Long processing delay | Moderate claim overlap. Recommended action: No immediate action required. Final decision must be made by the authorized official."
FRA0042,Maharashtra,Nashik,20.142807,73.875752,NO,25,LOW,High claim overlap,,Normal,"Claim FRA0042 from Nashik, Maharashtra has a risk score of 25/100 (LOW). No major risk indicators were detected for this claim. Key factors: High claim overlap. Recommended action: No immediate action required. Final decision must be made by the authorized official."
FRA0043,Madhya Pradesh,Balaghat,21.817203,80.130007,NO,25,LOW,High claim overlap,,Normal,"Claim FRA0043 from Balaghat, Madhya Pradesh has a risk score of 25/100 (LOW). No major risk indicators were detected for this claim. Key factors: High claim overlap. Recommended action: No immediate action required. Final decision must be made by the authorized official."
FRA0044,Odisha,Mayurbhanj,21.809729,86.804901,NO,30,LOW,Long processing delay | Moderate claim overlap,,Normal,"Claim FRA0044 from Mayurbhanj, Odisha has a risk score of 30/100 (LOW). No major risk indicators were detected for this claim. Key factors: Long processing delay | Moderate claim overlap. Recommended action: No immediate action required. Final decision must be made by the authorized official."
FRA0045,Maharashtra,Nashik,20.144841,73.787286,NO,30,LOW,Long processing delay | Moderate claim overlap,,Normal,"Claim FRA0045 from Nashik, Maharashtra has a risk score of 30/100 (LOW). No major risk indicators were detected for this claim. Key factors: Long processing delay | Moderate claim overlap. Recommended action: No immediate action required. Final decision must be made by the authorized official."
FRA0046,Odisha,Mayurbhanj,21.936965,86.780928,NO,0,LOW,,,Normal,"Claim FRA0046 from Mayurbhanj, Odisha has a risk score of 0/100 (LOW). No major risk indicators were detected for this claim. Key factors: . Recommended action: No immediate action required. Final decision must be made by the authorized official."
FRA0047,Madhya Pradesh,Balaghat,21.875645,80.031025,NO,25,LOW,Severe processing delay,,Normal,"Claim FRA0047 from Balaghat, Madhya Pradesh has a risk score of 25/100 (LOW). No major risk indicators were detected for this claim. Key factors: Severe processing delay. Recommended action: No immediate action required. Final decision must be made by the authorized official."
FRA0048,Chhattisgarh,Surguja,22.972849,83.295727,NO,15,LOW,Long processing delay,,Normal,"Claim FRA0048 from Surguja, Chhattisgarh has a risk score of 15/100 (LOW). No major risk indicators were detected for this claim. Key factors: Long processing delay. Recommended action: No immediate action required. Final decision must be made by the authorized official."
FRA0049,Jharkhand,Ranchi,23.192903,85.351625,NO,15,LOW,Moderate claim overlap,,Normal,"Claim FRA0049 from Ranchi, Jharkhand has a risk score of 15/100 (LOW). No major risk indicators were detected for this claim. Key factors: Moderate claim overlap. Recommended action: No immediate action required. Final decision must be made by the authorized official."
FRA0050,Madhya Pradesh,Dindori,22.953097,80.964801,NO,15,LOW,Long processing delay,,Normal,"Claim FRA0050 from Dindori, Madhya Pradesh has a risk score of 15/100 (LOW). No major risk indicators were detected for this claim. Key factors: Long processing delay. Recommended action: No immediate action required. Final decision must be made by the authorized official."
FRA0051,Maharashtra,Nandurbar,21.329704,74.335934,NO,0,LOW,,,Normal,"Claim FRA0051 from Nandurbar, Maharashtra has a risk score of 0/100 (LOW). No major risk indicators were detected for this claim. Key factors: . Recommended action: No immediate action required. Final decision must be made by the authorized official."
FRA0052,Maharashtra,Nandurbar,21.430108,74.335441,NO,5,LOW,Multiple previous rejections,,Normal,"Claim FRA0052 from Nandurbar, Maharashtra has a risk score of 5/100 (LOW). No major risk indicators were detected for this claim. Key factors: Multiple previous rejections. Recommended action: No immediate action required. Final decision must be made by the authorized official."
FRA0053,Chhattisgarh,Kanker,20.213577,81.438606,NO,0,LOW,,,Normal,"Claim FRA0053 from Kanker, Chhattisgarh has a risk score of 0/100 (LOW). No major risk indicators were detected for this claim. Key factors: . Recommended action: No immediate action required. Final decision must be made by the authorized official."
FRA0054,Odisha,Keonjhar,21.490289,85.723276,NO,5,LOW,Multiple previous rejections,,Normal,"Claim FRA0054 from Keonjhar, Odisha has a risk score of 5/100 (LOW). No major risk indicators were detected for this claim. Key factors: Multiple previous rejections. Recommended action: No immediate action required. Final decision must be made by the authorized official."
FRA0055,Madhya Pradesh,Dindori,22.927243,81.150771,NO,20,LOW,Moderate claim overlap | Multiple previous rejections,,Normal,"Claim FRA0055 from Dindori, Madhya Pradesh has a risk score of 20/100 (LOW). No major risk indicators were detected for this claim. Key factors: Moderate claim overlap | Multiple previous rejections. Recommended action: No immediate action required. Final decision must be made by the authorized official."
FRA0056,Chhattisgarh,Surguja,22.954358,83.217099,NO,0,LOW,,,Normal,"Claim FRA0056 from Surguja, Chhattisgarh has a risk score of 0/100 (LOW). No major risk indicators were detected for this claim. Key factors: . Recommended action: No immediate action required. Final decision must be made by the authorized official."
FRA0057,Jharkhand,Simdega,22.552872,84.501867,NO,0,LOW,,,Normal,"Claim FRA0057 from Simdega, Jharkhand has a risk score of 0/100 (LOW). No major risk indicators were detected for this claim. Key factors: . Recommended action: No immediate action required. Final decision must be made by the authorized official."
FRA0058,Chhattisgarh,Surguja,22.772801,83.170274,NO,0,LOW,,,Normal,"Claim FRA0058 from Surguja, Chhattisgarh has a risk score of 0/100 (LOW). No major risk indicators were detected for this claim. Key factors: . Recommended action: No immediate action required. Final decision must be made by the authorized official."
FRA0059,Madhya Pradesh,Dindori,22.951283,81.02297,NO,15,LOW,Moderate claim overlap,,Normal,"Claim FRA0059 from Dindori, Madhya Pradesh has a risk score of 15/100 (LOW). No major risk indicators were detected for this claim. Key factors: Moderate claim overlap. Recommended action: No immediate action required. Final decision must be made by the authorized official."
FRA0060,Odisha,Mayurbhanj,21.878517,86.796293,NO,15,LOW,Long processing delay,,Normal,"Claim FRA0060 from Mayurbhanj, Odisha has a risk score of 15/100 (LOW). No major risk indicators were detected for this claim. Key factors: Long processing delay. Recommended action: No immediate action required. Final decision must be made by the authorized official."
FRA0061,Madhya Pradesh,Mandla,22.630255,80.42571,NO,35,MEDIUM,Long processing delay | Moderate claim overlap | Multiple previous rejections,,Moderate,"Claim FRA0061 from Mandla, Madhya Pradesh has a risk score of 35/100 (MEDIUM). This claim has some risk indicators and may require additional verification. Key factors: Long processing delay | Moderate claim overlap | Multiple previous rejections. Recommended action: Perform additional document verification. Final decision must be made by the authorized official."
FRA0062,Madhya Pradesh,Balaghat,21.859926,80.04542,NO,30,LOW,High claim overlap | Multiple previous rejections,,Normal,"Claim FRA0062 from Balaghat, Madhya Pradesh has a risk score of 30/100 (LOW). No major risk indicators were detected for this claim. Key factors: High claim overlap | Multiple previous rejections. Recommended action: No immediate action required. Final decision must be made by the authorized official."
FRA0063,Jharkhand,Simdega,22.639253,84.404945,NO,0,LOW,,,Normal,"Claim FRA0063 from Simdega, Jharkhand has a risk score of 0/100 (LOW). No major risk indicators were detected for this claim. Key factors: . Recommended action: No immediate action required. Final decision must be made by the authorized official."
FRA0064,Maharashtra,Nashik,20.057011,73.756632,NO,30,LOW,High claim overlap | Multiple previous rejections,,Normal,"Claim FRA0064 from Nashik, Maharashtra has a risk score of 30/100 (LOW). No major risk indicators were detected for this claim. Key factors: High claim overlap | Multiple previous rejections. Recommended action: No immediate action required. Final decision must be made by the authorized official."
FRA0065,Maharashtra,Gadchiroli,20.290196,79.963152,NO,15,LOW,Long processing delay,,Normal,"Claim FRA0065 from Gadchiroli, Maharashtra has a risk score of 15/100 (LOW). No major risk indicators were detected for this claim. Key factors: Long processing delay. Recommended action: No immediate action required. Final decision must be made by the authorized official."
FRA0066,Madhya Pradesh,Mandla,22.66853,80.361806,NO,15,LOW,Moderate claim overlap,,Normal,"Claim FRA0066 from Mandla, Madhya Pradesh has a risk score of 15/100 (LOW). No major risk indicators were detected for this claim. Key factors: Moderate claim overlap. Recommended action: No immediate action required. Final decision must be made by the authorized official."
FRA0067,Madhya Pradesh,Balaghat,21.720896,80.128057,NO,5,LOW,Multiple previous rejections,,Normal,"Claim FRA0067 from Balaghat, Madhya Pradesh has a risk score of 5/100 (LOW). No major risk indicators were detected for this claim. Key factors: Multiple previous rejections. Recommended action: No immediate action required. Final decision must be made by the authorized official."
FRA0068,Jharkhand,Gumla,22.900588,84.615041,NO,0,LOW,,,Normal,"Claim FRA0068 from Gumla, Jharkhand has a risk score of 0/100 (LOW). No major risk indicators were detected for this claim. Key factors: . Recommended action: No immediate action required. Final decision must be made by the authorized official."
FRA0069,Odisha,Keonjhar,21.67076,85.673985,NO,5,LOW,Multiple previous rejections,,Normal,"Claim FRA0069 from Keonjhar, Odisha has a risk score of 5/100 (LOW). No major risk indicators were detected for this claim. Key factors: Multiple previous rejections. Recommended action: No immediate action required. Final decision must be made by the authorized official."
FRA0070,Chhattisgarh,Surguja,22.812037,83.165256,NO,15,LOW,Long processing delay,,Normal,"Claim FRA0070 from Surguja, Chhattisgarh has a risk score of 15/100 (LOW). No major risk indicators were detected for this claim. Key factors: Long processing delay. Recommended action: No immediate action required. Final decision must be made by the authorized official."
FRA0071,Odisha,Keonjhar,21.767446,85.496336,NO,45,MEDIUM,Long processing delay | High claim overlap | Multiple previous rejections,,Moderate,"Claim FRA0071 from Keonjhar, Odisha has a risk score of 45/100 (MEDIUM). This claim has some risk indicators and may require additional verification. Key factors: Long processing delay | High claim overlap | Multiple previous rejections. Recommended action: Perform additional document verification. Final decision must be made by the authorized official."
FRA0072,Madhya Pradesh,Dindori,22.828266,81.096268,NO,0,LOW,,,Normal,"Claim FRA0072 from Dindori, Madhya Pradesh has a risk score of 0/100 (LOW). No major risk indicators were detected for this claim. Key factors: . Recommended action: No immediate action required. Final decision must be made by the authorized official."
FRA0073,Jharkhand,Simdega,22.664207,84.55158,NO,5,LOW,Multiple previous rejections,,Normal,"Claim FRA0073 from Simdega, Jharkhand has a risk score of 5/100 (LOW). No major risk indicators were detected for this claim. Key factors: Multiple previous rejections. Recommended action: No immediate action required. Final decision must be made by the authorized official."
FRA0074,Odisha,Mayurbhanj,22.076817,86.601819,NO,20,LOW,Moderate claim overlap | Multiple previous rejections,,Normal,"Claim FRA0074 from Mayurbhanj, Odisha has a risk score of 20/100 (LOW). No major risk indicators were detected for this claim. Key factors: Moderate claim overlap | Multiple previous rejections. Recommended action: No immediate action required. Final decision must be made by the authorized official."
FRA0075,Jharkhand,Simdega,22.616832,84.625708,NO,15,LOW,Moderate claim overlap,,Normal,"Claim FRA0075 from Simdega, Jharkhand has a risk score of 15/100 (LOW). No major risk indicators were detected for this claim. Key factors: Moderate claim overlap. Recommended action: No immediate action required. Final decision must be made by the authorized official."
FRA0076,Odisha,Koraput,18.755394,82.62495,NO,15,LOW,Long processing delay,,Normal,"Claim FRA0076 from Koraput, Odisha has a risk score of 15/100 (LOW). No major risk indicators were detected for this claim. Key factors: Long processing delay. Recommended action: No immediate action required. Final decision must be made by the authorized official."
FRA0077,Chhattisgarh,Surguja,22.821679,83.301094,NO,50,MEDIUM,Long processing delay | Area mismatch | Moderate claim overlap | Multiple previous rejections,,Moderate,"Claim FRA0077 from Surguja, Chhattisgarh has a risk score of 50/100 (MEDIUM). This claim has some risk indicators and may require additional verification. Key factors: Long processing delay | Area mismatch | Moderate claim overlap | Multiple previous rejections. Recommended action: Perform additional document verification. Final decision must be made by the authorized official."
FRA0078,Odisha,Koraput,18.791293,82.660563,NO,15,LOW,Long processing delay,,Normal,"Claim FRA0078 from Koraput, Odisha has a risk score of 15/100 (LOW). No major risk indicators were detected for this claim. Key factors: Long processing delay. Recommended action: No immediate action required. Final decision must be made by the authorized official."
FRA0079,Jharkhand,Gumla,22.90074,84.61766,NO,20,LOW,Moderate claim overlap | Multiple previous rejections,,Normal,"Claim FRA0079 from Gumla, Jharkhand has a risk score of 20/100 (LOW). No major risk indicators were detected for this claim. Key factors: Moderate claim overlap | Multiple previous rejections. Recommended action: No immediate action required. Final decision must be made by the authorized official."
FRA0080,Madhya Pradesh,Balaghat,21.880793,80.242154,NO,15,LOW,Moderate claim overlap,,Normal,"Claim FRA0080 from Balaghat, Madhya Pradesh has a risk score of 15/100 (LOW). No major risk indicators were detected for this claim. Key factors: Moderate claim overlap. Recommended action: No immediate action required. Final decision must be made by the authorized official."
FRA0081,Odisha,Koraput,18.665951,82.784849,NO,25,LOW,High claim overlap,,Normal,"Claim FRA0081 from Koraput, Odisha has a risk score of 25/100 (LOW). No major risk indicators were detected for this claim. Key factors: High claim overlap. Recommended action: No immediate action required. Final decision must be made by the authorized official."
FRA0082,Odisha,Keonjhar,21.566142,85.689772,NO,25,LOW,High claim overlap,,Normal,"Claim FRA0082 from Keonjhar, Odisha has a risk score of 25/100 (LOW). No major risk indicators were detected for this claim. Key factors: High claim overlap. Recommended action: No immediate action required. Final decision must be made by the authorized official."
FRA0083,Madhya Pradesh,Dindori,22.805473,81.220364,NO,0,LOW,,,Normal,"Claim FRA0083 from Dindori, Madhya Pradesh has a risk score of 0/100 (LOW). No major risk indicators were detected for this claim. Key factors: . Recommended action: No immediate action required. Final decision must be made by the authorized official."
FRA0084,Maharashtra,Nandurbar,21.253324,74.256048,NO,25,LOW,High claim overlap,,Normal,"Claim FRA0084 from Nandurbar, Maharashtra has a risk score of 25/100 (LOW). No major risk indicators were detected for this claim. Key factors: High claim overlap. Recommended action: No immediate action required. Final decision must be made by the authorized official."
FRA0085,Madhya Pradesh,Balaghat,21.843598,80.153259,NO,15,LOW,Moderate claim overlap,,Normal,"Claim FRA0085 from Balaghat, Madhya Pradesh has a risk score of 15/100 (LOW). No major risk indicators were detected for this claim. Key factors: Moderate claim overlap. Recommended action: No immediate action required. Final decision must be made by the authorized official."
FRA0086,Maharashtra,Nashik,20.087407,73.695109,NO,15,LOW,Moderate claim overlap,,Normal,"Claim FRA0086 from Nashik, Maharashtra has a risk score of 15/100 (LOW). No major risk indicators were detected for this claim. Key factors: Moderate claim overlap. Recommended action: No immediate action required. Final decision must be made by the authorized official."
FRA0087,Madhya Pradesh,Balaghat,21.75515,80.280706,NO,15,LOW,Long processing delay,,Normal,"Claim FRA0087 from Balaghat, Madhya Pradesh has a risk score of 15/100 (LOW). No major risk indicators were detected for this claim. Key factors: Long processing delay. Recommended action: No immediate action required. Final decision must be made by the authorized official."
FRA0088,Chhattisgarh,Surguja,22.855775,83.293018,NO,15,LOW,Moderate claim overlap,,Normal,"Claim FRA0088 from Surguja, Chhattisgarh has a risk score of 15/100 (LOW). No major risk indicators were detected for this claim. Key factors: Moderate claim overlap. Recommended action: No immediate action required. Final decision must be made by the authorized official."
FRA0089,Maharashtra,Nashik,19.861051,73.844702,NO,20,LOW,Moderate claim overlap | Multiple previous rejections,,Normal,"Claim FRA0089 from Nashik, Maharashtra has a risk score of 20/100 (LOW). No major risk indicators were detected for this claim. Key factors: Moderate claim overlap | Multiple previous rejections. Recommended action: No immediate action required. Final decision must be made by the authorized official."
FRA0090,Madhya Pradesh,Balaghat,21.711272,80.055918,NO,15,LOW,Long processing delay,,Normal,"Claim FRA0090 from Balaghat, Madhya Pradesh has a risk score of 15/100 (LOW). No major risk indicators were detected for this claim. Key factors: Long processing delay. Recommended action: No immediate action required. Final decision must be made by the authorized official."
FRA0091,Odisha,Keonjhar,21.714752,85.440293,NO,0,LOW,,,Normal,"Claim FRA0091 from Keonjhar, Odisha has a risk score of 0/100 (LOW). No major risk indicators were detected for this claim. Key factors: . Recommended action: No immediate action required. Final decision must be made by the authorized official."
FRA0092,Chhattisgarh,Bastar,19.117264,81.926669,NO,30,LOW,High claim overlap | Multiple previous rejections,,Normal,"Claim FRA0092 from Bastar, Chhattisgarh has a risk score of 30/100 (LOW). No major risk indicators were detected for this claim. Key factors: High claim overlap | Multiple previous rejections. Recommended action: No immediate action required. Final decision must be made by the authorized official."
FRA0093,Madhya Pradesh,Mandla,22.726245,80.328595,NO,20,LOW,Long processing delay | Multiple previous rejections,,Normal,"Claim FRA0093 from Mandla, Madhya Pradesh has a risk score of 20/100 (LOW). No major risk indicators were detected for this claim. Key factors: Long processing delay | Multiple previous rejections. Recommended action: No immediate action required. Final decision must be made by the authorized official."
FRA0094,Jharkhand,Ranchi,23.481296,85.373391,NO,30,LOW,High claim overlap | Multiple previous rejections,,Normal,"Claim FRA0094 from Ranchi, Jharkhand has a risk score of 30/100 (LOW). No major risk indicators were detected for this claim. Key factors: High claim overlap | Multiple previous rejections. Recommended action: No immediate action required. Final decision must be made by the authorized official."
FRA0095,Chhattisgarh,Surguja,22.838431,83.163528,NO,20,LOW,Long processing delay | Multiple previous rejections,,Normal,"Claim FRA0095 from Surguja, Chhattisgarh has a risk score of 20/100 (LOW). No major risk indicators were detected for this claim. Key factors: Long processing delay | Multiple previous rejections. Recommended action: No immediate action required. Final decision must be made by the authorized official."
FRA0096,Madhya Pradesh,Mandla,22.710673,80.320372,NO,20,LOW,Long processing delay | Multiple previous rejections,,Normal,"Claim FRA0096 from Mandla, Madhya Pradesh has a risk score of 20/100 (LOW). No major risk indicators were detected for this claim. Key factors: Long processing delay | Multiple previous rejections. Recommended action: No immediate action required. Final decision must be made by the authorized official."
FRA0097,Chhattisgarh,Kanker,20.327643,81.416314,NO,15,LOW,Moderate claim overlap,,Normal,"Claim FRA0097 from Kanker, Chhattisgarh has a risk score of 15/100 (LOW). No major risk indicators were detected for this claim. Key factors: Moderate claim overlap. Recommended action: No immediate action required. Final decision must be made by the authorized official."
FRA0098,Odisha,Keonjhar,21.699195,85.706593,NO,5,LOW,Multiple previous rejections,,Normal,"Claim FRA0098 from Keonjhar, Odisha has a risk score of 5/100 (LOW). No major risk indicators were detected for this claim. Key factors: Multiple previous rejections. Recommended action: No immediate action required. Final decision must be made by the authorized official."
FRA0099,Maharashtra,Nashik,20.111773,73.879655,NO,25,LOW,High claim overlap,,Normal,"Claim FRA0099 from Nashik, Maharashtra has a risk score of 25/100 (LOW). No major risk indicators were detected for this claim. Key factors: High claim overlap. Recommended action: No immediate action required. Final decision must be made by the authorized official."
FRA0100,Maharashtra,Nashik,19.986632,73.828868,NO,15,LOW,Moderate claim overlap,,Normal,"Claim FRA0100 from Nashik, Maharashtra has a risk score of 15/100 (LOW). No major risk indicators were detected for this claim. Key factors: Moderate claim overlap. Recommended action: No immediate action required. Final decision must be made by the authorized official."
FRA0101,Jharkhand,Gumla,22.963439,84.637679,NO,5,LOW,Multiple previous rejections,,Normal,"Claim FRA0101 from Gumla, Jharkhand has a risk score of 5/100 (LOW). No major risk indicators were detected for this claim. Key factors: Multiple previous rejections. Recommended action: No immediate action required. Final decision must be made by the authorized official."
FRA0102,Madhya Pradesh,Balaghat,21.911574,80.302843,NO,30,LOW,High claim overlap | Multiple previous rejections,,Normal,"Claim FRA0102 from Balaghat, Madhya Pradesh has a risk score of 30/100 (LOW). No major risk indicators were detected for this claim. Key factors: High claim overlap | Multiple previous rejections. Recommended action: No immediate action required. Final decision must be made by the authorized official."
FRA0103,Odisha,Keonjhar,21.769469,85.483164,NO,5,LOW,Multiple previous rejections,,Normal,"Claim FRA0103 from Keonjhar, Odisha has a risk score of 5/100 (LOW). No major risk indicators were detected for this claim. Key factors: Multiple previous rejections. Recommended action: No immediate action required. Final decision must be made by the authorized official."
FRA0104,Odisha,Keonjhar,21.673744,85.489342,NO,20,LOW,Moderate claim overlap | Multiple previous rejections,,Normal,"Claim FRA0104 from Keonjhar, Odisha has a risk score of 20/100 (LOW). No major risk indicators were detected for this claim. Key factors: Moderate claim overlap | Multiple previous rejections. Recommended action: No immediate action required. Final decision must be made by the authorized official."
FRA0105,Chhattisgarh,Surguja,22.757599,83.29077,NO,15,LOW,Moderate claim overlap,,Normal,"Claim FRA0105 from Surguja, Chhattisgarh has a risk score of 15/100 (LOW). No major risk indicators were detected for this claim. Key factors: Moderate claim overlap. Recommended action: No immediate action required. Final decision must be made by the authorized official."
FRA0106,Jharkhand,Ranchi,23.326268,85.182466,NO,15,LOW,Long processing delay,,Normal,"Claim FRA0106 from Ranchi, Jharkhand has a risk score of 15/100 (LOW). No major risk indicators were detected for this claim. Key factors: Long processing delay. Recommended action: No immediate action required. Final decision must be made by the authorized official."
FRA0107,Jharkhand,Gumla,23.173388,84.636882,NO,5,LOW,Multiple previous rejections,,Normal,"Claim FRA0107 from Gumla, Jharkhand has a risk score of 5/100 (LOW). No major risk indicators were detected for this claim. Key factors: Multiple previous rejections. Recommended action: No immediate action required. Final decision must be made by the authorized official."
FRA0108,Madhya Pradesh,Dindori,22.80729,80.982358,NO,20,LOW,Long processing delay | Multiple previous rejections,,Normal,"Claim FRA0108 from Dindori, Madhya Pradesh has a risk score of 20/100 (LOW). No major risk indicators were detected for this claim. Key factors: Long processing delay | Multiple previous rejections. Recommended action: No immediate action required. Final decision must be made by the authorized official."
FRA0109,Odisha,Koraput,18.71123,82.802646,NO,20,LOW,Moderate claim overlap | Multiple previous rejections,,Normal,"Claim FRA0109 from Koraput, Odisha has a risk score of 20/100 (LOW). No major risk indicators were detected for this claim. Key factors: Moderate claim overlap | Multiple previous rejections. Recommended action: No immediate action required. Final decision must be made by the authorized official."
FRA0110,Chhattisgarh,Surguja,22.96736,83.235484,NO,5,LOW,Multiple previous rejections,,Normal,"Claim FRA0110 from Surguja, Chhattisgarh has a risk score of 5/100 (LOW). No major risk indicators were detected for this claim. Key factors: Multiple previous rejections. Recommended action: No immediate action required. Final decision must be made by the authorized official."
FRA0111,Jharkhand,Gumla,23.162286,84.483547,NO,40,MEDIUM,Long processing delay | High claim overlap,,Moderate,"Claim FRA0111 from Gumla, Jharkhand has a risk score of 40/100 (MEDIUM). This claim has some risk indicators and may require additional verification. Key factors: Long processing delay | High claim overlap. Recommended action: Perform additional document verification. Final decision must be made by the authorized official."
FRA0112,Madhya Pradesh,Mandla,22.714034,80.486755,NO,25,LOW,High claim overlap,,Normal,"Claim FRA0112 from Mandla, Madhya Pradesh has a risk score of 25/100 (LOW). No major risk indicators were detected for this claim. Key factors: High claim overlap. Recommended action: No immediate action required. Final decision must be made by the authorized official."
FRA0113,Odisha,Mayurbhanj,21.877404,86.866969,NO,30,LOW,High claim overlap | Multiple previous rejections,,Normal,"Claim FRA0113 from Mayurbhanj, Odisha has a risk score of 30/100 (LOW). No major risk indicators were detected for this claim. Key factors: High claim overlap | Multiple previous rejections. Recommended action: No immediate action required. Final decision must be made by the authorized official."
FRA0114,Odisha,Mayurbhanj,21.794857,86.688234,YES,55,HIGH,Long processing delay | High claim overlap | Multiple previous rejections | ML anomaly detected,,High,"Claim FRA0114 from Mayurbhanj, Odisha has a risk score of 55/100 (HIGH). This claim shows significant risk indicators and should be reviewed by the concerned authority. Key factors: Long processing delay | High claim overlap | Multiple previous rejections | ML anomaly detected. Recommended action: Review claim documents and processing history. Final decision must be made by the authorized official."
FRA0115,Chhattisgarh,Bastar,19.146494,82.081279,NO,30,LOW,Long processing delay | Moderate claim overlap,,Normal,"Claim FRA0115 from Bastar, Chhattisgarh has a risk score of 30/100 (LOW). No major risk indicators were detected for this claim. Key factors: Long processing delay | Moderate claim overlap. Recommended action: No immediate action required. Final decision must be made by the authorized official."
FRA0116,Jharkhand,Simdega,22.652759,84.443165,NO,15,LOW,Moderate claim overlap,,Normal,"Claim FRA0116 from Simdega, Jharkhand has a risk score of 15/100 (LOW). No major risk indicators were detected for this claim. Key factors: Moderate claim overlap. Recommended action: No immediate action required. Final decision must be made by the authorized official."
FRA0117,Maharashtra,Gadchiroli,20.133361,80.04525,NO,5,LOW,Multiple previous rejections,,Normal,"Claim FRA0117 from Gadchiroli, Maharashtra has a risk score of 5/100 (LOW). No major risk indicators were detected for this claim. Key factors: Multiple previous rejections. Recommended action: No immediate action required. Final decision must be made by the authorized official."
FRA0118,Chhattisgarh,Surguja,22.891882,83.211111,NO,15,LOW,Long processing delay,,Normal,"Claim FRA0118 from Surguja, Chhattisgarh has a risk score of 15/100 (LOW). No major risk indicators were detected for this claim. Key factors: Long processing delay. Recommended action: No immediate action required. Final decision must be made by the authorized official."
FRA0119,Maharashtra,Nandurbar,21.471335,74.271939,NO,40,MEDIUM,Long processing delay | High claim overlap,,Moderate,"Claim FRA0119 from Nandurbar, Maharashtra has a risk score of 40/100 (MEDIUM). This claim has some risk indicators and may require additional verification. Key factors: Long processing delay | High claim overlap. Recommended action: Perform additional document verification. Final decision must be made by the authorized official."
FRA0120,Odisha,Keonjhar,21.503128,85.488968,NO,20,LOW,Moderate claim overlap | Multiple previous rejections,,Normal,"Claim FRA0120 from Keonjhar, Odisha has a risk score of 20/100 (LOW). No major risk indicators were detected for this claim. Key factors: Moderate claim overlap | Multiple previous rejections. Recommended action: No immediate action required. Final decision must be made by the authorized official."
FRA0121,Madhya Pradesh,Balaghat,21.693692,80.092187,NO,5,LOW,Multiple previous rejections,,Normal,"Claim FRA0121 from Balaghat, Madhya Pradesh has a risk score of 5/100 (LOW). No major risk indicators were detected for this claim. Key factors: Multiple previous rejections. Recommended action: No immediate action required. Final decision must be made by the authorized official."
FRA0122,Jharkhand,Simdega,22.491123,84.601475,NO,45,MEDIUM,Long processing delay | High claim overlap | Multiple previous rejections,,Moderate,"Claim FRA0122 from Simdega, Jharkhand has a risk score of 45/100 (MEDIUM). This claim has some risk indicators and may require additional verification. Key factors: Long processing delay | High claim overlap | Multiple previous rejections. Recommended action: Perform additional document verification. Final decision must be made by the authorized official."
FRA0123,Odisha,Keonjhar,21.567495,85.72663,NO,5,LOW,Multiple previous rejections,,Normal,"Claim FRA0123 from Keonjhar, Odisha has a risk score of 5/100 (LOW). No major risk indicators were detected for this claim. Key factors: Multiple previous rejections. Recommended action: No immediate action required. Final decision must be made by the authorized official."
FRA0124,Madhya Pradesh,Balaghat,21.762564,80.164914,NO,15,LOW,Long processing delay,,Normal,"Claim FRA0124 from Balaghat, Madhya Pradesh has a risk score of 15/100 (LOW). No major risk indicators were detected for this claim. Key factors: Long processing delay. Recommended action: No immediate action required. Final decision must be made by the authorized official."
FRA0125,Chhattisgarh,Surguja,22.898822,83.057992,NO,25,LOW,High claim overlap,,Normal,"Claim FRA0125 from Surguja, Chhattisgarh has a risk score of 25/100 (LOW). No major risk indicators were detected for this claim. Key factors: High claim overlap. Recommended action: No immediate action required. Final decision must be made by the authorized official."
FRA0126,Jharkhand,Simdega,22.607757,84.409881,NO,45,MEDIUM,Long processing delay | High claim overlap | Multiple previous rejections,,Moderate,"Claim FRA0126 from Simdega, Jharkhand has a risk score of 45/100 (MEDIUM). This claim has some risk indicators and may require additional verification. Key factors: Long processing delay | High claim overlap | Multiple previous rejections. Recommended action: Perform additional document verification. Final decision must be made by the authorized official."
FRA0127,Madhya Pradesh,Mandla,22.725234,80.264005,NO,5,LOW,Multiple previous rejections,,Normal,"Claim FRA0127 from Mandla, Madhya Pradesh has a risk score of 5/100 (LOW). No major risk indicators were detected for this claim. Key factors: Multiple previous rejections. Recommended action: No immediate action required. Final decision must be made by the authorized official."
FRA0128,Odisha,Keonjhar,21.574114,85.663122,NO,20,LOW,Moderate claim overlap | Multiple previous rejections,,Normal,"Claim FRA0128 from Keonjhar, Odisha has a risk score of 20/100 (LOW). No major risk indicators were detected for this claim. Key factors: Moderate claim overlap | Multiple previous rejections. Recommended action: No immediate action required. Final decision must be made by the authorized official."
FRA0129,Maharashtra,Nashik,20.144619,73.674647,NO,20,LOW,Moderate claim overlap | Multiple previous rejections,,Normal,"Claim FRA0129 from Nashik, Maharashtra has a risk score of 20/100 (LOW). No major risk indicators were detected for this claim. Key factors: Moderate claim overlap | Multiple previous rejections. Recommended action: No immediate action required. Final decision must be made by the authorized official."
FRA0130,Chhattisgarh,Bastar,18.998689,82.021759,NO,15,LOW,Moderate claim overlap,,Normal,"Claim FRA0130 from Bastar, Chhattisgarh has a risk score of 15/100 (LOW). No major risk indicators were detected for this claim. Key factors: Moderate claim overlap. Recommended action: No immediate action required. Final decision must be made by the authorized official."
FRA0131,Madhya Pradesh,Dindori,23.015578,80.999107,NO,5,LOW,Multiple previous rejections,,Normal,"Claim FRA0131 from Dindori, Madhya Pradesh has a risk score of 5/100 (LOW). No major risk indicators were detected for this claim. Key factors: Multiple previous rejections. Recommended action: No immediate action required. Final decision must be made by the authorized official."
FRA0132,Chhattisgarh,Surguja,22.852914,83.178829,NO,15,LOW,Long processing delay,,Normal,"Claim FRA0132 from Surguja, Chhattisgarh has a risk score of 15/100 (LOW). No major risk indicators were detected for this claim. Key factors: Long processing delay. Recommended action: No immediate action required. Final decision must be made by the authorized official."
FRA0133,Chhattisgarh,Surguja,22.887229,83.074002,NO,25,LOW,High claim overlap,,Normal,"Claim FRA0133 from Surguja, Chhattisgarh has a risk score of 25/100 (LOW). No major risk indicators were detected for this claim. Key factors: High claim overlap. Recommended action: No immediate action required. Final decision must be made by the authorized official."
FRA0134,Chhattisgarh,Bastar,19.248104,82.00711,NO,0,LOW,,,Normal,"Claim FRA0134 from Bastar, Chhattisgarh has a risk score of 0/100 (LOW). No major risk indicators were detected for this claim. Key factors: . Recommended action: No immediate action required. Final decision must be made by the authorized official."
FRA0135,Maharashtra,Nandurbar,21.280736,74.265506,NO,20,LOW,Long processing delay | Multiple previous rejections,,Normal,"Claim FRA0135 from Nandurbar, Maharashtra has a risk score of 20/100 (LOW). No major risk indicators were detected for this claim. Key factors: Long processing delay | Multiple previous rejections. Recommended action: No immediate action required. Final decision must be made by the authorized official."
FRA0136,Odisha,Koraput,18.733913,82.778172,NO,20,LOW,Moderate claim overlap | Multiple previous rejections,,Normal,"Claim FRA0136 from Koraput, Odisha has a risk score of 20/100 (LOW). No major risk indicators were detected for this claim. Key factors: Moderate claim overlap | Multiple previous rejections. Recommended action: No immediate action required. Final decision must be made by the authorized official."
FRA0137,Odisha,Mayurbhanj,21.893586,86.721907,NO,5,LOW,Multiple previous rejections,,Normal,"Claim FRA0137 from Mayurbhanj, Odisha has a risk score of 5/100 (LOW). No major risk indicators were detected for this claim. Key factors: Multiple previous rejections. Recommended action: No immediate action required. Final decision must be made by the authorized official."
FRA0138,Chhattisgarh,Surguja,23.036234,83.270814,NO,20,LOW,Long processing delay | Multiple previous rejections,,Normal,"Claim FRA0138 from Surguja, Chhattisgarh has a risk score of 20/100 (LOW). No major risk indicators were detected for this claim. Key factors: Long processing delay | Multiple previous rejections. Recommended action: No immediate action required. Final decision must be made by the authorized official."
FRA0139,Odisha,Keonjhar,21.550781,85.676554,NO,5,LOW,Multiple previous rejections,,Normal,"Claim FRA0139 from Keonjhar, Odisha has a risk score of 5/100 (LOW). No major risk indicators were detected for this claim. Key factors: Multiple previous rejections. Recommended action: No immediate action required. Final decision must be made by the authorized official."
FRA0140,Odisha,Mayurbhanj,21.879854,86.770083,NO,15,LOW,Moderate claim overlap,,Normal,"Claim FRA0140 from Mayurbhanj, Odisha has a risk score of 15/100 (LOW). No major risk indicators were detected for this claim. Key factors: Moderate claim overlap. Recommended action: No immediate action required. Final decision must be made by the authorized official."
FRA0141,Chhattisgarh,Surguja,22.997446,83.081737,NO,35,MEDIUM,Long processing delay | Moderate claim overlap | Multiple previous rejections,,Moderate,"Claim FRA0141 from Surguja, Chhattisgarh has a risk score of 35/100 (MEDIUM). This claim has some risk indicators and may require additional verification. Key factors: Long processing delay | Moderate claim overlap | Multiple previous rejections. Recommended action: Perform additional document verification. Final decision must be made by the authorized official."
FRA0142,Madhya Pradesh,Dindori,22.971427,81.165596,NO,35,MEDIUM,Long processing delay | Moderate claim overlap | Multiple previous rejections,,Moderate,"Claim FRA0142 from Dindori, Madhya Pradesh has a risk score of 35/100 (MEDIUM). This claim has some risk indicators and may require additional verification. Key factors: Long processing delay | Moderate claim overlap | Multiple previous rejections. Recommended action: Perform additional document verification. Final decision must be made by the authorized official."
FRA0143,Jharkhand,Gumla,23.18105,84.606669,NO,5,LOW,Multiple previous rejections,,Normal,"Claim FRA0143 from Gumla, Jharkhand has a risk score of 5/100 (LOW). No major risk indicators were detected for this claim. Key factors: Multiple previous rejections. Recommended action: No immediate action required. Final decision must be made by the authorized official."
FRA0144,Chhattisgarh,Bastar,18.971083,82.089162,NO,5,LOW,Multiple previous rejections,,Normal,"Claim FRA0144 from Bastar, Chhattisgarh has a risk score of 5/100 (LOW). No major risk indicators were detected for this claim. Key factors: Multiple previous rejections. Recommended action: No immediate action required. Final decision must be made by the authorized official."
FRA0145,Jharkhand,Ranchi,23.205226,85.359927,NO,15,LOW,Long processing delay,,Normal,"Claim FRA0145 from Ranchi, Jharkhand has a risk score of 15/100 (LOW). No major risk indicators were detected for this claim. Key factors: Long processing delay. Recommended action: No immediate action required. Final decision must be made by the authorized official."
FRA0146,Odisha,Keonjhar,21.770874,85.56189,NO,5,LOW,Multiple previous rejections,,Normal,"Claim FRA0146 from Keonjhar, Odisha has a risk score of 5/100 (LOW). No major risk indicators were detected for this claim. Key factors: Multiple previous rejections. Recommended action: No immediate action required. Final decision must be made by the authorized official."
FRA0147,Maharashtra,Gadchiroli,20.150511,80.001551,YES,55,HIGH,Large area mismatch | Moderate claim overlap | Multiple previous rejections | ML anomaly detected,,High,"Claim FRA0147 from Gadchiroli, Maharashtra has a risk score of 55/100 (HIGH). This claim shows significant risk indicators and should be reviewed by the concerned authority. Key factors: Large area mismatch | Moderate claim overlap | Multiple previous rejections | ML anomaly detected. Recommended action: Review claim documents and processing history. Final decision must be made by the authorized official."
FRA0148,Madhya Pradesh,Dindori,22.860492,81.212489,NO,15,LOW,Long processing delay,,Normal,"Claim FRA0148 from Dindori, Madhya Pradesh has a risk score of 15/100 (LOW). No major risk indicators were detected for this claim. Key factors: Long processing delay. Recommended action: No immediate action required. Final decision must be made by the authorized official."
FRA0149,Chhattisgarh,Kanker,20.203431,81.464179,NO,15,LOW,Moderate claim overlap,,Normal,"Claim FRA0149 from Kanker, Chhattisgarh has a risk score of 15/100 (LOW). No major risk indicators were detected for this claim. Key factors: Moderate claim overlap. Recommended action: No immediate action required. Final decision must be made by the authorized official."
FRA0150,Odisha,Koraput,18.873504,82.613379,NO,40,MEDIUM,Long processing delay | High claim overlap,,Moderate,"Claim FRA0150 from Koraput, Odisha has a risk score of 40/100 (MEDIUM). This claim has some risk indicators and may require additional verification. Key factors: Long processing delay | High claim overlap. Recommended action: Perform additional document verification. Final decision must be made by the authorized official."
FRA0151,Jharkhand,Simdega,22.492154,84.590752,NO,25,LOW,High claim overlap,,Normal,"Claim FRA0151 from Simdega, Jharkhand has a risk score of 25/100 (LOW). No major risk indicators were detected for this claim. Key factors: High claim overlap. Recommended action: No immediate action required. Final decision must be made by the authorized official."
FRA0152,Madhya Pradesh,Mandla,22.521446,80.475293,NO,5,LOW,Multiple previous rejections,,Normal,"Claim FRA0152 from Mandla, Madhya Pradesh has a risk score of 5/100 (LOW). No major risk indicators were detected for this claim. Key factors: Multiple previous rejections. Recommended action: No immediate action required. Final decision must be made by the authorized official."
FRA0153,Maharashtra,Gadchiroli,20.194086,80.082316,NO,45,MEDIUM,Long processing delay | High claim overlap | Multiple previous rejections,,Moderate,"Claim FRA0153 from Gadchiroli, Maharashtra has a risk score of 45/100 (MEDIUM). This claim has some risk indicators and may require additional verification. Key factors: Long processing delay | High claim overlap | Multiple previous rejections. Recommended action: Perform additional document verification. Final decision must be made by the authorized official."
FRA0154,Madhya Pradesh,Mandla,22.493757,80.371718,NO,30,LOW,High claim overlap | Multiple previous rejections,,Normal,"Claim FRA0154 from Mandla, Madhya Pradesh has a risk score of 30/100 (LOW). No major risk indicators were detected for this claim. Key factors: High claim overlap | Multiple previous rejections. Recommended action: No immediate action required. Final decision must be made by the authorized official."
FRA0155,Maharashtra,Nashik,19.904263,73.665934,NO,30,LOW,Long processing delay | Moderate claim overlap,,Normal,"Claim FRA0155 from Nashik, Maharashtra has a risk score of 30/100 (LOW). No major risk indicators were detected for this claim. Key factors: Long processing delay | Moderate claim overlap. Recommended action: No immediate action required. Final decision must be made by the authorized official."
FRA0156,Madhya Pradesh,Dindori,22.98562,80.956219,YES,25,LOW,Long processing delay | ML anomaly detected,,Normal,"Claim FRA0156 from Dindori, Madhya Pradesh has a risk score of 25/100 (LOW). No major risk indicators were detected for this claim. Key factors: Long processing delay | ML anomaly detected. Recommended action: No immediate action required. Final decision must be made by the authorized official."
FRA0157,Maharashtra,Nashik,20.098822,73.68988,NO,5,LOW,Multiple previous rejections,,Normal,"Claim FRA0157 from Nashik, Maharashtra has a risk score of 5/100 (LOW). No major risk indicators were detected for this claim. Key factors: Multiple previous rejections. Recommended action: No immediate action required. Final decision must be made by the authorized official."
FRA0158,Madhya Pradesh,Mandla,22.621167,80.377365,NO,15,LOW,Moderate claim overlap,,Normal,"Claim FRA0158 from Mandla, Madhya Pradesh has a risk score of 15/100 (LOW). No major risk indicators were detected for this claim. Key factors: Moderate claim overlap. Recommended action: No immediate action required. Final decision must be made by the authorized official."
FRA0159,Maharashtra,Nashik,20.090293,73.78906,YES,10,LOW,ML anomaly detected,,Normal,"Claim FRA0159 from Nashik, Maharashtra has a risk score of 10/100 (LOW). No major risk indicators were detected for this claim. Key factors: ML anomaly detected. Recommended action: No immediate action required. Final decision must be made by the authorized official."
FRA0160,Odisha,Mayurbhanj,21.945799,86.708286,NO,35,MEDIUM,Long processing delay | Moderate claim overlap | Multiple previous rejections,,Moderate,"Claim FRA0160 from Mayurbhanj, Odisha has a risk score of 35/100 (MEDIUM). This claim has some risk indicators and may require additional verification. Key factors: Long processing delay | Moderate claim overlap | Multiple previous rejections. Recommended action: Perform additional document verification. Final decision must be made by the authorized official."
FRA0161,Madhya Pradesh,Balaghat,21.779928,80.038695,NO,15,LOW,Long processing delay,,Normal,"Claim FRA0161 from Balaghat, Madhya Pradesh has a risk score of 15/100 (LOW). No major risk indicators were detected for this claim. Key factors: Long processing delay. Recommended action: No immediate action required. Final decision must be made by the authorized official."
FRA0162,Madhya Pradesh,Mandla,22.66879,80.287168,NO,20,LOW,Moderate claim overlap | Multiple previous rejections,,Normal,"Claim FRA0162 from Mandla, Madhya Pradesh has a risk score of 20/100 (LOW). No major risk indicators were detected for this claim. Key factors: Moderate claim overlap | Multiple previous rejections. Recommended action: No immediate action required. Final decision must be made by the authorized official."
FRA0163,Maharashtra,Nandurbar,21.273879,74.297918,NO,0,LOW,,,Normal,"Claim FRA0163 from Nandurbar, Maharashtra has a risk score of 0/100 (LOW). No major risk indicators were detected for this claim. Key factors: . Recommended action: No immediate action required. Final decision must be made by the authorized official."
FRA0164,Chhattisgarh,Surguja,22.848295,83.102784,NO,30,LOW,High claim overlap | Multiple previous rejections,,Normal,"Claim FRA0164 from Surguja, Chhattisgarh has a risk score of 30/100 (LOW). No major risk indicators were detected for this claim. Key factors: High claim overlap | Multiple previous rejections. Recommended action: No immediate action required. Final decision must be made by the authorized official."
FRA0165,Maharashtra,Nandurbar,21.416975,74.199175,NO,15,LOW,Long processing delay,,Normal,"Claim FRA0165 from Nandurbar, Maharashtra has a risk score of 15/100 (LOW). No major risk indicators were detected for this claim. Key factors: Long processing delay. Recommended action: No immediate action required. Final decision must be made by the authorized official."
FRA0166,Maharashtra,Nashik,19.935719,73.808395,NO,35,MEDIUM,Long processing delay | Moderate claim overlap | Multiple previous rejections,,Moderate,"Claim FRA0166 from Nashik, Maharashtra has a risk score of 35/100 (MEDIUM). This claim has some risk indicators and may require additional verification. Key factors: Long processing delay | Moderate claim overlap | Multiple previous rejections. Recommended action: Perform additional document verification. Final decision must be made by the authorized official."
FRA0167,Maharashtra,Gadchiroli,20.290263,79.877203,NO,30,LOW,High claim overlap | Multiple previous rejections,,Normal,"Claim FRA0167 from Gadchiroli, Maharashtra has a risk score of 30/100 (LOW). No major risk indicators were detected for this claim. Key factors: High claim overlap | Multiple previous rejections. Recommended action: No immediate action required. Final decision must be made by the authorized official."
FRA0168,Maharashtra,Nashik,19.921143,73.719834,NO,30,LOW,Long processing delay | Moderate claim overlap,,Normal,"Claim FRA0168 from Nashik, Maharashtra has a risk score of 30/100 (LOW). No major risk indicators were detected for this claim. Key factors: Long processing delay | Moderate claim overlap. Recommended action: No immediate action required. Final decision must be made by the authorized official."
FRA0169,Maharashtra,Nandurbar,21.224752,74.296478,NO,40,MEDIUM,Long processing delay | High claim overlap,,Moderate,"Claim FRA0169 from Nandurbar, Maharashtra has a risk score of 40/100 (MEDIUM). This claim has some risk indicators and may require additional verification. Key factors: Long processing delay | High claim overlap. Recommended action: Perform additional document verification. Final decision must be made by the authorized official."
FRA0170,Chhattisgarh,Bastar,19.141684,81.818774,NO,30,LOW,High claim overlap | Multiple previous rejections,,Normal,"Claim FRA0170 from Bastar, Chhattisgarh has a risk score of 30/100 (LOW). No major risk indicators were detected for this claim. Key factors: High claim overlap | Multiple previous rejections. Recommended action: No immediate action required. Final decision must be made by the authorized official."
FRA0171,Jharkhand,Simdega,22.494563,84.623119,NO,0,LOW,,,Normal,"Claim FRA0171 from Simdega, Jharkhand has a risk score of 0/100 (LOW). No major risk indicators were detected for this claim. Key factors: . Recommended action: No immediate action required. Final decision must be made by the authorized official."
FRA0172,Chhattisgarh,Surguja,22.866851,83.175392,NO,25,LOW,High claim overlap,,Normal,"Claim FRA0172 from Surguja, Chhattisgarh has a risk score of 25/100 (LOW). No major risk indicators were detected for this claim. Key factors: High claim overlap. Recommended action: No immediate action required. Final decision must be made by the authorized official."
FRA0173,Maharashtra,Nandurbar,21.226873,74.159935,NO,0,LOW,,,Normal,"Claim FRA0173 from Nandurbar, Maharashtra has a risk score of 0/100 (LOW). No major risk indicators were detected for this claim. Key factors: . Recommended action: No immediate action required. Final decision must be made by the authorized official."
FRA0174,Madhya Pradesh,Dindori,22.867132,81.009006,YES,30,LOW,Long processing delay | Multiple previous rejections | ML anomaly detected,,Normal,"Claim FRA0174 from Dindori, Madhya Pradesh has a risk score of 30/100 (LOW). No major risk indicators were detected for this claim. Key factors: Long processing delay | Multiple previous rejections | ML anomaly detected. Recommended action: No immediate action required. Final decision must be made by the authorized official."
FRA0175,Madhya Pradesh,Dindori,23.003127,80.986842,NO,15,LOW,Long processing delay,,Normal,"Claim FRA0175 from Dindori, Madhya Pradesh has a risk score of 15/100 (LOW). No major risk indicators were detected for this claim. Key factors: Long processing delay. Recommended action: No immediate action required. Final decision must be made by the authorized official."
FRA0176,Odisha,Keonjhar,21.653649,85.589505,NO,20,LOW,Long processing delay | Multiple previous rejections,,Normal,"Claim FRA0176 from Keonjhar, Odisha has a risk score of 20/100 (LOW). No major risk indicators were detected for this claim. Key factors: Long processing delay | Multiple previous rejections. Recommended action: No immediate action required. Final decision must be made by the authorized official."
FRA0177,Maharashtra,Gadchiroli,20.290753,79.851649,NO,25,LOW,High claim overlap,,Normal,"Claim FRA0177 from Gadchiroli, Maharashtra has a risk score of 25/100 (LOW). No major risk indicators were detected for this claim. Key factors: High claim overlap. Recommended action: No immediate action required. Final decision must be made by the authorized official."
FRA0178,Odisha,Koraput,18.78432,82.755805,NO,30,LOW,Long processing delay | Moderate claim overlap,,Normal,"Claim FRA0178 from Koraput, Odisha has a risk score of 30/100 (LOW). No major risk indicators were detected for this claim. Key factors: Long processing delay | Moderate claim overlap. Recommended action: No immediate action required. Final decision must be made by the authorized official."
FRA0179,Maharashtra,Nandurbar,21.371088,74.198738,NO,30,LOW,Long processing delay | Moderate claim overlap,,Normal,"Claim FRA0179 from Nandurbar, Maharashtra has a risk score of 30/100 (LOW). No major risk indicators were detected for this claim. Key factors: Long processing delay | Moderate claim overlap. Recommended action: No immediate action required. Final decision must be made by the authorized official."
FRA0180,Madhya Pradesh,Dindori,23.082888,81.216908,NO,5,LOW,Multiple previous rejections,,Normal,"Claim FRA0180 from Dindori, Madhya Pradesh has a risk score of 5/100 (LOW). No major risk indicators were detected for this claim. Key factors: Multiple previous rejections. Recommended action: No immediate action required. Final decision must be made by the authorized official."
FRA0181,Madhya Pradesh,Mandla,22.510476,80.341686,NO,15,LOW,Long processing delay,,Normal,"Claim FRA0181 from Mandla, Madhya Pradesh has a risk score of 15/100 (LOW). No major risk indicators were detected for this claim. Key factors: Long processing delay. Recommended action: No immediate action required. Final decision must be made by the authorized official."
FRA0182,Odisha,Koraput,18.797184,82.570196,NO,20,LOW,Moderate claim overlap | Multiple previous rejections,,Normal,"Claim FRA0182 from Koraput, Odisha has a risk score of 20/100 (LOW). No major risk indicators were detected for this claim. Key factors: Moderate claim overlap | Multiple previous rejections. Recommended action: No immediate action required. Final decision must be made by the authorized official."
FRA0183,Maharashtra,Nandurbar,21.254548,74.110315,NO,20,LOW,Moderate claim overlap | Multiple previous rejections,,Normal,"Claim FRA0183 from Nandurbar, Maharashtra has a risk score of 20/100 (LOW). No major risk indicators were detected for this claim. Key factors: Moderate claim overlap | Multiple previous rejections. Recommended action: No immediate action required. Final decision must be made by the authorized official."
FRA0184,Odisha,Mayurbhanj,22.04704,86.578043,NO,0,LOW,,,Normal,"Claim FRA0184 from Mayurbhanj, Odisha has a risk score of 0/100 (LOW). No major risk indicators were detected for this claim. Key factors: . Recommended action: No immediate action required. Final decision must be made by the authorized official."
FRA0185,Maharashtra,Nandurbar,21.283728,74.1914,NO,15,LOW,Long processing delay,,Normal,"Claim FRA0185 from Nandurbar, Maharashtra has a risk score of 15/100 (LOW). No major risk indicators were detected for this claim. Key factors: Long processing delay. Recommended action: No immediate action required. Final decision must be made by the authorized official."
FRA0186,Chhattisgarh,Bastar,19.159614,81.886502,NO,20,LOW,Moderate claim overlap | Multiple previous rejections,,Normal,"Claim FRA0186 from Bastar, Chhattisgarh has a risk score of 20/100 (LOW). No major risk indicators were detected for this claim. Key factors: Moderate claim overlap | Multiple previous rejections. Recommended action: No immediate action required. Final decision must be made by the authorized official."
FRA0187,Madhya Pradesh,Mandla,22.502776,80.483304,NO,30,LOW,Long processing delay | Moderate claim overlap,,Normal,"Claim FRA0187 from Mandla, Madhya Pradesh has a risk score of 30/100 (LOW). No major risk indicators were detected for this claim. Key factors: Long processing delay | Moderate claim overlap. Recommended action: No immediate action required. Final decision must be made by the authorized official."
FRA0188,Madhya Pradesh,Mandla,22.731619,80.318225,NO,35,MEDIUM,Long processing delay | Moderate claim overlap | Multiple previous rejections,,Moderate,"Claim FRA0188 from Mandla, Madhya Pradesh has a risk score of 35/100 (MEDIUM). This claim has some risk indicators and may require additional verification. Key factors: Long processing delay | Moderate claim overlap | Multiple previous rejections. Recommended action: Perform additional document verification. Final decision must be made by the authorized official."
FRA0189,Odisha,Koraput,18.796587,82.646172,NO,15,LOW,Moderate claim overlap,,Normal,"Claim FRA0189 from Koraput, Odisha has a risk score of 15/100 (LOW). No major risk indicators were detected for this claim. Key factors: Moderate claim overlap. Recommended action: No immediate action required. Final decision must be made by the authorized official."
FRA0190,Jharkhand,Simdega,22.555541,84.63537,NO,20,LOW,Moderate claim overlap | Multiple previous rejections,,Normal,"Claim FRA0190 from Simdega, Jharkhand has a risk score of 20/100 (LOW). No major risk indicators were detected for this claim. Key factors: Moderate claim overlap | Multiple previous rejections. Recommended action: No immediate action required. Final decision must be made by the authorized official."
FRA0191,Odisha,Mayurbhanj,22.049398,86.814524,NO,5,LOW,Multiple previous rejections,,Normal,"Claim FRA0191 from Mayurbhanj, Odisha has a risk score of 5/100 (LOW). No major risk indicators were detected for this claim. Key factors: Multiple previous rejections. Recommended action: No immediate action required. Final decision must be made by the authorized official."
FRA0192,Odisha,Mayurbhanj,22.041292,86.683784,NO,35,MEDIUM,Long processing delay | Moderate claim overlap | Multiple previous rejections,,Moderate,"Claim FRA0192 from Mayurbhanj, Odisha has a risk score of 35/100 (MEDIUM). This claim has some risk indicators and may require additional verification. Key factors: Long processing delay | Moderate claim overlap | Multiple previous rejections. Recommended action: Perform additional document verification. Final decision must be made by the authorized official."
FRA0193,Chhattisgarh,Bastar,19.211795,81.865643,NO,15,LOW,Long processing delay,,Normal,"Claim FRA0193 from Bastar, Chhattisgarh has a risk score of 15/100 (LOW). No major risk indicators were detected for this claim. Key factors: Long processing delay. Recommended action: No immediate action required. Final decision must be made by the authorized official."
FRA0194,Jharkhand,Gumla,23.024592,84.399921,NO,25,LOW,High claim overlap,,Normal,"Claim FRA0194 from Gumla, Jharkhand has a risk score of 25/100 (LOW). No major risk indicators were detected for this claim. Key factors: High claim overlap. Recommended action: No immediate action required. Final decision must be made by the authorized official."
FRA0195,Madhya Pradesh,Mandla,22.453082,80.359469,NO,20,LOW,Moderate claim overlap | Multiple previous rejections,,Normal,"Claim FRA0195 from Mandla, Madhya Pradesh has a risk score of 20/100 (LOW). No major risk indicators were detected for this claim. Key factors: Moderate claim overlap | Multiple previous rejections. Recommended action: No immediate action required. Final decision must be made by the authorized official."
FRA0196,Jharkhand,Simdega,22.547708,84.669474,NO,5,LOW,Multiple previous rejections,,Normal,"Claim FRA0196 from Simdega, Jharkhand has a risk score of 5/100 (LOW). No major risk indicators were detected for this claim. Key factors: Multiple previous rejections. Recommended action: No immediate action required. Final decision must be made by the authorized official."
FRA0197,Chhattisgarh,Bastar,18.954735,81.963185,NO,40,MEDIUM,Long processing delay | High claim overlap,,Moderate,"Claim FRA0197 from Bastar, Chhattisgarh has a risk score of 40/100 (MEDIUM). This claim has some risk indicators and may require additional verification. Key factors: Long processing delay | High claim overlap. Recommended action: Perform additional document verification. Final decision must be made by the authorized official."
FRA0198,Jharkhand,Simdega,22.535636,84.660841,NO,35,MEDIUM,Long processing delay | Moderate claim overlap | Multiple previous rejections,,Moderate,"Claim FRA0198 from Simdega, Jharkhand has a risk score of 35/100 (MEDIUM). This claim has some risk indicators and may require additional verification. Key factors: Long processing delay | Moderate claim overlap | Multiple previous rejections. Recommended action: Perform additional document verification. Final decision must be made by the authorized official."
FRA0199,Madhya Pradesh,Mandla,22.509544,80.414763,NO,25,LOW,High claim overlap,,Normal,"Claim FRA0199 from Mandla, Madhya Pradesh has a risk score of 25/100 (LOW). No major risk indicators were detected for this claim. Key factors: High claim overlap. Recommended action: No immediate action required. Final decision must be made by the authorized official."
FRA0200,Madhya Pradesh,Dindori,22.816058,81.212575,NO,5,LOW,Multiple previous rejections,,Normal,"Claim FRA0200 from Dindori, Madhya Pradesh has a risk score of 5/100 (LOW). No major risk indicators were detected for this claim. Key factors: Multiple previous rejections. Recommended action: No immediate action required. Final decision must be made by the authorized official."
FRA0201,Odisha,Mayurbhanj,21.822354,86.769881,NO,0,LOW,,,Normal,"Claim FRA0201 from Mayurbhanj, Odisha has a risk score of 0/100 (LOW). No major risk indicators were detected for this claim. Key factors: . Recommended action: No immediate action required. Final decision must be made by the authorized official."
FRA0202,Madhya Pradesh,Balaghat,21.946713,80.206878,NO,30,LOW,High claim overlap | Multiple previous rejections,,Normal,"Claim FRA0202 from Balaghat, Madhya Pradesh has a risk score of 30/100 (LOW). No major risk indicators were detected for this claim. Key factors: High claim overlap | Multiple previous rejections. Recommended action: No immediate action required. Final decision must be made by the authorized official."
FRA0203,Odisha,Keonjhar,21.700185,85.472889,NO,20,LOW,Moderate claim overlap | Multiple previous rejections,,Normal,"Claim FRA0203 from Keonjhar, Odisha has a risk score of 20/100 (LOW). No major risk indicators were detected for this claim. Key factors: Moderate claim overlap | Multiple previous rejections. Recommended action: No immediate action required. Final decision must be made by the authorized official."
FRA0204,Chhattisgarh,Bastar,19.037319,81.988552,NO,30,LOW,High claim overlap | Multiple previous rejections,,Normal,"Claim FRA0204 from Bastar, Chhattisgarh has a risk score of 30/100 (LOW). No major risk indicators were detected for this claim. Key factors: High claim overlap | Multiple previous rejections. Recommended action: No immediate action required. Final decision must be made by the authorized official."
FRA0205,Madhya Pradesh,Balaghat,21.732823,80.128897,NO,15,LOW,Moderate claim overlap,,Normal,"Claim FRA0205 from Balaghat, Madhya Pradesh has a risk score of 15/100 (LOW). No major risk indicators were detected for this claim. Key factors: Moderate claim overlap. Recommended action: No immediate action required. Final decision must be made by the authorized official."
FRA0206,Jharkhand,Gumla,22.901532,84.570489,NO,5,LOW,Multiple previous rejections,,Normal,"Claim FRA0206 from Gumla, Jharkhand has a risk score of 5/100 (LOW). No major risk indicators were detected for this claim. Key factors: Multiple previous rejections. Recommended action: No immediate action required. Final decision must be made by the authorized official."
FRA0207,Odisha,Keonjhar,21.502269,85.538516,NO,0,LOW,,,Normal,"Claim FRA0207 from Keonjhar, Odisha has a risk score of 0/100 (LOW). No major risk indicators were detected for this claim. Key factors: . Recommended action: No immediate action required. Final decision must be made by the authorized official."
FRA0208,Jharkhand,Ranchi,23.292521,85.383578,NO,20,LOW,Long processing delay | Multiple previous rejections,,Normal,"Claim FRA0208 from Ranchi, Jharkhand has a risk score of 20/100 (LOW). No major risk indicators were detected for this claim. Key factors: Long processing delay | Multiple previous rejections. Recommended action: No immediate action required. Final decision must be made by the authorized official."
FRA0209,Odisha,Keonjhar,21.735398,85.436035,NO,5,LOW,Multiple previous rejections,,Normal,"Claim FRA0209 from Keonjhar, Odisha has a risk score of 5/100 (LOW). No major risk indicators were detected for this claim. Key factors: Multiple previous rejections. Recommended action: No immediate action required. Final decision must be made by the authorized official."
FRA0210,Madhya Pradesh,Balaghat,21.854441,80.18902,NO,15,LOW,Moderate claim overlap,,Normal,"Claim FRA0210 from Balaghat, Madhya Pradesh has a risk score of 15/100 (LOW). No major risk indicators were detected for this claim. Key factors: Moderate claim overlap. Recommended action: No immediate action required. Final decision must be made by the authorized official."
FRA0211,Chhattisgarh,Surguja,22.890764,83.050544,NO,15,LOW,Moderate claim overlap,,Normal,"Claim FRA0211 from Surguja, Chhattisgarh has a risk score of 15/100 (LOW). No major risk indicators were detected for this claim. Key factors: Moderate claim overlap. Recommended action: No immediate action required. Final decision must be made by the authorized official."
FRA0212,Odisha,Mayurbhanj,21.838825,86.640528,NO,15,LOW,Moderate claim overlap,,Normal,"Claim FRA0212 from Mayurbhanj, Odisha has a risk score of 15/100 (LOW). No major risk indicators were detected for this claim. Key factors: Moderate claim overlap. Recommended action: No immediate action required. Final decision must be made by the authorized official."
FRA0213,Odisha,Koraput,18.811936,82.585115,NO,20,LOW,Long processing delay | Multiple previous rejections,,Normal,"Claim FRA0213 from Koraput, Odisha has a risk score of 20/100 (LOW). No major risk indicators were detected for this claim. Key factors: Long processing delay | Multiple previous rejections. Recommended action: No immediate action required. Final decision must be made by the authorized official."
FRA0214,Madhya Pradesh,Balaghat,21.850209,80.210589,NO,5,LOW,Multiple previous rejections,,Normal,"Claim FRA0214 from Balaghat, Madhya Pradesh has a risk score of 5/100 (LOW). No major risk indicators were detected for this claim. Key factors: Multiple previous rejections. Recommended action: No immediate action required. Final decision must be made by the authorized official."
FRA0215,Chhattisgarh,Surguja,22.855818,83.164228,NO,35,MEDIUM,Long processing delay | Moderate claim overlap | Multiple previous rejections,,Moderate,"Claim FRA0215 from Surguja, Chhattisgarh has a risk score of 35/100 (MEDIUM). This claim has some risk indicators and may require additional verification. Key factors: Long processing delay | Moderate claim overlap | Multiple previous rejections. Recommended action: Perform additional document verification. Final decision must be made by the authorized official."
FRA0216,Jharkhand,Ranchi,23.205761,85.284394,NO,25,LOW,High claim overlap,,Normal,"Claim FRA0216 from Ranchi, Jharkhand has a risk score of 25/100 (LOW). No major risk indicators were detected for this claim. Key factors: High claim overlap. Recommended action: No immediate action required. Final decision must be made by the authorized official."
FRA0217,Jharkhand,Ranchi,23.2222,85.16392,NO,20,LOW,Moderate claim overlap | Multiple previous rejections,,Normal,"Claim FRA0217 from Ranchi, Jharkhand has a risk score of 20/100 (LOW). No major risk indicators were detected for this claim. Key factors: Moderate claim overlap | Multiple previous rejections. Recommended action: No immediate action required. Final decision must be made by the authorized official."
FRA0218,Maharashtra,Nandurbar,21.223864,74.363504,NO,15,LOW,Long processing delay,,Normal,"Claim FRA0218 from Nandurbar, Maharashtra has a risk score of 15/100 (LOW). No major risk indicators were detected for this claim. Key factors: Long processing delay. Recommended action: No immediate action required. Final decision must be made by the authorized official."
FRA0219,Jharkhand,Ranchi,23.299433,85.192373,NO,30,LOW,Long processing delay | Moderate claim overlap,,Normal,"Claim FRA0219 from Ranchi, Jharkhand has a risk score of 30/100 (LOW). No major risk indicators were detected for this claim. Key factors: Long processing delay | Moderate claim overlap. Recommended action: No immediate action required. Final decision must be made by the authorized official."
FRA0220,Chhattisgarh,Kanker,20.183602,81.41406,NO,15,LOW,Long processing delay,,Normal,"Claim FRA0220 from Kanker, Chhattisgarh has a risk score of 15/100 (LOW). No major risk indicators were detected for this claim. Key factors: Long processing delay. Recommended action: No immediate action required. Final decision must be made by the authorized official."
FRA0221,Chhattisgarh,Bastar,19.139649,81.84522,NO,25,LOW,High claim overlap,,Normal,"Claim FRA0221 from Bastar, Chhattisgarh has a risk score of 25/100 (LOW). No major risk indicators were detected for this claim. Key factors: High claim overlap. Recommended action: No immediate action required. Final decision must be made by the authorized official."
FRA0222,Jharkhand,Ranchi,23.431238,85.299373,NO,15,LOW,Moderate claim overlap,,Normal,"Claim FRA0222 from Ranchi, Jharkhand has a risk score of 15/100 (LOW). No major risk indicators were detected for this claim. Key factors: Moderate claim overlap. Recommended action: No immediate action required. Final decision must be made by the authorized official."
FRA0223,Maharashtra,Gadchiroli,20.236871,79.948433,NO,5,LOW,Multiple previous rejections,,Normal,"Claim FRA0223 from Gadchiroli, Maharashtra has a risk score of 5/100 (LOW). No major risk indicators were detected for this claim. Key factors: Multiple previous rejections. Recommended action: No immediate action required. Final decision must be made by the authorized official."
FRA0224,Maharashtra,Nashik,19.973729,73.748335,NO,15,LOW,Moderate claim overlap,,Normal,"Claim FRA0224 from Nashik, Maharashtra has a risk score of 15/100 (LOW). No major risk indicators were detected for this claim. Key factors: Moderate claim overlap. Recommended action: No immediate action required. Final decision must be made by the authorized official."
FRA0225,Jharkhand,Ranchi,23.472562,85.30338,NO,15,LOW,Moderate claim overlap,,Normal,"Claim FRA0225 from Ranchi, Jharkhand has a risk score of 15/100 (LOW). No major risk indicators were detected for this claim. Key factors: Moderate claim overlap. Recommended action: No immediate action required. Final decision must be made by the authorized official."
FRA0226,Chhattisgarh,Bastar,19.207682,81.889645,NO,25,LOW,High claim overlap,,Normal,"Claim FRA0226 from Bastar, Chhattisgarh has a risk score of 25/100 (LOW). No major risk indicators were detected for this claim. Key factors: High claim overlap. Recommended action: No immediate action required. Final decision must be made by the authorized official."
FRA0227,Madhya Pradesh,Balaghat,21.938151,80.195995,NO,15,LOW,Long processing delay,,Normal,"Claim FRA0227 from Balaghat, Madhya Pradesh has a risk score of 15/100 (LOW). No major risk indicators were detected for this claim. Key factors: Long processing delay. Recommended action: No immediate action required. Final decision must be made by the authorized official."
FRA0228,Jharkhand,Ranchi,23.32641,85.292088,NO,20,LOW,Moderate claim overlap | Multiple previous rejections,,Normal,"Claim FRA0228 from Ranchi, Jharkhand has a risk score of 20/100 (LOW). No major risk indicators were detected for this claim. Key factors: Moderate claim overlap | Multiple previous rejections. Recommended action: No immediate action required. Final decision must be made by the authorized official."
FRA0229,Jharkhand,Ranchi,23.405392,85.232611,NO,5,LOW,Multiple previous rejections,,Normal,"Claim FRA0229 from Ranchi, Jharkhand has a risk score of 5/100 (LOW). No major risk indicators were detected for this claim. Key factors: Multiple previous rejections. Recommended action: No immediate action required. Final decision must be made by the authorized official."
FRA0230,Maharashtra,Nashik,19.995283,73.910193,NO,5,LOW,Multiple previous rejections,,Normal,"Claim FRA0230 from Nashik, Maharashtra has a risk score of 5/100 (LOW). No major risk indicators were detected for this claim. Key factors: Multiple previous rejections. Recommended action: No immediate action required. Final decision must be made by the authorized official."
FRA0231,Madhya Pradesh,Balaghat,21.932265,80.157657,NO,5,LOW,Multiple previous rejections,,Normal,"Claim FRA0231 from Balaghat, Madhya Pradesh has a risk score of 5/100 (LOW). No major risk indicators were detected for this claim. Key factors: Multiple previous rejections. Recommended action: No immediate action required. Final decision must be made by the authorized official."
FRA0232,Chhattisgarh,Bastar,19.090497,82.040027,NO,35,MEDIUM,Long processing delay | Moderate claim overlap | Multiple previous rejections,,Moderate,"Claim FRA0232 from Bastar, Chhattisgarh has a risk score of 35/100 (MEDIUM). This claim has some risk indicators and may require additional verification. Key factors: Long processing delay | Moderate claim overlap | Multiple previous rejections. Recommended action: Perform additional document verification. Final decision must be made by the authorized official."
FRA0233,Madhya Pradesh,Dindori,22.972182,81.114732,NO,20,LOW,Moderate claim overlap | Multiple previous rejections,,Normal,"Claim FRA0233 from Dindori, Madhya Pradesh has a risk score of 20/100 (LOW). No major risk indicators were detected for this claim. Key factors: Moderate claim overlap | Multiple previous rejections. Recommended action: No immediate action required. Final decision must be made by the authorized official."
FRA0234,Madhya Pradesh,Dindori,23.065732,81.19907,NO,20,LOW,Moderate claim overlap | Multiple previous rejections,,Normal,"Claim FRA0234 from Dindori, Madhya Pradesh has a risk score of 20/100 (LOW). No major risk indicators were detected for this claim. Key factors: Moderate claim overlap | Multiple previous rejections. Recommended action: No immediate action required. Final decision must be made by the authorized official."
FRA0235,Chhattisgarh,Surguja,22.842726,83.136427,NO,20,LOW,Long processing delay | Multiple previous rejections,,Normal,"Claim FRA0235 from Surguja, Chhattisgarh has a risk score of 20/100 (LOW). No major risk indicators were detected for this claim. Key factors: Long processing delay | Multiple previous rejections. Recommended action: No immediate action required. Final decision must be made by the authorized official."
FRA0236,Jharkhand,Gumla,22.924094,84.562655,NO,5,LOW,Multiple previous rejections,,Normal,"Claim FRA0236 from Gumla, Jharkhand has a risk score of 5/100 (LOW). No major risk indicators were detected for this claim. Key factors: Multiple previous rejections. Recommended action: No immediate action required. Final decision must be made by the authorized official."
FRA0237,Chhattisgarh,Surguja,22.959139,83.191939,NO,5,LOW,Multiple previous rejections,,Normal,"Claim FRA0237 from Surguja, Chhattisgarh has a risk score of 5/100 (LOW). No major risk indicators were detected for this claim. Key factors: Multiple previous rejections. Recommended action: No immediate action required. Final decision must be made by the authorized official."
FRA0238,Chhattisgarh,Surguja,23.04892,83.09984,NO,35,MEDIUM,Long processing delay | Moderate claim overlap | Multiple previous rejections,,Moderate,"Claim FRA0238 from Surguja, Chhattisgarh has a risk score of 35/100 (MEDIUM). This claim has some risk indicators and may require additional verification. Key factors: Long processing delay | Moderate claim overlap | Multiple previous rejections. Recommended action: Perform additional document verification. Final decision must be made by the authorized official."
FRA0239,Jharkhand,Gumla,23.098954,84.451194,NO,0,LOW,,,Normal,"Claim FRA0239 from Gumla, Jharkhand has a risk score of 0/100 (LOW). No major risk indicators were detected for this claim. Key factors: . Recommended action: No immediate action required. Final decision must be made by the authorized official."
FRA0240,Madhya Pradesh,Balaghat,21.702633,80.257131,NO,20,LOW,Long processing delay | Multiple previous rejections,,Normal,"Claim FRA0240 from Balaghat, Madhya Pradesh has a risk score of 20/100 (LOW). No major risk indicators were detected for this claim. Key factors: Long processing delay | Multiple previous rejections. Recommended action: No immediate action required. Final decision must be made by the authorized official."
FRA0241,Maharashtra,Nandurbar,21.325094,74.197902,NO,30,LOW,Long processing delay | Moderate claim overlap,,Normal,"Claim FRA0241 from Nandurbar, Maharashtra has a risk score of 30/100 (LOW). No major risk indicators were detected for this claim. Key factors: Long processing delay | Moderate claim overlap. Recommended action: No immediate action required. Final decision must be made by the authorized official."
FRA0242,Madhya Pradesh,Balaghat,21.785938,80.168387,NO,35,MEDIUM,Long processing delay | Moderate claim overlap | Multiple previous rejections,,Moderate,"Claim FRA0242 from Balaghat, Madhya Pradesh has a risk score of 35/100 (MEDIUM). This claim has some risk indicators and may require additional verification. Key factors: Long processing delay | Moderate claim overlap | Multiple previous rejections. Recommended action: Perform additional document verification. Final decision must be made by the authorized official."
FRA0243,Odisha,Keonjhar,21.774117,85.530293,NO,30,LOW,High claim overlap | Multiple previous rejections,,Normal,"Claim FRA0243 from Keonjhar, Odisha has a risk score of 30/100 (LOW). No major risk indicators were detected for this claim. Key factors: High claim overlap | Multiple previous rejections. Recommended action: No immediate action required. Final decision must be made by the authorized official."
FRA0244,Maharashtra,Nashik,19.892251,73.852235,NO,15,LOW,Moderate claim overlap,,Normal,"Claim FRA0244 from Nashik, Maharashtra has a risk score of 15/100 (LOW). No major risk indicators were detected for this claim. Key factors: Moderate claim overlap. Recommended action: No immediate action required. Final decision must be made by the authorized official."
FRA0245,Maharashtra,Nashik,20.144789,73.666253,NO,30,LOW,Long processing delay | Moderate claim overlap,,Normal,"Claim FRA0245 from Nashik, Maharashtra has a risk score of 30/100 (LOW). No major risk indicators were detected for this claim. Key factors: Long processing delay | Moderate claim overlap. Recommended action: No immediate action required. Final decision must be made by the authorized official."
FRA0246,Jharkhand,Ranchi,23.287411,85.367599,NO,20,LOW,Long processing delay | Multiple previous rejections,,Normal,"Claim FRA0246 from Ranchi, Jharkhand has a risk score of 20/100 (LOW). No major risk indicators were detected for this claim. Key factors: Long processing delay | Multiple previous rejections. Recommended action: No immediate action required. Final decision must be made by the authorized official."
FRA0247,Odisha,Mayurbhanj,21.997081,86.605458,YES,35,MEDIUM,High claim overlap | ML anomaly detected,,Moderate,"Claim FRA0247 from Mayurbhanj, Odisha has a risk score of 35/100 (MEDIUM). This claim has some risk indicators and may require additional verification. Key factors: High claim overlap | ML anomaly detected. Recommended action: Perform additional document verification. Final decision must be made by the authorized official."
FRA0248,Maharashtra,Gadchiroli,20.297886,80.047596,NO,15,LOW,Moderate claim overlap,,Normal,"Claim FRA0248 from Gadchiroli, Maharashtra has a risk score of 15/100 (LOW). No major risk indicators were detected for this claim. Key factors: Moderate claim overlap. Recommended action: No immediate action required. Final decision must be made by the authorized official."
FRA0249,Madhya Pradesh,Balaghat,21.668931,80.099985,NO,35,MEDIUM,Long processing delay | Moderate claim overlap | Multiple previous rejections,,Moderate,"Claim FRA0249 from Balaghat, Madhya Pradesh has a risk score of 35/100 (MEDIUM). This claim has some risk indicators and may require additional verification. Key factors: Long processing delay | Moderate claim overlap | Multiple previous rejections. Recommended action: Perform additional document verification. Final decision must be made by the authorized official."
FRA0250,Odisha,Keonjhar,21.772883,85.721184,NO,20,LOW,Moderate claim overlap | Multiple previous rejections,,Normal,"Claim FRA0250 from Keonjhar, Odisha has a risk score of 20/100 (LOW). No major risk indicators were detected for this claim. Key factors: Moderate claim overlap | Multiple previous rejections. Recommended action: No immediate action required. Final decision must be made by the authorized official."
FRA0251,Jharkhand,Gumla,23.169928,84.534101,NO,20,LOW,Long processing delay | Multiple previous rejections,,Normal,"Claim FRA0251 from Gumla, Jharkhand has a risk score of 20/100 (LOW). No major risk indicators were detected for this claim. Key factors: Long processing delay | Multiple previous rejections. Recommended action: No immediate action required. Final decision must be made by the authorized official."
FRA0252,Chhattisgarh,Kanker,20.395966,81.352401,YES,35,MEDIUM,High claim overlap | ML anomaly detected,,Moderate,"Claim FRA0252 from Kanker, Chhattisgarh has a risk score of 35/100 (MEDIUM). This claim has some risk indicators and may require additional verification. Key factors: High claim overlap | ML anomaly detected. Recommended action: Perform additional document verification. Final decision must be made by the authorized official."
FRA0253,Jharkhand,Ranchi,23.394273,85.247116,NO,25,LOW,High claim overlap,,Normal,"Claim FRA0253 from Ranchi, Jharkhand has a risk score of 25/100 (LOW). No major risk indicators were detected for this claim. Key factors: High claim overlap. Recommended action: No immediate action required. Final decision must be made by the authorized official."
FRA0254,Odisha,Keonjhar,21.672482,85.64586,NO,15,LOW,Moderate claim overlap,,Normal,"Claim FRA0254 from Keonjhar, Odisha has a risk score of 15/100 (LOW). No major risk indicators were detected for this claim. Key factors: Moderate claim overlap. Recommended action: No immediate action required. Final decision must be made by the authorized official."
FRA0255,Odisha,Keonjhar,21.647833,85.585283,NO,35,MEDIUM,Long processing delay | Moderate claim overlap | Multiple previous rejections,,Moderate,"Claim FRA0255 from Keonjhar, Odisha has a risk score of 35/100 (MEDIUM). This claim has some risk indicators and may require additional verification. Key factors: Long processing delay | Moderate claim overlap | Multiple previous rejections. Recommended action: Perform additional document verification. Final decision must be made by the authorized official."
FRA0256,Maharashtra,Nashik,20.00756,73.696808,NO,5,LOW,Multiple previous rejections,,Normal,"Claim FRA0256 from Nashik, Maharashtra has a risk score of 5/100 (LOW). No major risk indicators were detected for this claim. Key factors: Multiple previous rejections. Recommended action: No immediate action required. Final decision must be made by the authorized official."
FRA0257,Madhya Pradesh,Balaghat,21.75402,80.176711,YES,40,MEDIUM,High claim overlap | Multiple previous rejections | ML anomaly detected,,Moderate,"Claim FRA0257 from Balaghat, Madhya Pradesh has a risk score of 40/100 (MEDIUM). This claim has some risk indicators and may require additional verification. Key factors: High claim overlap | Multiple previous rejections | ML anomaly detected. Recommended action: Perform additional document verification. Final decision must be made by the authorized official."
FRA0258,Odisha,Mayurbhanj,21.799113,86.711257,NO,5,LOW,Multiple previous rejections,,Normal,"Claim FRA0258 from Mayurbhanj, Odisha has a risk score of 5/100 (LOW). No major risk indicators were detected for this claim. Key factors: Multiple previous rejections. Recommended action: No immediate action required. Final decision must be made by the authorized official."
FRA0259,Madhya Pradesh,Mandla,22.57126,80.494471,NO,5,LOW,Multiple previous rejections,,Normal,"Claim FRA0259 from Mandla, Madhya Pradesh has a risk score of 5/100 (LOW). No major risk indicators were detected for this claim. Key factors: Multiple previous rejections. Recommended action: No immediate action required. Final decision must be made by the authorized official."
FRA0260,Chhattisgarh,Surguja,22.875912,83.348059,NO,0,LOW,,,Normal,"Claim FRA0260 from Surguja, Chhattisgarh has a risk score of 0/100 (LOW). No major risk indicators were detected for this claim. Key factors: . Recommended action: No immediate action required. Final decision must be made by the authorized official."
FRA0261,Madhya Pradesh,Mandla,22.508224,80.355108,NO,40,MEDIUM,Long processing delay | High claim overlap,,Moderate,"Claim FRA0261 from Mandla, Madhya Pradesh has a risk score of 40/100 (MEDIUM). This claim has some risk indicators and may require additional verification. Key factors: Long processing delay | High claim overlap. Recommended action: Perform additional document verification. Final decision must be made by the authorized official."
FRA0262,Madhya Pradesh,Dindori,22.839948,81.109732,NO,0,LOW,,,Normal,"Claim FRA0262 from Dindori, Madhya Pradesh has a risk score of 0/100 (LOW). No major risk indicators were detected for this claim. Key factors: . Recommended action: No immediate action required. Final decision must be made by the authorized official."
FRA0263,Maharashtra,Nandurbar,21.438065,74.295458,NO,40,MEDIUM,Long processing delay | High claim overlap,,Moderate,"Claim FRA0263 from Nandurbar, Maharashtra has a risk score of 40/100 (MEDIUM). This claim has some risk indicators and may require additional verification. Key factors: Long processing delay | High claim overlap. Recommended action: Perform additional document verification. Final decision must be made by the authorized official."
FRA0264,Chhattisgarh,Kanker,20.228186,81.583533,NO,20,LOW,Moderate claim overlap | Multiple previous rejections,,Normal,"Claim FRA0264 from Kanker, Chhattisgarh has a risk score of 20/100 (LOW). No major risk indicators were detected for this claim. Key factors: Moderate claim overlap | Multiple previous rejections. Recommended action: No immediate action required. Final decision must be made by the authorized official."
FRA0265,Madhya Pradesh,Dindori,23.088679,81.169365,NO,25,LOW,High claim overlap,,Normal,"Claim FRA0265 from Dindori, Madhya Pradesh has a risk score of 25/100 (LOW). No major risk indicators were detected for this claim. Key factors: High claim overlap. Recommended action: No immediate action required. Final decision must be made by the authorized official."
FRA0266,Jharkhand,Gumla,23.02891,84.487414,NO,20,LOW,Moderate claim overlap | Multiple previous rejections,,Normal,"Claim FRA0266 from Gumla, Jharkhand has a risk score of 20/100 (LOW). No major risk indicators were detected for this claim. Key factors: Moderate claim overlap | Multiple previous rejections. Recommended action: No immediate action required. Final decision must be made by the authorized official."
FRA0267,Odisha,Koraput,18.892046,82.811612,NO,5,LOW,Multiple previous rejections,,Normal,"Claim FRA0267 from Koraput, Odisha has a risk score of 5/100 (LOW). No major risk indicators were detected for this claim. Key factors: Multiple previous rejections. Recommended action: No immediate action required. Final decision must be made by the authorized official."
FRA0268,Madhya Pradesh,Dindori,23.058984,81.090795,NO,15,LOW,Moderate claim overlap,,Normal,"Claim FRA0268 from Dindori, Madhya Pradesh has a risk score of 15/100 (LOW). No major risk indicators were detected for this claim. Key factors: Moderate claim overlap. Recommended action: No immediate action required. Final decision must be made by the authorized official."
FRA0269,Maharashtra,Nandurbar,21.422649,74.294387,NO,0,LOW,,,Normal,"Claim FRA0269 from Nandurbar, Maharashtra has a risk score of 0/100 (LOW). No major risk indicators were detected for this claim. Key factors: . Recommended action: No immediate action required. Final decision must be made by the authorized official."
FRA0270,Madhya Pradesh,Dindori,23.003591,81.09548,NO,5,LOW,Multiple previous rejections,,Normal,"Claim FRA0270 from Dindori, Madhya Pradesh has a risk score of 5/100 (LOW). No major risk indicators were detected for this claim. Key factors: Multiple previous rejections. Recommended action: No immediate action required. Final decision must be made by the authorized official."
FRA0271,Maharashtra,Nashik,19.923357,73.790681,NO,0,LOW,,,Normal,"Claim FRA0271 from Nashik, Maharashtra has a risk score of 0/100 (LOW). No major risk indicators were detected for this claim. Key factors: . Recommended action: No immediate action required. Final decision must be made by the authorized official."
FRA0272,Chhattisgarh,Bastar,19.1059,82.021708,NO,30,LOW,High claim overlap | Multiple previous rejections,,Normal,"Claim FRA0272 from Bastar, Chhattisgarh has a risk score of 30/100 (LOW). No major risk indicators were detected for this claim. Key factors: High claim overlap | Multiple previous rejections. Recommended action: No immediate action required. Final decision must be made by the authorized official."
FRA0273,Odisha,Keonjhar,21.611592,85.451901,NO,40,MEDIUM,Long processing delay | High claim overlap,,Moderate,"Claim FRA0273 from Keonjhar, Odisha has a risk score of 40/100 (MEDIUM). This claim has some risk indicators and may require additional verification. Key factors: Long processing delay | High claim overlap. Recommended action: Perform additional document verification. Final decision must be made by the authorized official."
FRA0274,Maharashtra,Gadchiroli,20.081511,79.989757,NO,25,LOW,High claim overlap,,Normal,"Claim FRA0274 from Gadchiroli, Maharashtra has a risk score of 25/100 (LOW). No major risk indicators were detected for this claim. Key factors: High claim overlap. Recommended action: No immediate action required. Final decision must be made by the authorized official."
FRA0275,Jharkhand,Simdega,22.548252,84.537202,NO,45,MEDIUM,Long processing delay | High claim overlap | Multiple previous rejections,,Moderate,"Claim FRA0275 from Simdega, Jharkhand has a risk score of 45/100 (MEDIUM). This claim has some risk indicators and may require additional verification. Key factors: Long processing delay | High claim overlap | Multiple previous rejections. Recommended action: Perform additional document verification. Final decision must be made by the authorized official."
FRA0276,Chhattisgarh,Kanker,20.139016,81.503076,NO,15,LOW,Moderate claim overlap,,Normal,"Claim FRA0276 from Kanker, Chhattisgarh has a risk score of 15/100 (LOW). No major risk indicators were detected for this claim. Key factors: Moderate claim overlap. Recommended action: No immediate action required. Final decision must be made by the authorized official."
FRA0277,Chhattisgarh,Bastar,19.165563,81.87748,NO,45,MEDIUM,Long processing delay | High claim overlap | Multiple previous rejections,,Moderate,"Claim FRA0277 from Bastar, Chhattisgarh has a risk score of 45/100 (MEDIUM). This claim has some risk indicators and may require additional verification. Key factors: Long processing delay | High claim overlap | Multiple previous rejections. Recommended action: Perform additional document verification. Final decision must be made by the authorized official."
FRA0278,Odisha,Mayurbhanj,21.898926,86.601336,NO,15,LOW,Moderate claim overlap,,Normal,"Claim FRA0278 from Mayurbhanj, Odisha has a risk score of 15/100 (LOW). No major risk indicators were detected for this claim. Key factors: Moderate claim overlap. Recommended action: No immediate action required. Final decision must be made by the authorized official."
FRA0279,Jharkhand,Ranchi,23.24009,85.238957,NO,15,LOW,Long processing delay,,Normal,"Claim FRA0279 from Ranchi, Jharkhand has a risk score of 15/100 (LOW). No major risk indicators were detected for this claim. Key factors: Long processing delay. Recommended action: No immediate action required. Final decision must be made by the authorized official."
FRA0280,Jharkhand,Gumla,23.066692,84.562046,NO,30,LOW,High claim overlap | Multiple previous rejections,,Normal,"Claim FRA0280 from Gumla, Jharkhand has a risk score of 30/100 (LOW). No major risk indicators were detected for this claim. Key factors: High claim overlap | Multiple previous rejections. Recommended action: No immediate action required. Final decision must be made by the authorized official."
FRA0281,Maharashtra,Nashik,19.957477,73.880443,NO,0,LOW,,,Normal,"Claim FRA0281 from Nashik, Maharashtra has a risk score of 0/100 (LOW). No major risk indicators were detected for this claim. Key factors: . Recommended action: No immediate action required. Final decision must be made by the authorized official."
FRA0282,Odisha,Koraput,18.82715,82.726995,NO,35,MEDIUM,Long processing delay | Moderate claim overlap | Multiple previous rejections,,Moderate,"Claim FRA0282 from Koraput, Odisha has a risk score of 35/100 (MEDIUM). This claim has some risk indicators and may require additional verification. Key factors: Long processing delay | Moderate claim overlap | Multiple previous rejections. Recommended action: Perform additional document verification. Final decision must be made by the authorized official."
FRA0283,Maharashtra,Nashik,20.059269,73.883413,NO,15,LOW,Long processing delay,,Normal,"Claim FRA0283 from Nashik, Maharashtra has a risk score of 15/100 (LOW). No major risk indicators were detected for this claim. Key factors: Long processing delay. Recommended action: No immediate action required. Final decision must be made by the authorized official."
FRA0284,Odisha,Keonjhar,21.628236,85.497536,NO,20,LOW,Long processing delay | Multiple previous rejections,,Normal,"Claim FRA0284 from Keonjhar, Odisha has a risk score of 20/100 (LOW). No major risk indicators were detected for this claim. Key factors: Long processing delay | Multiple previous rejections. Recommended action: No immediate action required. Final decision must be made by the authorized official."
FRA0285,Madhya Pradesh,Mandla,22.552998,80.358833,NO,0,LOW,,,Normal,"Claim FRA0285 from Mandla, Madhya Pradesh has a risk score of 0/100 (LOW). No major risk indicators were detected for this claim. Key factors: . Recommended action: No immediate action required. Final decision must be made by the authorized official."
FRA0286,Madhya Pradesh,Dindori,22.917821,81.077089,NO,0,LOW,,,Normal,"Claim FRA0286 from Dindori, Madhya Pradesh has a risk score of 0/100 (LOW). No major risk indicators were detected for this claim. Key factors: . Recommended action: No immediate action required. Final decision must be made by the authorized official."
FRA0287,Jharkhand,Ranchi,23.335104,85.245109,NO,25,LOW,High claim overlap,,Normal,"Claim FRA0287 from Ranchi, Jharkhand has a risk score of 25/100 (LOW). No major risk indicators were detected for this claim. Key factors: High claim overlap. Recommended action: No immediate action required. Final decision must be made by the authorized official."
FRA0288,Madhya Pradesh,Mandla,22.511862,80.39114,NO,0,LOW,,,Normal,"Claim FRA0288 from Mandla, Madhya Pradesh has a risk score of 0/100 (LOW). No major risk indicators were detected for this claim. Key factors: . Recommended action: No immediate action required. Final decision must be made by the authorized official."
FRA0289,Maharashtra,Nashik,20.004633,73.915932,NO,45,MEDIUM,Long processing delay | High claim overlap | Multiple previous rejections,,Moderate,"Claim FRA0289 from Nashik, Maharashtra has a risk score of 45/100 (MEDIUM). This claim has some risk indicators and may require additional verification. Key factors: Long processing delay | High claim overlap | Multiple previous rejections. Recommended action: Perform additional document verification. Final decision must be made by the authorized official."
FRA0290,Chhattisgarh,Surguja,22.773995,83.113468,NO,30,LOW,High claim overlap | Multiple previous rejections,,Normal,"Claim FRA0290 from Surguja, Chhattisgarh has a risk score of 30/100 (LOW). No major risk indicators were detected for this claim. Key factors: High claim overlap | Multiple previous rejections. Recommended action: No immediate action required. Final decision must be made by the authorized official."
FRA0291,Chhattisgarh,Bastar,19.127325,81.893889,NO,25,LOW,High claim overlap,,Normal,"Claim FRA0291 from Bastar, Chhattisgarh has a risk score of 25/100 (LOW). No major risk indicators were detected for this claim. Key factors: High claim overlap. Recommended action: No immediate action required. Final decision must be made by the authorized official."
FRA0292,Maharashtra,Nandurbar,21.244701,74.11492,NO,0,LOW,,,Normal,"Claim FRA0292 from Nandurbar, Maharashtra has a risk score of 0/100 (LOW). No major risk indicators were detected for this claim. Key factors: . Recommended action: No immediate action required. Final decision must be made by the authorized official."
FRA0293,Madhya Pradesh,Mandla,22.484891,80.277011,NO,15,LOW,Moderate claim overlap,,Normal,"Claim FRA0293 from Mandla, Madhya Pradesh has a risk score of 15/100 (LOW). No major risk indicators were detected for this claim. Key factors: Moderate claim overlap. Recommended action: No immediate action required. Final decision must be made by the authorized official."
FRA0294,Jharkhand,Ranchi,23.381152,85.38364,NO,20,LOW,Moderate claim overlap | Multiple previous rejections,,Normal,"Claim FRA0294 from Ranchi, Jharkhand has a risk score of 20/100 (LOW). No major risk indicators were detected for this claim. Key factors: Moderate claim overlap | Multiple previous rejections. Recommended action: No immediate action required. Final decision must be made by the authorized official."
FRA0295,Jharkhand,Gumla,22.956741,84.616371,NO,20,LOW,Moderate claim overlap | Multiple previous rejections,,Normal,"Claim FRA0295 from Gumla, Jharkhand has a risk score of 20/100 (LOW). No major risk indicators were detected for this claim. Key factors: Moderate claim overlap | Multiple previous rejections. Recommended action: No immediate action required. Final decision must be made by the authorized official."
FRA0296,Odisha,Koraput,18.816415,82.735675,NO,5,LOW,Multiple previous rejections,,Normal,"Claim FRA0296 from Koraput, Odisha has a risk score of 5/100 (LOW). No major risk indicators were detected for this claim. Key factors: Multiple previous rejections. Recommended action: No immediate action required. Final decision must be made by the authorized official."
FRA0297,Maharashtra,Nandurbar,21.310721,74.108706,NO,25,LOW,High claim overlap,,Normal,"Claim FRA0297 from Nandurbar, Maharashtra has a risk score of 25/100 (LOW). No major risk indicators were detected for this claim. Key factors: High claim overlap. Recommended action: No immediate action required. Final decision must be made by the authorized official."
FRA0298,Jharkhand,Ranchi,23.217655,85.225199,NO,15,LOW,Long processing delay,,Normal,"Claim FRA0298 from Ranchi, Jharkhand has a risk score of 15/100 (LOW). No major risk indicators were detected for this claim. Key factors: Long processing delay. Recommended action: No immediate action required. Final decision must be made by the authorized official."
FRA0299,Madhya Pradesh,Mandla,22.727933,80.307394,NO,15,LOW,Moderate claim overlap,,Normal,"Claim FRA0299 from Mandla, Madhya Pradesh has a risk score of 15/100 (LOW). No major risk indicators were detected for this claim. Key factors: Moderate claim overlap. Recommended action: No immediate action required. Final decision must be made by the authorized official."
FRA0300,Maharashtra,Gadchiroli,20.316706,79.949249,NO,5,LOW,Multiple previous rejections,,Normal,"Claim FRA0300 from Gadchiroli, Maharashtra has a risk score of 5/100 (LOW). No major risk indicators were detected for this claim. Key factors: Multiple previous rejections. Recommended action: No immediate action required. Final decision must be made by the authorized official."
FRA0301,Odisha,Koraput,18.821542,82.831606,NO,20,LOW,Moderate claim overlap | Multiple previous rejections,,Normal,"Claim FRA0301 from Koraput, Odisha has a risk score of 20/100 (LOW). No major risk indicators were detected for this claim. Key factors: Moderate claim overlap | Multiple previous rejections. Recommended action: No immediate action required. Final decision must be made by the authorized official."
FRA0302,Odisha,Koraput,18.837648,82.695593,NO,0,LOW,,,Normal,"Claim FRA0302 from Koraput, Odisha has a risk score of 0/100 (LOW). No major risk indicators were detected for this claim. Key factors: . Recommended action: No immediate action required. Final decision must be made by the authorized official."
FRA0303,Chhattisgarh,Surguja,22.856298,83.069465,NO,15,LOW,Long processing delay,,Normal,"Claim FRA0303 from Surguja, Chhattisgarh has a risk score of 15/100 (LOW). No major risk indicators were detected for this claim. Key factors: Long processing delay. Recommended action: No immediate action required. Final decision must be made by the authorized official."
FRA0304,Jharkhand,Ranchi,23.387409,85.401064,NO,20,LOW,Moderate claim overlap | Multiple previous rejections,,Normal,"Claim FRA0304 from Ranchi, Jharkhand has a risk score of 20/100 (LOW). No major risk indicators were detected for this claim. Key factors: Moderate claim overlap | Multiple previous rejections. Recommended action: No immediate action required. Final decision must be made by the authorized official."
FRA0305,Maharashtra,Gadchiroli,20.203296,79.965229,NO,5,LOW,Multiple previous rejections,,Normal,"Claim FRA0305 from Gadchiroli, Maharashtra has a risk score of 5/100 (LOW). No major risk indicators were detected for this claim. Key factors: Multiple previous rejections. Recommended action: No immediate action required. Final decision must be made by the authorized official."
FRA0306,Chhattisgarh,Surguja,22.871642,83.268028,NO,35,MEDIUM,Long processing delay | Moderate claim overlap | Multiple previous rejections,,Moderate,"Claim FRA0306 from Surguja, Chhattisgarh has a risk score of 35/100 (MEDIUM). This claim has some risk indicators and may require additional verification. Key factors: Long processing delay | Moderate claim overlap | Multiple previous rejections. Recommended action: Perform additional document verification. Final decision must be made by the authorized official."
FRA0307,Chhattisgarh,Bastar,19.026319,81.879075,NO,30,LOW,Long processing delay | Moderate claim overlap,,Normal,"Claim FRA0307 from Bastar, Chhattisgarh has a risk score of 30/100 (LOW). No major risk indicators were detected for this claim. Key factors: Long processing delay | Moderate claim overlap. Recommended action: No immediate action required. Final decision must be made by the authorized official."
FRA0308,Odisha,Mayurbhanj,21.929763,86.68112,NO,35,MEDIUM,Long processing delay | Moderate claim overlap | Multiple previous rejections,,Moderate,"Claim FRA0308 from Mayurbhanj, Odisha has a risk score of 35/100 (MEDIUM). This claim has some risk indicators and may require additional verification. Key factors: Long processing delay | Moderate claim overlap | Multiple previous rejections. Recommended action: Perform additional document verification. Final decision must be made by the authorized official."
FRA0309,Jharkhand,Gumla,23.045632,84.399158,NO,25,LOW,High claim overlap,,Normal,"Claim FRA0309 from Gumla, Jharkhand has a risk score of 25/100 (LOW). No major risk indicators were detected for this claim. Key factors: High claim overlap. Recommended action: No immediate action required. Final decision must be made by the authorized official."
FRA0310,Odisha,Koraput,18.749861,82.600716,NO,25,LOW,High claim overlap,,Normal,"Claim FRA0310 from Koraput, Odisha has a risk score of 25/100 (LOW). No major risk indicators were detected for this claim. Key factors: High claim overlap. Recommended action: No immediate action required. Final decision must be made by the authorized official."
FRA0311,Maharashtra,Nashik,19.873956,73.805273,NO,25,LOW,High claim overlap,,Normal,"Claim FRA0311 from Nashik, Maharashtra has a risk score of 25/100 (LOW). No major risk indicators were detected for this claim. Key factors: High claim overlap. Recommended action: No immediate action required. Final decision must be made by the authorized official."
FRA0312,Odisha,Keonjhar,21.547107,85.627438,NO,20,LOW,Moderate claim overlap | Multiple previous rejections,,Normal,"Claim FRA0312 from Keonjhar, Odisha has a risk score of 20/100 (LOW). No major risk indicators were detected for this claim. Key factors: Moderate claim overlap | Multiple previous rejections. Recommended action: No immediate action required. Final decision must be made by the authorized official."
FRA0313,Jharkhand,Ranchi,23.382818,85.426433,NO,40,MEDIUM,Long processing delay | High claim overlap,,Moderate,"Claim FRA0313 from Ranchi, Jharkhand has a risk score of 40/100 (MEDIUM). This claim has some risk indicators and may require additional verification. Key factors: Long processing delay | High claim overlap. Recommended action: Perform additional document verification. Final decision must be made by the authorized official."
FRA0314,Madhya Pradesh,Balaghat,21.802919,80.308777,NO,5,LOW,Multiple previous rejections,,Normal,"Claim FRA0314 from Balaghat, Madhya Pradesh has a risk score of 5/100 (LOW). No major risk indicators were detected for this claim. Key factors: Multiple previous rejections. Recommended action: No immediate action required. Final decision must be made by the authorized official."
FRA0315,Chhattisgarh,Bastar,19.08351,82.039697,NO,0,LOW,,,Normal,"Claim FRA0315 from Bastar, Chhattisgarh has a risk score of 0/100 (LOW). No major risk indicators were detected for this claim. Key factors: . Recommended action: No immediate action required. Final decision must be made by the authorized official."
FRA0316,Jharkhand,Gumla,23.132693,84.639067,NO,35,MEDIUM,Long processing delay | Moderate claim overlap | Multiple previous rejections,,Moderate,"Claim FRA0316 from Gumla, Jharkhand has a risk score of 35/100 (MEDIUM). This claim has some risk indicators and may require additional verification. Key factors: Long processing delay | Moderate claim overlap | Multiple previous rejections. Recommended action: Perform additional document verification. Final decision must be made by the authorized official."
FRA0317,Madhya Pradesh,Balaghat,21.911161,80.235955,NO,35,MEDIUM,Long processing delay | Moderate claim overlap | Multiple previous rejections,,Moderate,"Claim FRA0317 from Balaghat, Madhya Pradesh has a risk score of 35/100 (MEDIUM). This claim has some risk indicators and may require additional verification. Key factors: Long processing delay | Moderate claim overlap | Multiple previous rejections. Recommended action: Perform additional document verification. Final decision must be made by the authorized official."
FRA0318,Madhya Pradesh,Balaghat,21.807289,80.140377,NO,30,LOW,High claim overlap | Multiple previous rejections,,Normal,"Claim FRA0318 from Balaghat, Madhya Pradesh has a risk score of 30/100 (LOW). No major risk indicators were detected for this claim. Key factors: High claim overlap | Multiple previous rejections. Recommended action: No immediate action required. Final decision must be made by the authorized official."
FRA0319,Madhya Pradesh,Dindori,22.913329,81.037871,NO,15,LOW,Long processing delay,,Normal,"Claim FRA0319 from Dindori, Madhya Pradesh has a risk score of 15/100 (LOW). No major risk indicators were detected for this claim. Key factors: Long processing delay. Recommended action: No immediate action required. Final decision must be made by the authorized official."
FRA0320,Madhya Pradesh,Balaghat,21.680437,80.077646,NO,40,MEDIUM,Long processing delay | High claim overlap,,Moderate,"Claim FRA0320 from Balaghat, Madhya Pradesh has a risk score of 40/100 (MEDIUM). This claim has some risk indicators and may require additional verification. Key factors: Long processing delay | High claim overlap. Recommended action: Perform additional document verification. Final decision must be made by the authorized official."
FRA0321,Maharashtra,Gadchiroli,20.187381,80.142659,NO,0,LOW,,,Normal,"Claim FRA0321 from Gadchiroli, Maharashtra has a risk score of 0/100 (LOW). No major risk indicators were detected for this claim. Key factors: . Recommended action: No immediate action required. Final decision must be made by the authorized official."
FRA0322,Jharkhand,Simdega,22.713447,84.595041,NO,20,LOW,Moderate claim overlap | Multiple previous rejections,,Normal,"Claim FRA0322 from Simdega, Jharkhand has a risk score of 20/100 (LOW). No major risk indicators were detected for this claim. Key factors: Moderate claim overlap | Multiple previous rejections. Recommended action: No immediate action required. Final decision must be made by the authorized official."
FRA0323,Chhattisgarh,Bastar,19.022854,82.007674,NO,40,MEDIUM,Long processing delay | High claim overlap,,Moderate,"Claim FRA0323 from Bastar, Chhattisgarh has a risk score of 40/100 (MEDIUM). This claim has some risk indicators and may require additional verification. Key factors: Long processing delay | High claim overlap. Recommended action: Perform additional document verification. Final decision must be made by the authorized official."
FRA0324,Odisha,Mayurbhanj,21.857568,86.824143,NO,45,MEDIUM,Long processing delay | High claim overlap | Multiple previous rejections,,Moderate,"Claim FRA0324 from Mayurbhanj, Odisha has a risk score of 45/100 (MEDIUM). This claim has some risk indicators and may require additional verification. Key factors: Long processing delay | High claim overlap | Multiple previous rejections. Recommended action: Perform additional document verification. Final decision must be made by the authorized official."
FRA0325,Chhattisgarh,Surguja,22.901482,83.072393,NO,30,LOW,Long processing delay | Moderate claim overlap,,Normal,"Claim FRA0325 from Surguja, Chhattisgarh has a risk score of 30/100 (LOW). No major risk indicators were detected for this claim. Key factors: Long processing delay | Moderate claim overlap. Recommended action: No immediate action required. Final decision must be made by the authorized official."
FRA0326,Jharkhand,Gumla,23.075222,84.427809,NO,15,LOW,Long processing delay,,Normal,"Claim FRA0326 from Gumla, Jharkhand has a risk score of 15/100 (LOW). No major risk indicators were detected for this claim. Key factors: Long processing delay. Recommended action: No immediate action required. Final decision must be made by the authorized official."
FRA0327,Chhattisgarh,Kanker,20.313738,81.531822,NO,0,LOW,,,Normal,"Claim FRA0327 from Kanker, Chhattisgarh has a risk score of 0/100 (LOW). No major risk indicators were detected for this claim. Key factors: . Recommended action: No immediate action required. Final decision must be made by the authorized official."
FRA0328,Madhya Pradesh,Mandla,22.463562,80.243841,NO,30,LOW,High claim overlap | Multiple previous rejections,,Normal,"Claim FRA0328 from Mandla, Madhya Pradesh has a risk score of 30/100 (LOW). No major risk indicators were detected for this claim. Key factors: High claim overlap | Multiple previous rejections. Recommended action: No immediate action required. Final decision must be made by the authorized official."
FRA0329,Odisha,Keonjhar,21.653388,85.548989,YES,10,LOW,ML anomaly detected,,Normal,"Claim FRA0329 from Keonjhar, Odisha has a risk score of 10/100 (LOW). No major risk indicators were detected for this claim. Key factors: ML anomaly detected. Recommended action: No immediate action required. Final decision must be made by the authorized official."
FRA0330,Maharashtra,Nashik,20.017556,73.648245,NO,20,LOW,Moderate claim overlap | Multiple previous rejections,,Normal,"Claim FRA0330 from Nashik, Maharashtra has a risk score of 20/100 (LOW). No major risk indicators were detected for this claim. Key factors: Moderate claim overlap | Multiple previous rejections. Recommended action: No immediate action required. Final decision must be made by the authorized official."
FRA0331,Jharkhand,Simdega,22.700707,84.422626,NO,0,LOW,,,Normal,"Claim FRA0331 from Simdega, Jharkhand has a risk score of 0/100 (LOW). No major risk indicators were detected for this claim. Key factors: . Recommended action: No immediate action required. Final decision must be made by the authorized official."
FRA0332,Madhya Pradesh,Mandla,22.457294,80.234894,NO,5,LOW,Multiple previous rejections,,Normal,"Claim FRA0332 from Mandla, Madhya Pradesh has a risk score of 5/100 (LOW). No major risk indicators were detected for this claim. Key factors: Multiple previous rejections. Recommended action: No immediate action required. Final decision must be made by the authorized official."
FRA0333,Madhya Pradesh,Balaghat,21.816147,80.114751,NO,0,LOW,,,Normal,"Claim FRA0333 from Balaghat, Madhya Pradesh has a risk score of 0/100 (LOW). No major risk indicators were detected for this claim. Key factors: . Recommended action: No immediate action required. Final decision must be made by the authorized official."
FRA0334,Chhattisgarh,Bastar,19.037452,81.967965,NO,30,LOW,High claim overlap | Multiple previous rejections,,Normal,"Claim FRA0334 from Bastar, Chhattisgarh has a risk score of 30/100 (LOW). No major risk indicators were detected for this claim. Key factors: High claim overlap | Multiple previous rejections. Recommended action: No immediate action required. Final decision must be made by the authorized official."
FRA0335,Jharkhand,Ranchi,23.366365,85.357221,NO,5,LOW,Multiple previous rejections,,Normal,"Claim FRA0335 from Ranchi, Jharkhand has a risk score of 5/100 (LOW). No major risk indicators were detected for this claim. Key factors: Multiple previous rejections. Recommended action: No immediate action required. Final decision must be made by the authorized official."
FRA0336,Maharashtra,Nashik,20.103432,73.837564,NO,30,LOW,Long processing delay | Moderate claim overlap,,Normal,"Claim FRA0336 from Nashik, Maharashtra has a risk score of 30/100 (LOW). No major risk indicators were detected for this claim. Key factors: Long processing delay | Moderate claim overlap. Recommended action: No immediate action required. Final decision must be made by the authorized official."
FRA0337,Chhattisgarh,Surguja,22.890485,83.111097,NO,0,LOW,,,Normal,"Claim FRA0337 from Surguja, Chhattisgarh has a risk score of 0/100 (LOW). No major risk indicators were detected for this claim. Key factors: . Recommended action: No immediate action required. Final decision must be made by the authorized official."
FRA0338,Madhya Pradesh,Mandla,22.69665,80.431232,NO,30,LOW,High claim overlap | Multiple previous rejections,,Normal,"Claim FRA0338 from Mandla, Madhya Pradesh has a risk score of 30/100 (LOW). No major risk indicators were detected for this claim. Key factors: High claim overlap | Multiple previous rejections. Recommended action: No immediate action required. Final decision must be made by the authorized official."
FRA0339,Maharashtra,Nashik,19.901417,73.818536,NO,0,LOW,,,Normal,"Claim FRA0339 from Nashik, Maharashtra has a risk score of 0/100 (LOW). No major risk indicators were detected for this claim. Key factors: . Recommended action: No immediate action required. Final decision must be made by the authorized official."
FRA0340,Chhattisgarh,Bastar,19.095042,81.853407,YES,30,LOW,Long processing delay | Multiple previous rejections | ML anomaly detected,,Normal,"Claim FRA0340 from Bastar, Chhattisgarh has a risk score of 30/100 (LOW). No major risk indicators were detected for this claim. Key factors: Long processing delay | Multiple previous rejections | ML anomaly detected. Recommended action: No immediate action required. Final decision must be made by the authorized official."
FRA0341,Chhattisgarh,Bastar,19.065585,81.856607,NO,20,LOW,Long processing delay | Multiple previous rejections,,Normal,"Claim FRA0341 from Bastar, Chhattisgarh has a risk score of 20/100 (LOW). No major risk indicators were detected for this claim. Key factors: Long processing delay | Multiple previous rejections. Recommended action: No immediate action required. Final decision must be made by the authorized official."
FRA0342,Jharkhand,Ranchi,23.46723,85.327965,NO,0,LOW,,,Normal,"Claim FRA0342 from Ranchi, Jharkhand has a risk score of 0/100 (LOW). No major risk indicators were detected for this claim. Key factors: . Recommended action: No immediate action required. Final decision must be made by the authorized official."
FRA0343,Maharashtra,Nandurbar,21.373248,74.368681,NO,40,MEDIUM,Long processing delay | High claim overlap,,Moderate,"Claim FRA0343 from Nandurbar, Maharashtra has a risk score of 40/100 (MEDIUM). This claim has some risk indicators and may require additional verification. Key factors: Long processing delay | High claim overlap. Recommended action: Perform additional document verification. Final decision must be made by the authorized official."
FRA0344,Chhattisgarh,Surguja,23.036101,83.230467,NO,20,LOW,Moderate claim overlap | Multiple previous rejections,,Normal,"Claim FRA0344 from Surguja, Chhattisgarh has a risk score of 20/100 (LOW). No major risk indicators were detected for this claim. Key factors: Moderate claim overlap | Multiple previous rejections. Recommended action: No immediate action required. Final decision must be made by the authorized official."
FRA0345,Jharkhand,Ranchi,23.264512,85.208261,NO,30,LOW,Long processing delay | Moderate claim overlap,,Normal,"Claim FRA0345 from Ranchi, Jharkhand has a risk score of 30/100 (LOW). No major risk indicators were detected for this claim. Key factors: Long processing delay | Moderate claim overlap. Recommended action: No immediate action required. Final decision must be made by the authorized official."
FRA0346,Chhattisgarh,Surguja,22.790266,83.155343,NO,25,LOW,High claim overlap,,Normal,"Claim FRA0346 from Surguja, Chhattisgarh has a risk score of 25/100 (LOW). No major risk indicators were detected for this claim. Key factors: High claim overlap. Recommended action: No immediate action required. Final decision must be made by the authorized official."
FRA0347,Jharkhand,Gumla,23.012522,84.670392,NO,20,LOW,Moderate claim overlap | Multiple previous rejections,,Normal,"Claim FRA0347 from Gumla, Jharkhand has a risk score of 20/100 (LOW). No major risk indicators were detected for this claim. Key factors: Moderate claim overlap | Multiple previous rejections. Recommended action: No immediate action required. Final decision must be made by the authorized official."
FRA0348,Jharkhand,Simdega,22.695112,84.400691,NO,0,LOW,,,Normal,"Claim FRA0348 from Simdega, Jharkhand has a risk score of 0/100 (LOW). No major risk indicators were detected for this claim. Key factors: . Recommended action: No immediate action required. Final decision must be made by the authorized official."
FRA0349,Jharkhand,Ranchi,23.312957,85.30723,NO,35,MEDIUM,Long processing delay | Moderate claim overlap | Multiple previous rejections,,Moderate,"Claim FRA0349 from Ranchi, Jharkhand has a risk score of 35/100 (MEDIUM). This claim has some risk indicators and may require additional verification. Key factors: Long processing delay | Moderate claim overlap | Multiple previous rejections. Recommended action: Perform additional document verification. Final decision must be made by the authorized official."
FRA0350,Chhattisgarh,Bastar,19.168069,81.904624,NO,15,LOW,Moderate claim overlap,,Normal,"Claim FRA0350 from Bastar, Chhattisgarh has a risk score of 15/100 (LOW). No major risk indicators were detected for this claim. Key factors: Moderate claim overlap. Recommended action: No immediate action required. Final decision must be made by the authorized official."
FRA0351,Chhattisgarh,Bastar,19.180286,81.814232,NO,20,LOW,Long processing delay | Multiple previous rejections,,Normal,"Claim FRA0351 from Bastar, Chhattisgarh has a risk score of 20/100 (LOW). No major risk indicators were detected for this claim. Key factors: Long processing delay | Multiple previous rejections. Recommended action: No immediate action required. Final decision must be made by the authorized official."
FRA0352,Odisha,Koraput,18.842857,82.644653,NO,15,LOW,Moderate claim overlap,,Normal,"Claim FRA0352 from Koraput, Odisha has a risk score of 15/100 (LOW). No major risk indicators were detected for this claim. Key factors: Moderate claim overlap. Recommended action: No immediate action required. Final decision must be made by the authorized official."
FRA0353,Chhattisgarh,Kanker,20.136984,81.340063,NO,25,LOW,High claim overlap,,Normal,"Claim FRA0353 from Kanker, Chhattisgarh has a risk score of 25/100 (LOW). No major risk indicators were detected for this claim. Key factors: High claim overlap. Recommended action: No immediate action required. Final decision must be made by the authorized official."
FRA0354,Odisha,Keonjhar,21.619408,85.727138,NO,35,MEDIUM,Long processing delay | Moderate claim overlap | Multiple previous rejections,,Moderate,"Claim FRA0354 from Keonjhar, Odisha has a risk score of 35/100 (MEDIUM). This claim has some risk indicators and may require additional verification. Key factors: Long processing delay | Moderate claim overlap | Multiple previous rejections. Recommended action: Perform additional document verification. Final decision must be made by the authorized official."
FRA0355,Chhattisgarh,Bastar,19.01649,81.868938,NO,15,LOW,Moderate claim overlap,,Normal,"Claim FRA0355 from Bastar, Chhattisgarh has a risk score of 15/100 (LOW). No major risk indicators were detected for this claim. Key factors: Moderate claim overlap. Recommended action: No immediate action required. Final decision must be made by the authorized official."
FRA0356,Madhya Pradesh,Mandla,22.740577,80.377227,NO,35,MEDIUM,Long processing delay | Moderate claim overlap | Multiple previous rejections,,Moderate,"Claim FRA0356 from Mandla, Madhya Pradesh has a risk score of 35/100 (MEDIUM). This claim has some risk indicators and may require additional verification. Key factors: Long processing delay | Moderate claim overlap | Multiple previous rejections. Recommended action: Perform additional document verification. Final decision must be made by the authorized official."
FRA0357,Chhattisgarh,Surguja,22.911574,83.065312,NO,35,MEDIUM,Long processing delay | Moderate claim overlap | Multiple previous rejections,,Moderate,"Claim FRA0357 from Surguja, Chhattisgarh has a risk score of 35/100 (MEDIUM). This claim has some risk indicators and may require additional verification. Key factors: Long processing delay | Moderate claim overlap | Multiple previous rejections. Recommended action: Perform additional document verification. Final decision must be made by the authorized official."
FRA0358,Madhya Pradesh,Mandla,22.569433,80.25472,NO,5,LOW,Multiple previous rejections,,Normal,"Claim FRA0358 from Mandla, Madhya Pradesh has a risk score of 5/100 (LOW). No major risk indicators were detected for this claim. Key factors: Multiple previous rejections. Recommended action: No immediate action required. Final decision must be made by the authorized official."
FRA0359,Odisha,Keonjhar,21.485684,85.666375,NO,15,LOW,Moderate claim overlap,,Normal,"Claim FRA0359 from Keonjhar, Odisha has a risk score of 15/100 (LOW). No major risk indicators were detected for this claim. Key factors: Moderate claim overlap. Recommended action: No immediate action required. Final decision must be made by the authorized official."
FRA0360,Odisha,Mayurbhanj,21.834859,86.767412,NO,35,MEDIUM,Long processing delay | Moderate claim overlap | Multiple previous rejections,,Moderate,"Claim FRA0360 from Mayurbhanj, Odisha has a risk score of 35/100 (MEDIUM). This claim has some risk indicators and may require additional verification. Key factors: Long processing delay | Moderate claim overlap | Multiple previous rejections. Recommended action: Perform additional document verification. Final decision must be made by the authorized official."
FRA0361,Maharashtra,Nandurbar,21.459136,74.116334,NO,30,LOW,High claim overlap | Multiple previous rejections,,Normal,"Claim FRA0361 from Nandurbar, Maharashtra has a risk score of 30/100 (LOW). No major risk indicators were detected for this claim. Key factors: High claim overlap | Multiple previous rejections. Recommended action: No immediate action required. Final decision must be made by the authorized official."
FRA0362,Jharkhand,Ranchi,23.253443,85.287988,NO,0,LOW,,,Normal,"Claim FRA0362 from Ranchi, Jharkhand has a risk score of 0/100 (LOW). No major risk indicators were detected for this claim. Key factors: . Recommended action: No immediate action required. Final decision must be made by the authorized official."
FRA0363,Maharashtra,Gadchiroli,20.111318,79.956735,NO,5,LOW,Multiple previous rejections,,Normal,"Claim FRA0363 from Gadchiroli, Maharashtra has a risk score of 5/100 (LOW). No major risk indicators were detected for this claim. Key factors: Multiple previous rejections. Recommended action: No immediate action required. Final decision must be made by the authorized official."
FRA0364,Maharashtra,Nandurbar,21.254394,74.091471,NO,5,LOW,Multiple previous rejections,,Normal,"Claim FRA0364 from Nandurbar, Maharashtra has a risk score of 5/100 (LOW). No major risk indicators were detected for this claim. Key factors: Multiple previous rejections. Recommended action: No immediate action required. Final decision must be made by the authorized official."
FRA0365,Jharkhand,Simdega,22.71991,84.373532,NO,5,LOW,Multiple previous rejections,,Normal,"Claim FRA0365 from Simdega, Jharkhand has a risk score of 5/100 (LOW). No major risk indicators were detected for this claim. Key factors: Multiple previous rejections. Recommended action: No immediate action required. Final decision must be made by the authorized official."
FRA0366,Madhya Pradesh,Balaghat,21.720644,80.119364,NO,20,LOW,Moderate claim overlap | Multiple previous rejections,,Normal,"Claim FRA0366 from Balaghat, Madhya Pradesh has a risk score of 20/100 (LOW). No major risk indicators were detected for this claim. Key factors: Moderate claim overlap | Multiple previous rejections. Recommended action: No immediate action required. Final decision must be made by the authorized official."
FRA0367,Chhattisgarh,Bastar,19.02445,82.043214,NO,0,LOW,,,Normal,"Claim FRA0367 from Bastar, Chhattisgarh has a risk score of 0/100 (LOW). No major risk indicators were detected for this claim. Key factors: . Recommended action: No immediate action required. Final decision must be made by the authorized official."
FRA0368,Madhya Pradesh,Balaghat,21.866284,80.135732,NO,20,LOW,Long processing delay | Multiple previous rejections,,Normal,"Claim FRA0368 from Balaghat, Madhya Pradesh has a risk score of 20/100 (LOW). No major risk indicators were detected for this claim. Key factors: Long processing delay | Multiple previous rejections. Recommended action: No immediate action required. Final decision must be made by the authorized official."
FRA0369,Madhya Pradesh,Balaghat,21.849122,80.147757,NO,35,MEDIUM,Long processing delay | Moderate claim overlap | Multiple previous rejections,,Moderate,"Claim FRA0369 from Balaghat, Madhya Pradesh has a risk score of 35/100 (MEDIUM). This claim has some risk indicators and may require additional verification. Key factors: Long processing delay | Moderate claim overlap | Multiple previous rejections. Recommended action: Perform additional document verification. Final decision must be made by the authorized official."
FRA0370,Chhattisgarh,Surguja,22.858397,83.177316,NO,15,LOW,Moderate claim overlap,,Normal,"Claim FRA0370 from Surguja, Chhattisgarh has a risk score of 15/100 (LOW). No major risk indicators were detected for this claim. Key factors: Moderate claim overlap. Recommended action: No immediate action required. Final decision must be made by the authorized official."
FRA0371,Chhattisgarh,Surguja,22.962289,83.078387,NO,20,LOW,Moderate claim overlap | Multiple previous rejections,,Normal,"Claim FRA0371 from Surguja, Chhattisgarh has a risk score of 20/100 (LOW). No major risk indicators were detected for this claim. Key factors: Moderate claim overlap | Multiple previous rejections. Recommended action: No immediate action required. Final decision must be made by the authorized official."
FRA0372,Jharkhand,Ranchi,23.242645,85.453876,NO,0,LOW,,,Normal,"Claim FRA0372 from Ranchi, Jharkhand has a risk score of 0/100 (LOW). No major risk indicators were detected for this claim. Key factors: . Recommended action: No immediate action required. Final decision must be made by the authorized official."
FRA0373,Odisha,Mayurbhanj,21.839288,86.834682,NO,5,LOW,Multiple previous rejections,,Normal,"Claim FRA0373 from Mayurbhanj, Odisha has a risk score of 5/100 (LOW). No major risk indicators were detected for this claim. Key factors: Multiple previous rejections. Recommended action: No immediate action required. Final decision must be made by the authorized official."
FRA0374,Jharkhand,Ranchi,23.234687,85.409213,NO,0,LOW,,,Normal,"Claim FRA0374 from Ranchi, Jharkhand has a risk score of 0/100 (LOW). No major risk indicators were detected for this claim. Key factors: . Recommended action: No immediate action required. Final decision must be made by the authorized official."
FRA0375,Chhattisgarh,Surguja,22.965583,83.29621,NO,20,LOW,Moderate claim overlap | Multiple previous rejections,,Normal,"Claim FRA0375 from Surguja, Chhattisgarh has a risk score of 20/100 (LOW). No major risk indicators were detected for this claim. Key factors: Moderate claim overlap | Multiple previous rejections. Recommended action: No immediate action required. Final decision must be made by the authorized official."
FRA0376,Jharkhand,Gumla,22.968053,84.66376,NO,5,LOW,Multiple previous rejections,,Normal,"Claim FRA0376 from Gumla, Jharkhand has a risk score of 5/100 (LOW). No major risk indicators were detected for this claim. Key factors: Multiple previous rejections. Recommended action: No immediate action required. Final decision must be made by the authorized official."
FRA0377,Maharashtra,Nandurbar,21.27456,74.16962,NO,20,LOW,Long processing delay | Multiple previous rejections,,Normal,"Claim FRA0377 from Nandurbar, Maharashtra has a risk score of 20/100 (LOW). No major risk indicators were detected for this claim. Key factors: Long processing delay | Multiple previous rejections. Recommended action: No immediate action required. Final decision must be made by the authorized official."
FRA0378,Madhya Pradesh,Dindori,22.799703,81.181649,NO,40,MEDIUM,Long processing delay | High claim overlap,,Moderate,"Claim FRA0378 from Dindori, Madhya Pradesh has a risk score of 40/100 (MEDIUM). This claim has some risk indicators and may require additional verification. Key factors: Long processing delay | High claim overlap. Recommended action: Perform additional document verification. Final decision must be made by the authorized official."
FRA0379,Maharashtra,Nandurbar,21.225375,74.245147,NO,5,LOW,Multiple previous rejections,,Normal,"Claim FRA0379 from Nandurbar, Maharashtra has a risk score of 5/100 (LOW). No major risk indicators were detected for this claim. Key factors: Multiple previous rejections. Recommended action: No immediate action required. Final decision must be made by the authorized official."
FRA0380,Chhattisgarh,Bastar,19.105608,82.019029,NO,25,LOW,High claim overlap,,Normal,"Claim FRA0380 from Bastar, Chhattisgarh has a risk score of 25/100 (LOW). No major risk indicators were detected for this claim. Key factors: High claim overlap. Recommended action: No immediate action required. Final decision must be made by the authorized official."
FRA0381,Odisha,Mayurbhanj,22.008512,86.772171,YES,50,MEDIUM,Long processing delay | High claim overlap | ML anomaly detected,,Moderate,"Claim FRA0381 from Mayurbhanj, Odisha has a risk score of 50/100 (MEDIUM). This claim has some risk indicators and may require additional verification. Key factors: Long processing delay | High claim overlap | ML anomaly detected. Recommended action: Perform additional document verification. Final decision must be made by the authorized official."
FRA0382,Odisha,Mayurbhanj,21.8992,86.592269,NO,15,LOW,Moderate claim overlap,,Normal,"Claim FRA0382 from Mayurbhanj, Odisha has a risk score of 15/100 (LOW). No major risk indicators were detected for this claim. Key factors: Moderate claim overlap. Recommended action: No immediate action required. Final decision must be made by the authorized official."
FRA0383,Madhya Pradesh,Dindori,22.816273,81.015125,NO,20,LOW,Long processing delay | Multiple previous rejections,,Normal,"Claim FRA0383 from Dindori, Madhya Pradesh has a risk score of 20/100 (LOW). No major risk indicators were detected for this claim. Key factors: Long processing delay | Multiple previous rejections. Recommended action: No immediate action required. Final decision must be made by the authorized official."
FRA0384,Maharashtra,Gadchiroli,20.081552,80.106093,NO,5,LOW,Multiple previous rejections,,Normal,"Claim FRA0384 from Gadchiroli, Maharashtra has a risk score of 5/100 (LOW). No major risk indicators were detected for this claim. Key factors: Multiple previous rejections. Recommended action: No immediate action required. Final decision must be made by the authorized official."
FRA0385,Madhya Pradesh,Balaghat,21.782723,80.0877,NO,25,LOW,High claim overlap,,Normal,"Claim FRA0385 from Balaghat, Madhya Pradesh has a risk score of 25/100 (LOW). No major risk indicators were detected for this claim. Key factors: High claim overlap. Recommended action: No immediate action required. Final decision must be made by the authorized official."
FRA0386,Jharkhand,Gumla,22.944925,84.515601,NO,15,LOW,Moderate claim overlap,,Normal,"Claim FRA0386 from Gumla, Jharkhand has a risk score of 15/100 (LOW). No major risk indicators were detected for this claim. Key factors: Moderate claim overlap. Recommended action: No immediate action required. Final decision must be made by the authorized official."
FRA0387,Jharkhand,Simdega,22.551577,84.523841,NO,0,LOW,,,Normal,"Claim FRA0387 from Simdega, Jharkhand has a risk score of 0/100 (LOW). No major risk indicators were detected for this claim. Key factors: . Recommended action: No immediate action required. Final decision must be made by the authorized official."
FRA0388,Chhattisgarh,Kanker,20.349037,81.609773,NO,15,LOW,Moderate claim overlap,,Normal,"Claim FRA0388 from Kanker, Chhattisgarh has a risk score of 15/100 (LOW). No major risk indicators were detected for this claim. Key factors: Moderate claim overlap. Recommended action: No immediate action required. Final decision must be made by the authorized official."
FRA0389,Chhattisgarh,Bastar,19.214626,81.957388,NO,20,LOW,Moderate claim overlap | Multiple previous rejections,,Normal,"Claim FRA0389 from Bastar, Chhattisgarh has a risk score of 20/100 (LOW). No major risk indicators were detected for this claim. Key factors: Moderate claim overlap | Multiple previous rejections. Recommended action: No immediate action required. Final decision must be made by the authorized official."
FRA0390,Chhattisgarh,Kanker,20.168558,81.449343,NO,0,LOW,,,Normal,"Claim FRA0390 from Kanker, Chhattisgarh has a risk score of 0/100 (LOW). No major risk indicators were detected for this claim. Key factors: . Recommended action: No immediate action required. Final decision must be made by the authorized official."
FRA0391,Jharkhand,Ranchi,23.220472,85.381202,NO,30,LOW,Long processing delay | Moderate claim overlap,,Normal,"Claim FRA0391 from Ranchi, Jharkhand has a risk score of 30/100 (LOW). No major risk indicators were detected for this claim. Key factors: Long processing delay | Moderate claim overlap. Recommended action: No immediate action required. Final decision must be made by the authorized official."
FRA0392,Madhya Pradesh,Mandla,22.527867,80.235299,NO,35,MEDIUM,Long processing delay | Moderate claim overlap | Multiple previous rejections,,Moderate,"Claim FRA0392 from Mandla, Madhya Pradesh has a risk score of 35/100 (MEDIUM). This claim has some risk indicators and may require additional verification. Key factors: Long processing delay | Moderate claim overlap | Multiple previous rejections. Recommended action: Perform additional document verification. Final decision must be made by the authorized official."
FRA0393,Maharashtra,Nashik,20.071229,73.875379,NO,5,LOW,Multiple previous rejections,,Normal,"Claim FRA0393 from Nashik, Maharashtra has a risk score of 5/100 (LOW). No major risk indicators were detected for this claim. Key factors: Multiple previous rejections. Recommended action: No immediate action required. Final decision must be made by the authorized official."
FRA0394,Odisha,Keonjhar,21.668487,85.620301,NO,15,LOW,Moderate claim overlap,,Normal,"Claim FRA0394 from Keonjhar, Odisha has a risk score of 15/100 (LOW). No major risk indicators were detected for this claim. Key factors: Moderate claim overlap. Recommended action: No immediate action required. Final decision must be made by the authorized official."
FRA0395,Chhattisgarh,Bastar,19.189784,81.844061,NO,20,LOW,Long processing delay | Multiple previous rejections,,Normal,"Claim FRA0395 from Bastar, Chhattisgarh has a risk score of 20/100 (LOW). No major risk indicators were detected for this claim. Key factors: Long processing delay | Multiple previous rejections. Recommended action: No immediate action required. Final decision must be made by the authorized official."
FRA0396,Maharashtra,Gadchiroli,20.29137,80.086422,YES,10,LOW,ML anomaly detected,,Normal,"Claim FRA0396 from Gadchiroli, Maharashtra has a risk score of 10/100 (LOW). No major risk indicators were detected for this claim. Key factors: ML anomaly detected. Recommended action: No immediate action required. Final decision must be made by the authorized official."
FRA0397,Maharashtra,Gadchiroli,20.19222,79.89888,NO,30,LOW,Long processing delay | Moderate claim overlap,,Normal,"Claim FRA0397 from Gadchiroli, Maharashtra has a risk score of 30/100 (LOW). No major risk indicators were detected for this claim. Key factors: Long processing delay | Moderate claim overlap. Recommended action: No immediate action required. Final decision must be made by the authorized official."
FRA0398,Madhya Pradesh,Mandla,22.598957,80.347679,NO,15,LOW,Long processing delay,,Normal,"Claim FRA0398 from Mandla, Madhya Pradesh has a risk score of 15/100 (LOW). No major risk indicators were detected for this claim. Key factors: Long processing delay. Recommended action: No immediate action required. Final decision must be made by the authorized official."
FRA0399,Chhattisgarh,Bastar,19.157202,81.936384,YES,10,LOW,ML anomaly detected,,Normal,"Claim FRA0399 from Bastar, Chhattisgarh has a risk score of 10/100 (LOW). No major risk indicators were detected for this claim. Key factors: ML anomaly detected. Recommended action: No immediate action required. Final decision must be made by the authorized official."
FRA0400,Chhattisgarh,Kanker,20.272729,81.471884,NO,25,LOW,High claim overlap,,Normal,"Claim FRA0400 from Kanker, Chhattisgarh has a risk score of 25/100 (LOW). No major risk indicators were detected for this claim. Key factors: High claim overlap. Recommended action: No immediate action required. Final decision must be made by the authorized official."
FRA0401,Chhattisgarh,Bastar,19.247189,82.002182,NO,40,MEDIUM,Long processing delay | High claim overlap,,Moderate,"Claim FRA0401 from Bastar, Chhattisgarh has a risk score of 40/100 (MEDIUM). This claim has some risk indicators and may require additional verification. Key factors: Long processing delay | High claim overlap. Recommended action: Perform additional document verification. Final decision must be made by the authorized official."
FRA0402,Chhattisgarh,Kanker,20.193829,81.571569,NO,15,LOW,Moderate claim overlap,,Normal,"Claim FRA0402 from Kanker, Chhattisgarh has a risk score of 15/100 (LOW). No major risk indicators were detected for this claim. Key factors: Moderate claim overlap. Recommended action: No immediate action required. Final decision must be made by the authorized official."
FRA0403,Maharashtra,Gadchiroli,20.194109,79.986372,NO,20,LOW,Long processing delay | Multiple previous rejections,,Normal,"Claim FRA0403 from Gadchiroli, Maharashtra has a risk score of 20/100 (LOW). No major risk indicators were detected for this claim. Key factors: Long processing delay | Multiple previous rejections. Recommended action: No immediate action required. Final decision must be made by the authorized official."
FRA0404,Odisha,Koraput,18.797807,82.716032,NO,5,LOW,Multiple previous rejections,,Normal,"Claim FRA0404 from Koraput, Odisha has a risk score of 5/100 (LOW). No major risk indicators were detected for this claim. Key factors: Multiple previous rejections. Recommended action: No immediate action required. Final decision must be made by the authorized official."
FRA0405,Chhattisgarh,Surguja,22.987936,83.325468,NO,20,LOW,Moderate claim overlap | Multiple previous rejections,,Normal,"Claim FRA0405 from Surguja, Chhattisgarh has a risk score of 20/100 (LOW). No major risk indicators were detected for this claim. Key factors: Moderate claim overlap | Multiple previous rejections. Recommended action: No immediate action required. Final decision must be made by the authorized official."
FRA0406,Maharashtra,Nashik,19.934218,73.872877,NO,5,LOW,Multiple previous rejections,,Normal,"Claim FRA0406 from Nashik, Maharashtra has a risk score of 5/100 (LOW). No major risk indicators were detected for this claim. Key factors: Multiple previous rejections. Recommended action: No immediate action required. Final decision must be made by the authorized official."
FRA0407,Madhya Pradesh,Balaghat,21.93797,80.211558,NO,5,LOW,Multiple previous rejections,,Normal,"Claim FRA0407 from Balaghat, Madhya Pradesh has a risk score of 5/100 (LOW). No major risk indicators were detected for this claim. Key factors: Multiple previous rejections. Recommended action: No immediate action required. Final decision must be made by the authorized official."
FRA0408,Jharkhand,Gumla,23.073346,84.573556,NO,20,LOW,Moderate claim overlap | Multiple previous rejections,,Normal,"Claim FRA0408 from Gumla, Jharkhand has a risk score of 20/100 (LOW). No major risk indicators were detected for this claim. Key factors: Moderate claim overlap | Multiple previous rejections. Recommended action: No immediate action required. Final decision must be made by the authorized official."
FRA0409,Maharashtra,Nashik,19.915727,73.86477,NO,15,LOW,Moderate claim overlap,,Normal,"Claim FRA0409 from Nashik, Maharashtra has a risk score of 15/100 (LOW). No major risk indicators were detected for this claim. Key factors: Moderate claim overlap. Recommended action: No immediate action required. Final decision must be made by the authorized official."
FRA0410,Maharashtra,Gadchiroli,20.06371,79.89927,NO,0,LOW,,,Normal,"Claim FRA0410 from Gadchiroli, Maharashtra has a risk score of 0/100 (LOW). No major risk indicators were detected for this claim. Key factors: . Recommended action: No immediate action required. Final decision must be made by the authorized official."
FRA0411,Madhya Pradesh,Dindori,22.865745,81.020055,NO,15,LOW,Moderate claim overlap,,Normal,"Claim FRA0411 from Dindori, Madhya Pradesh has a risk score of 15/100 (LOW). No major risk indicators were detected for this claim. Key factors: Moderate claim overlap. Recommended action: No immediate action required. Final decision must be made by the authorized official."
FRA0412,Madhya Pradesh,Balaghat,21.709401,80.120166,NO,20,LOW,Moderate claim overlap | Multiple previous rejections,,Normal,"Claim FRA0412 from Balaghat, Madhya Pradesh has a risk score of 20/100 (LOW). No major risk indicators were detected for this claim. Key factors: Moderate claim overlap | Multiple previous rejections. Recommended action: No immediate action required. Final decision must be made by the authorized official."
FRA0413,Chhattisgarh,Bastar,18.956761,82.064018,NO,30,LOW,High claim overlap | Multiple previous rejections,,Normal,"Claim FRA0413 from Bastar, Chhattisgarh has a risk score of 30/100 (LOW). No major risk indicators were detected for this claim. Key factors: High claim overlap | Multiple previous rejections. Recommended action: No immediate action required. Final decision must be made by the authorized official."
FRA0414,Madhya Pradesh,Dindori,23.06797,80.947491,NO,40,MEDIUM,Long processing delay | High claim overlap,,Moderate,"Claim FRA0414 from Dindori, Madhya Pradesh has a risk score of 40/100 (MEDIUM). This claim has some risk indicators and may require additional verification. Key factors: Long processing delay | High claim overlap. Recommended action: Perform additional document verification. Final decision must be made by the authorized official."
FRA0415,Maharashtra,Nandurbar,21.307813,74.294719,NO,15,LOW,Long processing delay,,Normal,"Claim FRA0415 from Nandurbar, Maharashtra has a risk score of 15/100 (LOW). No major risk indicators were detected for this claim. Key factors: Long processing delay. Recommended action: No immediate action required. Final decision must be made by the authorized official."
FRA0416,Jharkhand,Ranchi,23.486455,85.447438,NO,25,LOW,High claim overlap,,Normal,"Claim FRA0416 from Ranchi, Jharkhand has a risk score of 25/100 (LOW). No major risk indicators were detected for this claim. Key factors: High claim overlap. Recommended action: No immediate action required. Final decision must be made by the authorized official."
FRA0417,Chhattisgarh,Bastar,19.053478,82.006026,NO,0,LOW,,,Normal,"Claim FRA0417 from Bastar, Chhattisgarh has a risk score of 0/100 (LOW). No major risk indicators were detected for this claim. Key factors: . Recommended action: No immediate action required. Final decision must be made by the authorized official."
FRA0418,Maharashtra,Nashik,19.992374,73.830267,NO,15,LOW,Moderate claim overlap,,Normal,"Claim FRA0418 from Nashik, Maharashtra has a risk score of 15/100 (LOW). No major risk indicators were detected for this claim. Key factors: Moderate claim overlap. Recommended action: No immediate action required. Final decision must be made by the authorized official."
FRA0419,Maharashtra,Gadchiroli,20.134336,80.094496,NO,35,MEDIUM,Long processing delay | Moderate claim overlap | Multiple previous rejections,,Moderate,"Claim FRA0419 from Gadchiroli, Maharashtra has a risk score of 35/100 (MEDIUM). This claim has some risk indicators and may require additional verification. Key factors: Long processing delay | Moderate claim overlap | Multiple previous rejections. Recommended action: Perform additional document verification. Final decision must be made by the authorized official."
FRA0420,Maharashtra,Gadchiroli,20.244922,80.087024,NO,15,LOW,Moderate claim overlap,,Normal,"Claim FRA0420 from Gadchiroli, Maharashtra has a risk score of 15/100 (LOW). No major risk indicators were detected for this claim. Key factors: Moderate claim overlap. Recommended action: No immediate action required. Final decision must be made by the authorized official."
FRA0421,Odisha,Mayurbhanj,22.016585,86.6122,NO,5,LOW,Multiple previous rejections,,Normal,"Claim FRA0421 from Mayurbhanj, Odisha has a risk score of 5/100 (LOW). No major risk indicators were detected for this claim. Key factors: Multiple previous rejections. Recommended action: No immediate action required. Final decision must be made by the authorized official."
FRA0422,Chhattisgarh,Kanker,20.390274,81.370789,NO,5,LOW,Multiple previous rejections,,Normal,"Claim FRA0422 from Kanker, Chhattisgarh has a risk score of 5/100 (LOW). No major risk indicators were detected for this claim. Key factors: Multiple previous rejections. Recommended action: No immediate action required. Final decision must be made by the authorized official."
FRA0423,Odisha,Mayurbhanj,21.81108,86.745386,NO,5,LOW,Multiple previous rejections,,Normal,"Claim FRA0423 from Mayurbhanj, Odisha has a risk score of 5/100 (LOW). No major risk indicators were detected for this claim. Key factors: Multiple previous rejections. Recommended action: No immediate action required. Final decision must be made by the authorized official."
FRA0424,Odisha,Koraput,18.787752,82.842512,NO,15,LOW,Moderate claim overlap,,Normal,"Claim FRA0424 from Koraput, Odisha has a risk score of 15/100 (LOW). No major risk indicators were detected for this claim. Key factors: Moderate claim overlap. Recommended action: No immediate action required. Final decision must be made by the authorized official."
FRA0425,Madhya Pradesh,Dindori,22.809553,81.025031,NO,20,LOW,Long processing delay | Multiple previous rejections,,Normal,"Claim FRA0425 from Dindori, Madhya Pradesh has a risk score of 20/100 (LOW). No major risk indicators were detected for this claim. Key factors: Long processing delay | Multiple previous rejections. Recommended action: No immediate action required. Final decision must be made by the authorized official."
FRA0426,Odisha,Mayurbhanj,21.93291,86.696448,NO,35,MEDIUM,Long processing delay | Moderate claim overlap | Multiple previous rejections,,Moderate,"Claim FRA0426 from Mayurbhanj, Odisha has a risk score of 35/100 (MEDIUM). This claim has some risk indicators and may require additional verification. Key factors: Long processing delay | Moderate claim overlap | Multiple previous rejections. Recommended action: Perform additional document verification. Final decision must be made by the authorized official."
FRA0427,Chhattisgarh,Surguja,22.907658,83.275437,NO,0,LOW,,,Normal,"Claim FRA0427 from Surguja, Chhattisgarh has a risk score of 0/100 (LOW). No major risk indicators were detected for this claim. Key factors: . Recommended action: No immediate action required. Final decision must be made by the authorized official."
FRA0428,Odisha,Koraput,18.757999,82.638264,NO,5,LOW,Multiple previous rejections,,Normal,"Claim FRA0428 from Koraput, Odisha has a risk score of 5/100 (LOW). No major risk indicators were detected for this claim. Key factors: Multiple previous rejections. Recommended action: No immediate action required. Final decision must be made by the authorized official."
FRA0429,Madhya Pradesh,Dindori,22.912115,80.939735,NO,20,LOW,Moderate claim overlap | Multiple previous rejections,,Normal,"Claim FRA0429 from Dindori, Madhya Pradesh has a risk score of 20/100 (LOW). No major risk indicators were detected for this claim. Key factors: Moderate claim overlap | Multiple previous rejections. Recommended action: No immediate action required. Final decision must be made by the authorized official."
FRA0430,Madhya Pradesh,Dindori,22.846747,81.146206,NO,35,MEDIUM,Long processing delay | Moderate claim overlap | Multiple previous rejections,,Moderate,"Claim FRA0430 from Dindori, Madhya Pradesh has a risk score of 35/100 (MEDIUM). This claim has some risk indicators and may require additional verification. Key factors: Long processing delay | Moderate claim overlap | Multiple previous rejections. Recommended action: Perform additional document verification. Final decision must be made by the authorized official."
FRA0431,Madhya Pradesh,Balaghat,21.895246,80.279456,NO,5,LOW,Multiple previous rejections,,Normal,"Claim FRA0431 from Balaghat, Madhya Pradesh has a risk score of 5/100 (LOW). No major risk indicators were detected for this claim. Key factors: Multiple previous rejections. Recommended action: No immediate action required. Final decision must be made by the authorized official."
FRA0432,Maharashtra,Gadchiroli,20.084509,80.141812,NO,5,LOW,Multiple previous rejections,,Normal,"Claim FRA0432 from Gadchiroli, Maharashtra has a risk score of 5/100 (LOW). No major risk indicators were detected for this claim. Key factors: Multiple previous rejections. Recommended action: No immediate action required. Final decision must be made by the authorized official."
FRA0433,Madhya Pradesh,Balaghat,21.729737,80.141752,NO,15,LOW,Moderate claim overlap,,Normal,"Claim FRA0433 from Balaghat, Madhya Pradesh has a risk score of 15/100 (LOW). No major risk indicators were detected for this claim. Key factors: Moderate claim overlap. Recommended action: No immediate action required. Final decision must be made by the authorized official."
FRA0434,Maharashtra,Gadchiroli,20.209646,80.072452,NO,20,LOW,Moderate claim overlap | Multiple previous rejections,,Normal,"Claim FRA0434 from Gadchiroli, Maharashtra has a risk score of 20/100 (LOW). No major risk indicators were detected for this claim. Key factors: Moderate claim overlap | Multiple previous rejections. Recommended action: No immediate action required. Final decision must be made by the authorized official."
FRA0435,Odisha,Keonjhar,21.536533,85.61257,NO,0,LOW,,,Normal,"Claim FRA0435 from Keonjhar, Odisha has a risk score of 0/100 (LOW). No major risk indicators were detected for this claim. Key factors: . Recommended action: No immediate action required. Final decision must be made by the authorized official."
FRA0436,Chhattisgarh,Kanker,20.32706,81.434353,NO,5,LOW,Multiple previous rejections,,Normal,"Claim FRA0436 from Kanker, Chhattisgarh has a risk score of 5/100 (LOW). No major risk indicators were detected for this claim. Key factors: Multiple previous rejections. Recommended action: No immediate action required. Final decision must be made by the authorized official."
FRA0437,Maharashtra,Gadchiroli,20.114539,79.940211,NO,15,LOW,Long processing delay,,Normal,"Claim FRA0437 from Gadchiroli, Maharashtra has a risk score of 15/100 (LOW). No major risk indicators were detected for this claim. Key factors: Long processing delay. Recommended action: No immediate action required. Final decision must be made by the authorized official."
FRA0438,Odisha,Mayurbhanj,21.971694,86.660254,NO,25,LOW,High claim overlap,,Normal,"Claim FRA0438 from Mayurbhanj, Odisha has a risk score of 25/100 (LOW). No major risk indicators were detected for this claim. Key factors: High claim overlap. Recommended action: No immediate action required. Final decision must be made by the authorized official."
FRA0439,Madhya Pradesh,Balaghat,21.758606,80.041141,NO,5,LOW,Multiple previous rejections,,Normal,"Claim FRA0439 from Balaghat, Madhya Pradesh has a risk score of 5/100 (LOW). No major risk indicators were detected for this claim. Key factors: Multiple previous rejections. Recommended action: No immediate action required. Final decision must be made by the authorized official."
FRA0440,Maharashtra,Gadchiroli,20.240963,80.114461,NO,30,LOW,High claim overlap | Multiple previous rejections,,Normal,"Claim FRA0440 from Gadchiroli, Maharashtra has a risk score of 30/100 (LOW). No major risk indicators were detected for this claim. Key factors: High claim overlap | Multiple previous rejections. Recommended action: No immediate action required. Final decision must be made by the authorized official."
FRA0441,Odisha,Mayurbhanj,21.889274,86.747948,NO,25,LOW,High claim overlap,,Normal,"Claim FRA0441 from Mayurbhanj, Odisha has a risk score of 25/100 (LOW). No major risk indicators were detected for this claim. Key factors: High claim overlap. Recommended action: No immediate action required. Final decision must be made by the authorized official."
FRA0442,Jharkhand,Ranchi,23.30126,85.428051,NO,30,LOW,High claim overlap | Multiple previous rejections,,Normal,"Claim FRA0442 from Ranchi, Jharkhand has a risk score of 30/100 (LOW). No major risk indicators were detected for this claim. Key factors: High claim overlap | Multiple previous rejections. Recommended action: No immediate action required. Final decision must be made by the authorized official."
FRA0443,Madhya Pradesh,Dindori,23.058595,80.997757,NO,20,LOW,Long processing delay | Multiple previous rejections,,Normal,"Claim FRA0443 from Dindori, Madhya Pradesh has a risk score of 20/100 (LOW). No major risk indicators were detected for this claim. Key factors: Long processing delay | Multiple previous rejections. Recommended action: No immediate action required. Final decision must be made by the authorized official."
FRA0444,Jharkhand,Gumla,23.05058,84.62383,YES,30,LOW,Long processing delay | Multiple previous rejections | ML anomaly detected,,Normal,"Claim FRA0444 from Gumla, Jharkhand has a risk score of 30/100 (LOW). No major risk indicators were detected for this claim. Key factors: Long processing delay | Multiple previous rejections | ML anomaly detected. Recommended action: No immediate action required. Final decision must be made by the authorized official."
FRA0445,Maharashtra,Nandurbar,21.386598,74.118355,NO,5,LOW,Multiple previous rejections,,Normal,"Claim FRA0445 from Nandurbar, Maharashtra has a risk score of 5/100 (LOW). No major risk indicators were detected for this claim. Key factors: Multiple previous rejections. Recommended action: No immediate action required. Final decision must be made by the authorized official."
FRA0446,Chhattisgarh,Kanker,20.173517,81.590999,NO,0,LOW,,,Normal,"Claim FRA0446 from Kanker, Chhattisgarh has a risk score of 0/100 (LOW). No major risk indicators were detected for this claim. Key factors: . Recommended action: No immediate action required. Final decision must be made by the authorized official."
FRA0447,Odisha,Koraput,18.700915,82.640771,YES,90,CRITICAL,Severe processing delay | Large area mismatch | High claim overlap | Multiple previous rejections | ML anomaly detected,,Immediate,"Claim FRA0447 from Koraput, Odisha has a risk score of 90/100 (CRITICAL). This claim requires immediate attention because multiple risk indicators have been detected. Key factors: Severe processing delay | Large area mismatch | High claim overlap | Multiple previous rejections | ML anomaly detected. Recommended action: Conduct field verification and verify land records. Final decision must be made by the authorized official."
FRA0448,Chhattisgarh,Bastar,19.033761,81.939221,NO,35,MEDIUM,Long processing delay | Moderate claim overlap | Multiple previous rejections,,Moderate,"Claim FRA0448 from Bastar, Chhattisgarh has a risk score of 35/100 (MEDIUM). This claim has some risk indicators and may require additional verification. Key factors: Long processing delay | Moderate claim overlap | Multiple previous rejections. Recommended action: Perform additional document verification. Final decision must be made by the authorized official."
FRA0449,Odisha,Keonjhar,21.529846,85.521099,YES,30,LOW,Moderate claim overlap | Multiple previous rejections | ML anomaly detected,,Normal,"Claim FRA0449 from Keonjhar, Odisha has a risk score of 30/100 (LOW). No major risk indicators were detected for this claim. Key factors: Moderate claim overlap | Multiple previous rejections | ML anomaly detected. Recommended action: No immediate action required. Final decision must be made by the authorized official."
FRA0450,Maharashtra,Gadchiroli,20.173099,80.02501,NO,5,LOW,Multiple previous rejections,,Normal,"Claim FRA0450 from Gadchiroli, Maharashtra has a risk score of 5/100 (LOW). No major risk indicators were detected for this claim. Key factors: Multiple previous rejections. Recommended action: No immediate action required. Final decision must be made by the authorized official."
FRA0451,Maharashtra,Nandurbar,21.370635,74.3605,NO,20,LOW,Moderate claim overlap | Multiple previous rejections,,Normal,"Claim FRA0451 from Nandurbar, Maharashtra has a risk score of 20/100 (LOW). No major risk indicators were detected for this claim. Key factors: Moderate claim overlap | Multiple previous rejections. Recommended action: No immediate action required. Final decision must be made by the authorized official."
FRA0452,Odisha,Keonjhar,21.77552,85.46579,NO,25,LOW,High claim overlap,,Normal,"Claim FRA0452 from Keonjhar, Odisha has a risk score of 25/100 (LOW). No major risk indicators were detected for this claim. Key factors: High claim overlap. Recommended action: No immediate action required. Final decision must be made by the authorized official."
FRA0453,Jharkhand,Gumla,23.174182,84.631721,NO,20,LOW,Moderate claim overlap | Multiple previous rejections,,Normal,"Claim FRA0453 from Gumla, Jharkhand has a risk score of 20/100 (LOW). No major risk indicators were detected for this claim. Key factors: Moderate claim overlap | Multiple previous rejections. Recommended action: No immediate action required. Final decision must be made by the authorized official."
FRA0454,Chhattisgarh,Kanker,20.226299,81.478856,NO,20,LOW,Moderate claim overlap | Multiple previous rejections,,Normal,"Claim FRA0454 from Kanker, Chhattisgarh has a risk score of 20/100 (LOW). No major risk indicators were detected for this claim. Key factors: Moderate claim overlap | Multiple previous rejections. Recommended action: No immediate action required. Final decision must be made by the authorized official."
FRA0455,Chhattisgarh,Kanker,20.329551,81.390925,NO,15,LOW,Long processing delay,,Normal,"Claim FRA0455 from Kanker, Chhattisgarh has a risk score of 15/100 (LOW). No major risk indicators were detected for this claim. Key factors: Long processing delay. Recommended action: No immediate action required. Final decision must be made by the authorized official."
FRA0456,Chhattisgarh,Bastar,19.211689,82.08465,NO,5,LOW,Multiple previous rejections,,Normal,"Claim FRA0456 from Bastar, Chhattisgarh has a risk score of 5/100 (LOW). No major risk indicators were detected for this claim. Key factors: Multiple previous rejections. Recommended action: No immediate action required. Final decision must be made by the authorized official."
FRA0457,Maharashtra,Gadchiroli,20.166431,80.058254,NO,15,LOW,Moderate claim overlap,,Normal,"Claim FRA0457 from Gadchiroli, Maharashtra has a risk score of 15/100 (LOW). No major risk indicators were detected for this claim. Key factors: Moderate claim overlap. Recommended action: No immediate action required. Final decision must be made by the authorized official."
FRA0458,Chhattisgarh,Surguja,22.910299,83.073228,NO,0,LOW,,,Normal,"Claim FRA0458 from Surguja, Chhattisgarh has a risk score of 0/100 (LOW). No major risk indicators were detected for this claim. Key factors: . Recommended action: No immediate action required. Final decision must be made by the authorized official."
FRA0459,Odisha,Mayurbhanj,21.97639,86.600027,NO,5,LOW,Multiple previous rejections,,Normal,"Claim FRA0459 from Mayurbhanj, Odisha has a risk score of 5/100 (LOW). No major risk indicators were detected for this claim. Key factors: Multiple previous rejections. Recommended action: No immediate action required. Final decision must be made by the authorized official."
FRA0460,Odisha,Mayurbhanj,21.781615,86.789909,NO,15,LOW,Moderate claim overlap,,Normal,"Claim FRA0460 from Mayurbhanj, Odisha has a risk score of 15/100 (LOW). No major risk indicators were detected for this claim. Key factors: Moderate claim overlap. Recommended action: No immediate action required. Final decision must be made by the authorized official."
FRA0461,Odisha,Mayurbhanj,21.924509,86.799446,NO,45,MEDIUM,Long processing delay | High claim overlap | Multiple previous rejections,,Moderate,"Claim FRA0461 from Mayurbhanj, Odisha has a risk score of 45/100 (MEDIUM). This claim has some risk indicators and may require additional verification. Key factors: Long processing delay | High claim overlap | Multiple previous rejections. Recommended action: Perform additional document verification. Final decision must be made by the authorized official."
FRA0462,Jharkhand,Ranchi,23.291749,85.176445,NO,20,LOW,Long processing delay | Multiple previous rejections,,Normal,"Claim FRA0462 from Ranchi, Jharkhand has a risk score of 20/100 (LOW). No major risk indicators were detected for this claim. Key factors: Long processing delay | Multiple previous rejections. Recommended action: No immediate action required. Final decision must be made by the authorized official."
FRA0463,Odisha,Mayurbhanj,21.929701,86.626357,NO,20,LOW,Long processing delay | Multiple previous rejections,,Normal,"Claim FRA0463 from Mayurbhanj, Odisha has a risk score of 20/100 (LOW). No major risk indicators were detected for this claim. Key factors: Long processing delay | Multiple previous rejections. Recommended action: No immediate action required. Final decision must be made by the authorized official."
FRA0464,Odisha,Koraput,18.889966,82.562984,NO,15,LOW,Moderate claim overlap,,Normal,"Claim FRA0464 from Koraput, Odisha has a risk score of 15/100 (LOW). No major risk indicators were detected for this claim. Key factors: Moderate claim overlap. Recommended action: No immediate action required. Final decision must be made by the authorized official."
FRA0465,Madhya Pradesh,Mandla,22.561356,80.488369,NO,45,MEDIUM,Long processing delay | High claim overlap | Multiple previous rejections,,Moderate,"Claim FRA0465 from Mandla, Madhya Pradesh has a risk score of 45/100 (MEDIUM). This claim has some risk indicators and may require additional verification. Key factors: Long processing delay | High claim overlap | Multiple previous rejections. Recommended action: Perform additional document verification. Final decision must be made by the authorized official."
FRA0466,Chhattisgarh,Kanker,20.210691,81.437114,NO,15,LOW,Moderate claim overlap,,Normal,"Claim FRA0466 from Kanker, Chhattisgarh has a risk score of 15/100 (LOW). No major risk indicators were detected for this claim. Key factors: Moderate claim overlap. Recommended action: No immediate action required. Final decision must be made by the authorized official."
FRA0467,Madhya Pradesh,Dindori,22.831959,80.974291,NO,5,LOW,Multiple previous rejections,,Normal,"Claim FRA0467 from Dindori, Madhya Pradesh has a risk score of 5/100 (LOW). No major risk indicators were detected for this claim. Key factors: Multiple previous rejections. Recommended action: No immediate action required. Final decision must be made by the authorized official."
FRA0468,Chhattisgarh,Kanker,20.377105,81.568546,NO,35,MEDIUM,Long processing delay | Moderate claim overlap | Multiple previous rejections,,Moderate,"Claim FRA0468 from Kanker, Chhattisgarh has a risk score of 35/100 (MEDIUM). This claim has some risk indicators and may require additional verification. Key factors: Long processing delay | Moderate claim overlap | Multiple previous rejections. Recommended action: Perform additional document verification. Final decision must be made by the authorized official."
FRA0469,Jharkhand,Gumla,23.033733,84.509045,NO,0,LOW,,,Normal,"Claim FRA0469 from Gumla, Jharkhand has a risk score of 0/100 (LOW). No major risk indicators were detected for this claim. Key factors: . Recommended action: No immediate action required. Final decision must be made by the authorized official."
FRA0470,Chhattisgarh,Bastar,19.101028,82.022261,NO,25,LOW,High claim overlap,,Normal,"Claim FRA0470 from Bastar, Chhattisgarh has a risk score of 25/100 (LOW). No major risk indicators were detected for this claim. Key factors: High claim overlap. Recommended action: No immediate action required. Final decision must be made by the authorized official."
FRA0471,Maharashtra,Gadchiroli,20.248056,79.910503,NO,15,LOW,Long processing delay,,Normal,"Claim FRA0471 from Gadchiroli, Maharashtra has a risk score of 15/100 (LOW). No major risk indicators were detected for this claim. Key factors: Long processing delay. Recommended action: No immediate action required. Final decision must be made by the authorized official."
FRA0472,Madhya Pradesh,Mandla,22.508304,80.440077,NO,0,LOW,,,Normal,"Claim FRA0472 from Mandla, Madhya Pradesh has a risk score of 0/100 (LOW). No major risk indicators were detected for this claim. Key factors: . Recommended action: No immediate action required. Final decision must be made by the authorized official."
FRA0473,Odisha,Koraput,18.739551,82.601266,NO,15,LOW,Moderate claim overlap,,Normal,"Claim FRA0473 from Koraput, Odisha has a risk score of 15/100 (LOW). No major risk indicators were detected for this claim. Key factors: Moderate claim overlap. Recommended action: No immediate action required. Final decision must be made by the authorized official."
FRA0474,Chhattisgarh,Bastar,19.064693,82.015127,NO,20,LOW,Long processing delay | Multiple previous rejections,,Normal,"Claim FRA0474 from Bastar, Chhattisgarh has a risk score of 20/100 (LOW). No major risk indicators were detected for this claim. Key factors: Long processing delay | Multiple previous rejections. Recommended action: No immediate action required. Final decision must be made by the authorized official."
FRA0475,Jharkhand,Gumla,23.090628,84.676103,NO,15,LOW,Long processing delay,,Normal,"Claim FRA0475 from Gumla, Jharkhand has a risk score of 15/100 (LOW). No major risk indicators were detected for this claim. Key factors: Long processing delay. Recommended action: No immediate action required. Final decision must be made by the authorized official."
FRA0476,Chhattisgarh,Surguja,22.849854,83.137642,NO,15,LOW,Moderate claim overlap,,Normal,"Claim FRA0476 from Surguja, Chhattisgarh has a risk score of 15/100 (LOW). No major risk indicators were detected for this claim. Key factors: Moderate claim overlap. Recommended action: No immediate action required. Final decision must be made by the authorized official."
FRA0477,Maharashtra,Nandurbar,21.429329,74.151009,NO,15,LOW,Moderate claim overlap,,Normal,"Claim FRA0477 from Nandurbar, Maharashtra has a risk score of 15/100 (LOW). No major risk indicators were detected for this claim. Key factors: Moderate claim overlap. Recommended action: No immediate action required. Final decision must be made by the authorized official."
FRA0478,Madhya Pradesh,Mandla,22.591325,80.292123,NO,0,LOW,,,Normal,"Claim FRA0478 from Mandla, Madhya Pradesh has a risk score of 0/100 (LOW). No major risk indicators were detected for this claim. Key factors: . Recommended action: No immediate action required. Final decision must be made by the authorized official."
FRA0479,Odisha,Koraput,18.821552,82.824412,NO,35,MEDIUM,Long processing delay | Moderate claim overlap | Multiple previous rejections,,Moderate,"Claim FRA0479 from Koraput, Odisha has a risk score of 35/100 (MEDIUM). This claim has some risk indicators and may require additional verification. Key factors: Long processing delay | Moderate claim overlap | Multiple previous rejections. Recommended action: Perform additional document verification. Final decision must be made by the authorized official."
FRA0480,Madhya Pradesh,Mandla,22.672097,80.515894,YES,15,LOW,Multiple previous rejections | ML anomaly detected,,Normal,"Claim FRA0480 from Mandla, Madhya Pradesh has a risk score of 15/100 (LOW). No major risk indicators were detected for this claim. Key factors: Multiple previous rejections | ML anomaly detected. Recommended action: No immediate action required. Final decision must be made by the authorized official."
FRA0481,Jharkhand,Gumla,22.95692,84.496796,NO,25,LOW,High claim overlap,,Normal,"Claim FRA0481 from Gumla, Jharkhand has a risk score of 25/100 (LOW). No major risk indicators were detected for this claim. Key factors: High claim overlap. Recommended action: No immediate action required. Final decision must be made by the authorized official."
FRA0482,Maharashtra,Nandurbar,21.262647,74.181011,NO,35,MEDIUM,Long processing delay | Moderate claim overlap | Multiple previous rejections,,Moderate,"Claim FRA0482 from Nandurbar, Maharashtra has a risk score of 35/100 (MEDIUM). This claim has some risk indicators and may require additional verification. Key factors: Long processing delay | Moderate claim overlap | Multiple previous rejections. Recommended action: Perform additional document verification. Final decision must be made by the authorized official."
FRA0483,Maharashtra,Nashik,20.075371,73.746693,NO,20,LOW,Moderate claim overlap | Multiple previous rejections,,Normal,"Claim FRA0483 from Nashik, Maharashtra has a risk score of 20/100 (LOW). No major risk indicators were detected for this claim. Key factors: Moderate claim overlap | Multiple previous rejections. Recommended action: No immediate action required. Final decision must be made by the authorized official."
FRA0484,Chhattisgarh,Kanker,20.266888,81.503008,NO,40,MEDIUM,Long processing delay | High claim overlap,,Moderate,"Claim FRA0484 from Kanker, Chhattisgarh has a risk score of 40/100 (MEDIUM). This claim has some risk indicators and may require additional verification. Key factors: Long processing delay | High claim overlap. Recommended action: Perform additional document verification. Final decision must be made by the authorized official."
FRA0485,Odisha,Keonjhar,21.52608,85.574903,NO,5,LOW,Multiple previous rejections,,Normal,"Claim FRA0485 from Keonjhar, Odisha has a risk score of 5/100 (LOW). No major risk indicators were detected for this claim. Key factors: Multiple previous rejections. Recommended action: No immediate action required. Final decision must be made by the authorized official."
FRA0486,Madhya Pradesh,Dindori,22.901217,80.936639,NO,30,LOW,Long processing delay | Moderate claim overlap,,Normal,"Claim FRA0486 from Dindori, Madhya Pradesh has a risk score of 30/100 (LOW). No major risk indicators were detected for this claim. Key factors: Long processing delay | Moderate claim overlap. Recommended action: No immediate action required. Final decision must be made by the authorized official."
FRA0487,Madhya Pradesh,Dindori,22.977702,80.977304,NO,20,LOW,Long processing delay | Multiple previous rejections,,Normal,"Claim FRA0487 from Dindori, Madhya Pradesh has a risk score of 20/100 (LOW). No major risk indicators were detected for this claim. Key factors: Long processing delay | Multiple previous rejections. Recommended action: No immediate action required. Final decision must be made by the authorized official."
FRA0488,Maharashtra,Gadchiroli,20.324545,79.957989,NO,0,LOW,,,Normal,"Claim FRA0488 from Gadchiroli, Maharashtra has a risk score of 0/100 (LOW). No major risk indicators were detected for this claim. Key factors: . Recommended action: No immediate action required. Final decision must be made by the authorized official."
FRA0489,Chhattisgarh,Bastar,19.081661,81.95326,NO,0,LOW,,,Normal,"Claim FRA0489 from Bastar, Chhattisgarh has a risk score of 0/100 (LOW). No major risk indicators were detected for this claim. Key factors: . Recommended action: No immediate action required. Final decision must be made by the authorized official."
FRA0490,Jharkhand,Ranchi,23.272457,85.393345,NO,0,LOW,,,Normal,"Claim FRA0490 from Ranchi, Jharkhand has a risk score of 0/100 (LOW). No major risk indicators were detected for this claim. Key factors: . Recommended action: No immediate action required. Final decision must be made by the authorized official."
FRA0491,Madhya Pradesh,Balaghat,21.79152,80.155499,NO,30,LOW,High claim overlap | Multiple previous rejections,,Normal,"Claim FRA0491 from Balaghat, Madhya Pradesh has a risk score of 30/100 (LOW). No major risk indicators were detected for this claim. Key factors: High claim overlap | Multiple previous rejections. Recommended action: No immediate action required. Final decision must be made by the authorized official."
FRA0492,Jharkhand,Gumla,22.94504,84.459277,NO,30,LOW,Long processing delay | Moderate claim overlap,,Normal,"Claim FRA0492 from Gumla, Jharkhand has a risk score of 30/100 (LOW). No major risk indicators were detected for this claim. Key factors: Long processing delay | Moderate claim overlap. Recommended action: No immediate action required. Final decision must be made by the authorized official."
FRA0493,Madhya Pradesh,Balaghat,21.815517,80.078055,NO,15,LOW,Long processing delay,,Normal,"Claim FRA0493 from Balaghat, Madhya Pradesh has a risk score of 15/100 (LOW). No major risk indicators were detected for this claim. Key factors: Long processing delay. Recommended action: No immediate action required. Final decision must be made by the authorized official."
FRA0494,Chhattisgarh,Kanker,20.193745,81.486938,NO,5,LOW,Multiple previous rejections,,Normal,"Claim FRA0494 from Kanker, Chhattisgarh has a risk score of 5/100 (LOW). No major risk indicators were detected for this claim. Key factors: Multiple previous rejections. Recommended action: No immediate action required. Final decision must be made by the authorized official."
FRA0495,Maharashtra,Nashik,20.090532,73.716542,NO,30,LOW,Long processing delay | Moderate claim overlap,,Normal,"Claim FRA0495 from Nashik, Maharashtra has a risk score of 30/100 (LOW). No major risk indicators were detected for this claim. Key factors: Long processing delay | Moderate claim overlap. Recommended action: No immediate action required. Final decision must be made by the authorized official."
FRA0496,Jharkhand,Simdega,22.536208,84.661423,NO,40,MEDIUM,Long processing delay | High claim overlap,,Moderate,"Claim FRA0496 from Simdega, Jharkhand has a risk score of 40/100 (MEDIUM). This claim has some risk indicators and may require additional verification. Key factors: Long processing delay | High claim overlap. Recommended action: Perform additional document verification. Final decision must be made by the authorized official."
FRA0497,Maharashtra,Gadchiroli,20.285064,80.004058,NO,30,LOW,High claim overlap | Multiple previous rejections,,Normal,"Claim FRA0497 from Gadchiroli, Maharashtra has a risk score of 30/100 (LOW). No major risk indicators were detected for this claim. Key factors: High claim overlap | Multiple previous rejections. Recommended action: No immediate action required. Final decision must be made by the authorized official."
FRA0498,Madhya Pradesh,Dindori,22.941006,81.02071,NO,5,LOW,Multiple previous rejections,,Normal,"Claim FRA0498 from Dindori, Madhya Pradesh has a risk score of 5/100 (LOW). No major risk indicators were detected for this claim. Key factors: Multiple previous rejections. Recommended action: No immediate action required. Final decision must be made by the authorized official."
FRA0499,Odisha,Mayurbhanj,21.963126,86.624532,NO,5,LOW,Multiple previous rejections,,Normal,"Claim FRA0499 from Mayurbhanj, Odisha has a risk score of 5/100 (LOW). No major risk indicators were detected for this claim. Key factors: Multiple previous rejections. Recommended action: No immediate action required. Final decision must be made by the authorized official."
FRA0500,Jharkhand,Gumla,23.102225,84.64748,NO,20,LOW,Moderate claim overlap | Multiple previous rejections,,Normal,"Claim FRA0500 from Gumla, Jharkhand has a risk score of 20/100 (LOW). No major risk indicators were detected for this claim. Key factors: Moderate claim overlap | Multiple previous rejections. Recommended action: No immediate action required. Final decision must be made by the authorized official."
FRA0501,Odisha,Koraput,18.759816,82.780325,NO,30,LOW,High claim overlap | Multiple previous rejections,,Normal,"Claim FRA0501 from Koraput, Odisha has a risk score of 30/100 (LOW). No major risk indicators were detected for this claim. Key factors: High claim overlap | Multiple previous rejections. Recommended action: No immediate action required. Final decision must be made by the authorized official."
FRA0502,Madhya Pradesh,Dindori,22.918456,81.096043,NO,20,LOW,Moderate claim overlap | Multiple previous rejections,,Normal,"Claim FRA0502 from Dindori, Madhya Pradesh has a risk score of 20/100 (LOW). No major risk indicators were detected for this claim. Key factors: Moderate claim overlap | Multiple previous rejections. Recommended action: No immediate action required. Final decision must be made by the authorized official."
FRA0503,Madhya Pradesh,Balaghat,21.746248,80.043807,NO,5,LOW,Multiple previous rejections,,Normal,"Claim FRA0503 from Balaghat, Madhya Pradesh has a risk score of 5/100 (LOW). No major risk indicators were detected for this claim. Key factors: Multiple previous rejections. Recommended action: No immediate action required. Final decision must be made by the authorized official."
FRA0504,Madhya Pradesh,Dindori,22.865934,81.112289,NO,5,LOW,Multiple previous rejections,,Normal,"Claim FRA0504 from Dindori, Madhya Pradesh has a risk score of 5/100 (LOW). No major risk indicators were detected for this claim. Key factors: Multiple previous rejections. Recommended action: No immediate action required. Final decision must be made by the authorized official."
FRA0505,Maharashtra,Nandurbar,21.479855,74.143876,NO,15,LOW,Moderate claim overlap,,Normal,"Claim FRA0505 from Nandurbar, Maharashtra has a risk score of 15/100 (LOW). No major risk indicators were detected for this claim. Key factors: Moderate claim overlap. Recommended action: No immediate action required. Final decision must be made by the authorized official."
FRA0506,Chhattisgarh,Surguja,22.769533,83.054341,NO,20,LOW,Long processing delay | Multiple previous rejections,,Normal,"Claim FRA0506 from Surguja, Chhattisgarh has a risk score of 20/100 (LOW). No major risk indicators were detected for this claim. Key factors: Long processing delay | Multiple previous rejections. Recommended action: No immediate action required. Final decision must be made by the authorized official."
FRA0507,Chhattisgarh,Kanker,20.195816,81.426147,NO,20,LOW,Moderate claim overlap | Multiple previous rejections,,Normal,"Claim FRA0507 from Kanker, Chhattisgarh has a risk score of 20/100 (LOW). No major risk indicators were detected for this claim. Key factors: Moderate claim overlap | Multiple previous rejections. Recommended action: No immediate action required. Final decision must be made by the authorized official."
FRA0508,Madhya Pradesh,Balaghat,21.837361,80.055101,NO,40,MEDIUM,Long processing delay | High claim overlap,,Moderate,"Claim FRA0508 from Balaghat, Madhya Pradesh has a risk score of 40/100 (MEDIUM). This claim has some risk indicators and may require additional verification. Key factors: Long processing delay | High claim overlap. Recommended action: Perform additional document verification. Final decision must be made by the authorized official."
FRA0509,Chhattisgarh,Bastar,19.039401,81.920466,NO,30,LOW,Long processing delay | Moderate claim overlap,,Normal,"Claim FRA0509 from Bastar, Chhattisgarh has a risk score of 30/100 (LOW). No major risk indicators were detected for this claim. Key factors: Long processing delay | Moderate claim overlap. Recommended action: No immediate action required. Final decision must be made by the authorized official."
FRA0510,Madhya Pradesh,Mandla,22.652302,80.244576,NO,25,LOW,High claim overlap,,Normal,"Claim FRA0510 from Mandla, Madhya Pradesh has a risk score of 25/100 (LOW). No major risk indicators were detected for this claim. Key factors: High claim overlap. Recommended action: No immediate action required. Final decision must be made by the authorized official."
FRA0511,Jharkhand,Gumla,23.170447,84.39574,NO,0,LOW,,,Normal,"Claim FRA0511 from Gumla, Jharkhand has a risk score of 0/100 (LOW). No major risk indicators were detected for this claim. Key factors: . Recommended action: No immediate action required. Final decision must be made by the authorized official."
FRA0512,Madhya Pradesh,Balaghat,21.793432,80.32266,YES,10,LOW,ML anomaly detected,,Normal,"Claim FRA0512 from Balaghat, Madhya Pradesh has a risk score of 10/100 (LOW). No major risk indicators were detected for this claim. Key factors: ML anomaly detected. Recommended action: No immediate action required. Final decision must be made by the authorized official."
FRA0513,Chhattisgarh,Surguja,22.843072,83.27708,NO,5,LOW,Multiple previous rejections,,Normal,"Claim FRA0513 from Surguja, Chhattisgarh has a risk score of 5/100 (LOW). No major risk indicators were detected for this claim. Key factors: Multiple previous rejections. Recommended action: No immediate action required. Final decision must be made by the authorized official."
FRA0514,Chhattisgarh,Kanker,20.386921,81.562838,NO,15,LOW,Moderate claim overlap,,Normal,"Claim FRA0514 from Kanker, Chhattisgarh has a risk score of 15/100 (LOW). No major risk indicators were detected for this claim. Key factors: Moderate claim overlap. Recommended action: No immediate action required. Final decision must be made by the authorized official."
FRA0515,Jharkhand,Gumla,23.03011,84.447085,NO,15,LOW,Moderate claim overlap,,Normal,"Claim FRA0515 from Gumla, Jharkhand has a risk score of 15/100 (LOW). No major risk indicators were detected for this claim. Key factors: Moderate claim overlap. Recommended action: No immediate action required. Final decision must be made by the authorized official."
FRA0516,Madhya Pradesh,Balaghat,21.842245,80.035112,NO,35,MEDIUM,Long processing delay | Moderate claim overlap | Multiple previous rejections,,Moderate,"Claim FRA0516 from Balaghat, Madhya Pradesh has a risk score of 35/100 (MEDIUM). This claim has some risk indicators and may require additional verification. Key factors: Long processing delay | Moderate claim overlap | Multiple previous rejections. Recommended action: Perform additional document verification. Final decision must be made by the authorized official."
FRA0517,Jharkhand,Simdega,22.508189,84.59061,NO,5,LOW,Multiple previous rejections,,Normal,"Claim FRA0517 from Simdega, Jharkhand has a risk score of 5/100 (LOW). No major risk indicators were detected for this claim. Key factors: Multiple previous rejections. Recommended action: No immediate action required. Final decision must be made by the authorized official."
FRA0518,Madhya Pradesh,Mandla,22.593931,80.304866,NO,35,MEDIUM,Long processing delay | Moderate claim overlap | Multiple previous rejections,,Moderate,"Claim FRA0518 from Mandla, Madhya Pradesh has a risk score of 35/100 (MEDIUM). This claim has some risk indicators and may require additional verification. Key factors: Long processing delay | Moderate claim overlap | Multiple previous rejections. Recommended action: Perform additional document verification. Final decision must be made by the authorized official."
FRA0519,Maharashtra,Nashik,19.949065,73.900407,NO,15,LOW,Moderate claim overlap,,Normal,"Claim FRA0519 from Nashik, Maharashtra has a risk score of 15/100 (LOW). No major risk indicators were detected for this claim. Key factors: Moderate claim overlap. Recommended action: No immediate action required. Final decision must be made by the authorized official."
FRA0520,Madhya Pradesh,Dindori,22.945187,81.159182,NO,5,LOW,Multiple previous rejections,,Normal,"Claim FRA0520 from Dindori, Madhya Pradesh has a risk score of 5/100 (LOW). No major risk indicators were detected for this claim. Key factors: Multiple previous rejections. Recommended action: No immediate action required. Final decision must be made by the authorized official."
FRA0521,Odisha,Mayurbhanj,21.917338,86.773979,NO,15,LOW,Moderate claim overlap,,Normal,"Claim FRA0521 from Mayurbhanj, Odisha has a risk score of 15/100 (LOW). No major risk indicators were detected for this claim. Key factors: Moderate claim overlap. Recommended action: No immediate action required. Final decision must be made by the authorized official."
FRA0522,Chhattisgarh,Bastar,19.011482,82.091981,NO,25,LOW,High claim overlap,,Normal,"Claim FRA0522 from Bastar, Chhattisgarh has a risk score of 25/100 (LOW). No major risk indicators were detected for this claim. Key factors: High claim overlap. Recommended action: No immediate action required. Final decision must be made by the authorized official."
FRA0523,Jharkhand,Simdega,22.718329,84.600888,NO,40,MEDIUM,Long processing delay | High claim overlap,,Moderate,"Claim FRA0523 from Simdega, Jharkhand has a risk score of 40/100 (MEDIUM). This claim has some risk indicators and may require additional verification. Key factors: Long processing delay | High claim overlap. Recommended action: Perform additional document verification. Final decision must be made by the authorized official."
FRA0524,Maharashtra,Nashik,19.885679,73.866703,NO,15,LOW,Long processing delay,,Normal,"Claim FRA0524 from Nashik, Maharashtra has a risk score of 15/100 (LOW). No major risk indicators were detected for this claim. Key factors: Long processing delay. Recommended action: No immediate action required. Final decision must be made by the authorized official."
FRA0525,Odisha,Koraput,18.660064,82.616076,NO,25,LOW,High claim overlap,,Normal,"Claim FRA0525 from Koraput, Odisha has a risk score of 25/100 (LOW). No major risk indicators were detected for this claim. Key factors: High claim overlap. Recommended action: No immediate action required. Final decision must be made by the authorized official."
FRA0526,Jharkhand,Ranchi,23.242712,85.327524,NO,20,LOW,Long processing delay | Multiple previous rejections,,Normal,"Claim FRA0526 from Ranchi, Jharkhand has a risk score of 20/100 (LOW). No major risk indicators were detected for this claim. Key factors: Long processing delay | Multiple previous rejections. Recommended action: No immediate action required. Final decision must be made by the authorized official."
FRA0527,Madhya Pradesh,Balaghat,21.9058,80.141711,NO,5,LOW,Multiple previous rejections,,Normal,"Claim FRA0527 from Balaghat, Madhya Pradesh has a risk score of 5/100 (LOW). No major risk indicators were detected for this claim. Key factors: Multiple previous rejections. Recommended action: No immediate action required. Final decision must be made by the authorized official."
FRA0528,Maharashtra,Nandurbar,21.500785,74.334451,NO,35,MEDIUM,Long processing delay | Moderate claim overlap | Multiple previous rejections,,Moderate,"Claim FRA0528 from Nandurbar, Maharashtra has a risk score of 35/100 (MEDIUM). This claim has some risk indicators and may require additional verification. Key factors: Long processing delay | Moderate claim overlap | Multiple previous rejections. Recommended action: Perform additional document verification. Final decision must be made by the authorized official."
FRA0529,Chhattisgarh,Surguja,22.939446,83.324444,NO,0,LOW,,,Normal,"Claim FRA0529 from Surguja, Chhattisgarh has a risk score of 0/100 (LOW). No major risk indicators were detected for this claim. Key factors: . Recommended action: No immediate action required. Final decision must be made by the authorized official."
FRA0530,Jharkhand,Gumla,23.074881,84.600895,NO,45,MEDIUM,Long processing delay | High claim overlap | Multiple previous rejections,,Moderate,"Claim FRA0530 from Gumla, Jharkhand has a risk score of 45/100 (MEDIUM). This claim has some risk indicators and may require additional verification. Key factors: Long processing delay | High claim overlap | Multiple previous rejections. Recommended action: Perform additional document verification. Final decision must be made by the authorized official."
FRA0531,Chhattisgarh,Kanker,20.383232,81.544262,NO,30,LOW,Long processing delay | Moderate claim overlap,,Normal,"Claim FRA0531 from Kanker, Chhattisgarh has a risk score of 30/100 (LOW). No major risk indicators were detected for this claim. Key factors: Long processing delay | Moderate claim overlap. Recommended action: No immediate action required. Final decision must be made by the authorized official."
FRA0532,Chhattisgarh,Kanker,20.273827,81.421897,NO,0,LOW,,,Normal,"Claim FRA0532 from Kanker, Chhattisgarh has a risk score of 0/100 (LOW). No major risk indicators were detected for this claim. Key factors: . Recommended action: No immediate action required. Final decision must be made by the authorized official."
FRA0533,Maharashtra,Nashik,19.866177,73.635485,NO,30,LOW,High claim overlap | Multiple previous rejections,,Normal,"Claim FRA0533 from Nashik, Maharashtra has a risk score of 30/100 (LOW). No major risk indicators were detected for this claim. Key factors: High claim overlap | Multiple previous rejections. Recommended action: No immediate action required. Final decision must be made by the authorized official."
FRA0534,Chhattisgarh,Kanker,20.291421,81.611452,NO,15,LOW,Long processing delay,,Normal,"Claim FRA0534 from Kanker, Chhattisgarh has a risk score of 15/100 (LOW). No major risk indicators were detected for this claim. Key factors: Long processing delay. Recommended action: No immediate action required. Final decision must be made by the authorized official."
FRA0535,Madhya Pradesh,Balaghat,21.683669,80.264335,NO,15,LOW,Long processing delay,,Normal,"Claim FRA0535 from Balaghat, Madhya Pradesh has a risk score of 15/100 (LOW). No major risk indicators were detected for this claim. Key factors: Long processing delay. Recommended action: No immediate action required. Final decision must be made by the authorized official."
FRA0536,Chhattisgarh,Kanker,20.331677,81.597345,NO,20,LOW,Moderate claim overlap | Multiple previous rejections,,Normal,"Claim FRA0536 from Kanker, Chhattisgarh has a risk score of 20/100 (LOW). No major risk indicators were detected for this claim. Key factors: Moderate claim overlap | Multiple previous rejections. Recommended action: No immediate action required. Final decision must be made by the authorized official."
FRA0537,Odisha,Mayurbhanj,22.053645,86.868608,NO,30,LOW,Long processing delay | Moderate claim overlap,,Normal,"Claim FRA0537 from Mayurbhanj, Odisha has a risk score of 30/100 (LOW). No major risk indicators were detected for this claim. Key factors: Long processing delay | Moderate claim overlap. Recommended action: No immediate action required. Final decision must be made by the authorized official."
FRA0538,Maharashtra,Gadchiroli,20.053864,80.011455,NO,15,LOW,Moderate claim overlap,,Normal,"Claim FRA0538 from Gadchiroli, Maharashtra has a risk score of 15/100 (LOW). No major risk indicators were detected for this claim. Key factors: Moderate claim overlap. Recommended action: No immediate action required. Final decision must be made by the authorized official."
FRA0539,Jharkhand,Simdega,22.490753,84.606527,NO,15,LOW,Long processing delay,,Normal,"Claim FRA0539 from Simdega, Jharkhand has a risk score of 15/100 (LOW). No major risk indicators were detected for this claim. Key factors: Long processing delay. Recommended action: No immediate action required. Final decision must be made by the authorized official."
FRA0540,Maharashtra,Nashik,20.073804,73.856731,NO,5,LOW,Multiple previous rejections,,Normal,"Claim FRA0540 from Nashik, Maharashtra has a risk score of 5/100 (LOW). No major risk indicators were detected for this claim. Key factors: Multiple previous rejections. Recommended action: No immediate action required. Final decision must be made by the authorized official."
FRA0541,Chhattisgarh,Kanker,20.245922,81.395287,NO,35,MEDIUM,Long processing delay | Moderate claim overlap | Multiple previous rejections,,Moderate,"Claim FRA0541 from Kanker, Chhattisgarh has a risk score of 35/100 (MEDIUM). This claim has some risk indicators and may require additional verification. Key factors: Long processing delay | Moderate claim overlap | Multiple previous rejections. Recommended action: Perform additional document verification. Final decision must be made by the authorized official."
FRA0542,Chhattisgarh,Kanker,20.349239,81.498165,NO,45,MEDIUM,Long processing delay | High claim overlap | Multiple previous rejections,,Moderate,"Claim FRA0542 from Kanker, Chhattisgarh has a risk score of 45/100 (MEDIUM). This claim has some risk indicators and may require additional verification. Key factors: Long processing delay | High claim overlap | Multiple previous rejections. Recommended action: Perform additional document verification. Final decision must be made by the authorized official."
FRA0543,Maharashtra,Gadchiroli,20.042689,79.977621,NO,0,LOW,,,Normal,"Claim FRA0543 from Gadchiroli, Maharashtra has a risk score of 0/100 (LOW). No major risk indicators were detected for this claim. Key factors: . Recommended action: No immediate action required. Final decision must be made by the authorized official."
FRA0544,Chhattisgarh,Kanker,20.264544,81.61027,NO,15,LOW,Long processing delay,,Normal,"Claim FRA0544 from Kanker, Chhattisgarh has a risk score of 15/100 (LOW). No major risk indicators were detected for this claim. Key factors: Long processing delay. Recommended action: No immediate action required. Final decision must be made by the authorized official."
FRA0545,Jharkhand,Ranchi,23.330006,85.379982,NO,15,LOW,Long processing delay,,Normal,"Claim FRA0545 from Ranchi, Jharkhand has a risk score of 15/100 (LOW). No major risk indicators were detected for this claim. Key factors: Long processing delay. Recommended action: No immediate action required. Final decision must be made by the authorized official."
FRA0546,Madhya Pradesh,Balaghat,21.891543,80.100458,NO,5,LOW,Multiple previous rejections,,Normal,"Claim FRA0546 from Balaghat, Madhya Pradesh has a risk score of 5/100 (LOW). No major risk indicators were detected for this claim. Key factors: Multiple previous rejections. Recommended action: No immediate action required. Final decision must be made by the authorized official."
FRA0547,Jharkhand,Ranchi,23.430508,85.451231,NO,15,LOW,Moderate claim overlap,,Normal,"Claim FRA0547 from Ranchi, Jharkhand has a risk score of 15/100 (LOW). No major risk indicators were detected for this claim. Key factors: Moderate claim overlap. Recommended action: No immediate action required. Final decision must be made by the authorized official."
FRA0548,Jharkhand,Ranchi,23.312439,85.265449,NO,0,LOW,,,Normal,"Claim FRA0548 from Ranchi, Jharkhand has a risk score of 0/100 (LOW). No major risk indicators were detected for this claim. Key factors: . Recommended action: No immediate action required. Final decision must be made by the authorized official."
FRA0549,Maharashtra,Nashik,20.125972,73.824274,NO,30,LOW,High claim overlap | Multiple previous rejections,,Normal,"Claim FRA0549 from Nashik, Maharashtra has a risk score of 30/100 (LOW). No major risk indicators were detected for this claim. Key factors: High claim overlap | Multiple previous rejections. Recommended action: No immediate action required. Final decision must be made by the authorized official."
FRA0550,Jharkhand,Ranchi,23.435305,85.422443,NO,5,LOW,Multiple previous rejections,,Normal,"Claim FRA0550 from Ranchi, Jharkhand has a risk score of 5/100 (LOW). No major risk indicators were detected for this claim. Key factors: Multiple previous rejections. Recommended action: No immediate action required. Final decision must be made by the authorized official."
FRA0551,Chhattisgarh,Bastar,19.130949,81.807629,NO,5,LOW,Multiple previous rejections,,Normal,"Claim FRA0551 from Bastar, Chhattisgarh has a risk score of 5/100 (LOW). No major risk indicators were detected for this claim. Key factors: Multiple previous rejections. Recommended action: No immediate action required. Final decision must be made by the authorized official."
FRA0552,Odisha,Koraput,18.876413,82.812808,NO,30,LOW,High claim overlap | Multiple previous rejections,,Normal,"Claim FRA0552 from Koraput, Odisha has a risk score of 30/100 (LOW). No major risk indicators were detected for this claim. Key factors: High claim overlap | Multiple previous rejections. Recommended action: No immediate action required. Final decision must be made by the authorized official."
FRA0553,Jharkhand,Ranchi,23.245393,85.270923,NO,5,LOW,Multiple previous rejections,,Normal,"Claim FRA0553 from Ranchi, Jharkhand has a risk score of 5/100 (LOW). No major risk indicators were detected for this claim. Key factors: Multiple previous rejections. Recommended action: No immediate action required. Final decision must be made by the authorized official."
FRA0554,Maharashtra,Nandurbar,21.399955,74.372398,NO,25,LOW,High claim overlap,,Normal,"Claim FRA0554 from Nandurbar, Maharashtra has a risk score of 25/100 (LOW). No major risk indicators were detected for this claim. Key factors: High claim overlap. Recommended action: No immediate action required. Final decision must be made by the authorized official."
FRA0555,Odisha,Mayurbhanj,21.816658,86.676859,NO,5,LOW,Multiple previous rejections,,Normal,"Claim FRA0555 from Mayurbhanj, Odisha has a risk score of 5/100 (LOW). No major risk indicators were detected for this claim. Key factors: Multiple previous rejections. Recommended action: No immediate action required. Final decision must be made by the authorized official."
FRA0556,Madhya Pradesh,Dindori,22.849942,81.001629,NO,30,LOW,High claim overlap | Multiple previous rejections,,Normal,"Claim FRA0556 from Dindori, Madhya Pradesh has a risk score of 30/100 (LOW). No major risk indicators were detected for this claim. Key factors: High claim overlap | Multiple previous rejections. Recommended action: No immediate action required. Final decision must be made by the authorized official."
FRA0557,Odisha,Keonjhar,21.73924,85.690326,NO,30,LOW,Long processing delay | Moderate claim overlap,,Normal,"Claim FRA0557 from Keonjhar, Odisha has a risk score of 30/100 (LOW). No major risk indicators were detected for this claim. Key factors: Long processing delay | Moderate claim overlap. Recommended action: No immediate action required. Final decision must be made by the authorized official."
FRA0558,Odisha,Koraput,18.707755,82.719246,NO,25,LOW,High claim overlap,,Normal,"Claim FRA0558 from Koraput, Odisha has a risk score of 25/100 (LOW). No major risk indicators were detected for this claim. Key factors: High claim overlap. Recommended action: No immediate action required. Final decision must be made by the authorized official."
FRA0559,Odisha,Mayurbhanj,21.923085,86.861173,NO,40,MEDIUM,Long processing delay | High claim overlap,,Moderate,"Claim FRA0559 from Mayurbhanj, Odisha has a risk score of 40/100 (MEDIUM). This claim has some risk indicators and may require additional verification. Key factors: Long processing delay | High claim overlap. Recommended action: Perform additional document verification. Final decision must be made by the authorized official."
FRA0560,Chhattisgarh,Bastar,19.084123,81.845559,NO,20,LOW,Long processing delay | Multiple previous rejections,,Normal,"Claim FRA0560 from Bastar, Chhattisgarh has a risk score of 20/100 (LOW). No major risk indicators were detected for this claim. Key factors: Long processing delay | Multiple previous rejections. Recommended action: No immediate action required. Final decision must be made by the authorized official."
FRA0561,Jharkhand,Ranchi,23.2444,85.448204,NO,45,MEDIUM,Long processing delay | High claim overlap | Multiple previous rejections,,Moderate,"Claim FRA0561 from Ranchi, Jharkhand has a risk score of 45/100 (MEDIUM). This claim has some risk indicators and may require additional verification. Key factors: Long processing delay | High claim overlap | Multiple previous rejections. Recommended action: Perform additional document verification. Final decision must be made by the authorized official."
FRA0562,Madhya Pradesh,Mandla,22.45784,80.498396,NO,0,LOW,,,Normal,"Claim FRA0562 from Mandla, Madhya Pradesh has a risk score of 0/100 (LOW). No major risk indicators were detected for this claim. Key factors: . Recommended action: No immediate action required. Final decision must be made by the authorized official."
FRA0563,Odisha,Keonjhar,21.703602,85.528369,NO,0,LOW,,,Normal,"Claim FRA0563 from Keonjhar, Odisha has a risk score of 0/100 (LOW). No major risk indicators were detected for this claim. Key factors: . Recommended action: No immediate action required. Final decision must be made by the authorized official."
FRA0564,Odisha,Koraput,18.923927,82.764385,NO,30,LOW,Long processing delay | Moderate claim overlap,,Normal,"Claim FRA0564 from Koraput, Odisha has a risk score of 30/100 (LOW). No major risk indicators were detected for this claim. Key factors: Long processing delay | Moderate claim overlap. Recommended action: No immediate action required. Final decision must be made by the authorized official."
FRA0565,Jharkhand,Ranchi,23.196004,85.438278,NO,15,LOW,Moderate claim overlap,,Normal,"Claim FRA0565 from Ranchi, Jharkhand has a risk score of 15/100 (LOW). No major risk indicators were detected for this claim. Key factors: Moderate claim overlap. Recommended action: No immediate action required. Final decision must be made by the authorized official."
FRA0566,Jharkhand,Gumla,23.032473,84.462054,NO,0,LOW,,,Normal,"Claim FRA0566 from Gumla, Jharkhand has a risk score of 0/100 (LOW). No major risk indicators were detected for this claim. Key factors: . Recommended action: No immediate action required. Final decision must be made by the authorized official."
FRA0567,Chhattisgarh,Bastar,18.955669,82.035336,NO,45,MEDIUM,Long processing delay | High claim overlap | Multiple previous rejections,,Moderate,"Claim FRA0567 from Bastar, Chhattisgarh has a risk score of 45/100 (MEDIUM). This claim has some risk indicators and may require additional verification. Key factors: Long processing delay | High claim overlap | Multiple previous rejections. Recommended action: Perform additional document verification. Final decision must be made by the authorized official."
FRA0568,Maharashtra,Gadchiroli,20.151448,79.884197,NO,20,LOW,Moderate claim overlap | Multiple previous rejections,,Normal,"Claim FRA0568 from Gadchiroli, Maharashtra has a risk score of 20/100 (LOW). No major risk indicators were detected for this claim. Key factors: Moderate claim overlap | Multiple previous rejections. Recommended action: No immediate action required. Final decision must be made by the authorized official."
FRA0569,Jharkhand,Gumla,22.929233,84.644604,NO,35,MEDIUM,Long processing delay | Moderate claim overlap | Multiple previous rejections,,Moderate,"Claim FRA0569 from Gumla, Jharkhand has a risk score of 35/100 (MEDIUM). This claim has some risk indicators and may require additional verification. Key factors: Long processing delay | Moderate claim overlap | Multiple previous rejections. Recommended action: Perform additional document verification. Final decision must be made by the authorized official."
FRA0570,Maharashtra,Nashik,19.895244,73.667118,NO,30,LOW,Long processing delay | Moderate claim overlap,,Normal,"Claim FRA0570 from Nashik, Maharashtra has a risk score of 30/100 (LOW). No major risk indicators were detected for this claim. Key factors: Long processing delay | Moderate claim overlap. Recommended action: No immediate action required. Final decision must be made by the authorized official."
FRA0571,Chhattisgarh,Bastar,19.031648,81.993967,NO,45,MEDIUM,Long processing delay | High claim overlap | Multiple previous rejections,,Moderate,"Claim FRA0571 from Bastar, Chhattisgarh has a risk score of 45/100 (MEDIUM). This claim has some risk indicators and may require additional verification. Key factors: Long processing delay | High claim overlap | Multiple previous rejections. Recommended action: Perform additional document verification. Final decision must be made by the authorized official."
FRA0572,Chhattisgarh,Bastar,19.24985,81.974337,NO,5,LOW,Multiple previous rejections,,Normal,"Claim FRA0572 from Bastar, Chhattisgarh has a risk score of 5/100 (LOW). No major risk indicators were detected for this claim. Key factors: Multiple previous rejections. Recommended action: No immediate action required. Final decision must be made by the authorized official."
FRA0573,Chhattisgarh,Kanker,20.416555,81.349444,NO,0,LOW,,,Normal,"Claim FRA0573 from Kanker, Chhattisgarh has a risk score of 0/100 (LOW). No major risk indicators were detected for this claim. Key factors: . Recommended action: No immediate action required. Final decision must be made by the authorized official."
FRA0574,Odisha,Keonjhar,21.73607,85.719408,NO,30,LOW,Long processing delay | Moderate claim overlap,,Normal,"Claim FRA0574 from Keonjhar, Odisha has a risk score of 30/100 (LOW). No major risk indicators were detected for this claim. Key factors: Long processing delay | Moderate claim overlap. Recommended action: No immediate action required. Final decision must be made by the authorized official."
FRA0575,Chhattisgarh,Surguja,22.859574,83.136497,NO,15,LOW,Moderate claim overlap,,Normal,"Claim FRA0575 from Surguja, Chhattisgarh has a risk score of 15/100 (LOW). No major risk indicators were detected for this claim. Key factors: Moderate claim overlap. Recommended action: No immediate action required. Final decision must be made by the authorized official."
FRA0576,Odisha,Koraput,18.69155,82.769758,NO,25,LOW,High claim overlap,,Normal,"Claim FRA0576 from Koraput, Odisha has a risk score of 25/100 (LOW). No major risk indicators were detected for this claim. Key factors: High claim overlap. Recommended action: No immediate action required. Final decision must be made by the authorized official."
FRA0577,Odisha,Keonjhar,21.527928,85.548559,NO,0,LOW,,,Normal,"Claim FRA0577 from Keonjhar, Odisha has a risk score of 0/100 (LOW). No major risk indicators were detected for this claim. Key factors: . Recommended action: No immediate action required. Final decision must be made by the authorized official."
FRA0578,Maharashtra,Nashik,19.883483,73.689456,NO,40,MEDIUM,Long processing delay | High claim overlap,,Moderate,"Claim FRA0578 from Nashik, Maharashtra has a risk score of 40/100 (MEDIUM). This claim has some risk indicators and may require additional verification. Key factors: Long processing delay | High claim overlap. Recommended action: Perform additional document verification. Final decision must be made by the authorized official."
FRA0579,Chhattisgarh,Kanker,20.401743,81.567809,NO,20,LOW,Moderate claim overlap | Multiple previous rejections,,Normal,"Claim FRA0579 from Kanker, Chhattisgarh has a risk score of 20/100 (LOW). No major risk indicators were detected for this claim. Key factors: Moderate claim overlap | Multiple previous rejections. Recommended action: No immediate action required. Final decision must be made by the authorized official."
FRA0580,Madhya Pradesh,Dindori,23.080138,81.228459,NO,0,LOW,,,Normal,"Claim FRA0580 from Dindori, Madhya Pradesh has a risk score of 0/100 (LOW). No major risk indicators were detected for this claim. Key factors: . Recommended action: No immediate action required. Final decision must be made by the authorized official."
FRA0581,Madhya Pradesh,Dindori,22.836423,80.99183,NO,0,LOW,,,Normal,"Claim FRA0581 from Dindori, Madhya Pradesh has a risk score of 0/100 (LOW). No major risk indicators were detected for this claim. Key factors: . Recommended action: No immediate action required. Final decision must be made by the authorized official."
FRA0582,Odisha,Mayurbhanj,21.864903,86.771998,NO,0,LOW,,,Normal,"Claim FRA0582 from Mayurbhanj, Odisha has a risk score of 0/100 (LOW). No major risk indicators were detected for this claim. Key factors: . Recommended action: No immediate action required. Final decision must be made by the authorized official."
FRA0583,Maharashtra,Nashik,19.969346,73.899146,NO,40,MEDIUM,Long processing delay | High claim overlap,,Moderate,"Claim FRA0583 from Nashik, Maharashtra has a risk score of 40/100 (MEDIUM). This claim has some risk indicators and may require additional verification. Key factors: Long processing delay | High claim overlap. Recommended action: Perform additional document verification. Final decision must be made by the authorized official."
FRA0584,Madhya Pradesh,Dindori,22.986203,81.05616,NO,25,LOW,High claim overlap,,Normal,"Claim FRA0584 from Dindori, Madhya Pradesh has a risk score of 25/100 (LOW). No major risk indicators were detected for this claim. Key factors: High claim overlap. Recommended action: No immediate action required. Final decision must be made by the authorized official."
FRA0585,Madhya Pradesh,Dindori,22.920945,81.179427,NO,30,LOW,High claim overlap | Multiple previous rejections,,Normal,"Claim FRA0585 from Dindori, Madhya Pradesh has a risk score of 30/100 (LOW). No major risk indicators were detected for this claim. Key factors: High claim overlap | Multiple previous rejections. Recommended action: No immediate action required. Final decision must be made by the authorized official."
FRA0586,Maharashtra,Gadchiroli,20.092047,80.089315,NO,20,LOW,Moderate claim overlap | Multiple previous rejections,,Normal,"Claim FRA0586 from Gadchiroli, Maharashtra has a risk score of 20/100 (LOW). No major risk indicators were detected for this claim. Key factors: Moderate claim overlap | Multiple previous rejections. Recommended action: No immediate action required. Final decision must be made by the authorized official."
FRA0587,Odisha,Mayurbhanj,21.859373,86.657767,NO,15,LOW,Long processing delay,,Normal,"Claim FRA0587 from Mayurbhanj, Odisha has a risk score of 15/100 (LOW). No major risk indicators were detected for this claim. Key factors: Long processing delay. Recommended action: No immediate action required. Final decision must be made by the authorized official."
FRA0588,Jharkhand,Gumla,23.163843,84.468153,NO,20,LOW,Long processing delay | Multiple previous rejections,,Normal,"Claim FRA0588 from Gumla, Jharkhand has a risk score of 20/100 (LOW). No major risk indicators were detected for this claim. Key factors: Long processing delay | Multiple previous rejections. Recommended action: No immediate action required. Final decision must be made by the authorized official."
FRA0589,Maharashtra,Nandurbar,21.281291,74.181838,NO,20,LOW,Long processing delay | Multiple previous rejections,,Normal,"Claim FRA0589 from Nandurbar, Maharashtra has a risk score of 20/100 (LOW). No major risk indicators were detected for this claim. Key factors: Long processing delay | Multiple previous rejections. Recommended action: No immediate action required. Final decision must be made by the authorized official."
FRA0590,Odisha,Koraput,18.806385,82.585899,NO,15,LOW,Moderate claim overlap,,Normal,"Claim FRA0590 from Koraput, Odisha has a risk score of 15/100 (LOW). No major risk indicators were detected for this claim. Key factors: Moderate claim overlap. Recommended action: No immediate action required. Final decision must be made by the authorized official."
FRA0591,Jharkhand,Simdega,22.680123,84.526596,NO,15,LOW,Moderate claim overlap,,Normal,"Claim FRA0591 from Simdega, Jharkhand has a risk score of 15/100 (LOW). No major risk indicators were detected for this claim. Key factors: Moderate claim overlap. Recommended action: No immediate action required. Final decision must be made by the authorized official."
FRA0592,Chhattisgarh,Bastar,19.206783,81.875654,NO,15,LOW,Long processing delay,,Normal,"Claim FRA0592 from Bastar, Chhattisgarh has a risk score of 15/100 (LOW). No major risk indicators were detected for this claim. Key factors: Long processing delay. Recommended action: No immediate action required. Final decision must be made by the authorized official."
FRA0593,Odisha,Mayurbhanj,22.002923,86.653031,NO,25,LOW,High claim overlap,,Normal,"Claim FRA0593 from Mayurbhanj, Odisha has a risk score of 25/100 (LOW). No major risk indicators were detected for this claim. Key factors: High claim overlap. Recommended action: No immediate action required. Final decision must be made by the authorized official."
FRA0594,Odisha,Mayurbhanj,21.984377,86.688498,NO,20,LOW,Moderate claim overlap | Multiple previous rejections,,Normal,"Claim FRA0594 from Mayurbhanj, Odisha has a risk score of 20/100 (LOW). No major risk indicators were detected for this claim. Key factors: Moderate claim overlap | Multiple previous rejections. Recommended action: No immediate action required. Final decision must be made by the authorized official."
FRA0595,Maharashtra,Nandurbar,21.422214,74.197875,NO,20,LOW,Long processing delay | Multiple previous rejections,,Normal,"Claim FRA0595 from Nandurbar, Maharashtra has a risk score of 20/100 (LOW). No major risk indicators were detected for this claim. Key factors: Long processing delay | Multiple previous rejections. Recommended action: No immediate action required. Final decision must be made by the authorized official."
FRA0596,Odisha,Keonjhar,21.593112,85.562793,NO,20,LOW,Moderate claim overlap | Multiple previous rejections,,Normal,"Claim FRA0596 from Keonjhar, Odisha has a risk score of 20/100 (LOW). No major risk indicators were detected for this claim. Key factors: Moderate claim overlap | Multiple previous rejections. Recommended action: No immediate action required. Final decision must be made by the authorized official."
FRA0597,Odisha,Mayurbhanj,21.888365,86.781495,YES,55,HIGH,Long processing delay | High claim overlap | Multiple previous rejections | ML anomaly detected,,High,"Claim FRA0597 from Mayurbhanj, Odisha has a risk score of 55/100 (HIGH). This claim shows significant risk indicators and should be reviewed by the concerned authority. Key factors: Long processing delay | High claim overlap | Multiple previous rejections | ML anomaly detected. Recommended action: Review claim documents and processing history. Final decision must be made by the authorized official."
FRA0598,Odisha,Keonjhar,21.751108,85.442549,NO,25,LOW,High claim overlap,,Normal,"Claim FRA0598 from Keonjhar, Odisha has a risk score of 25/100 (LOW). No major risk indicators were detected for this claim. Key factors: High claim overlap. Recommended action: No immediate action required. Final decision must be made by the authorized official."
FRA0599,Odisha,Koraput,18.815838,82.780146,NO,0,LOW,,,Normal,"Claim FRA0599 from Koraput, Odisha has a risk score of 0/100 (LOW). No major risk indicators were detected for this claim. Key factors: . Recommended action: No immediate action required. Final decision must be made by the authorized official."
FRA0600,Maharashtra,Nandurbar,21.246126,74.176672,NO,20,LOW,Moderate claim overlap | Multiple previous rejections,,Normal,"Claim FRA0600 from Nandurbar, Maharashtra has a risk score of 20/100 (LOW). No major risk indicators were detected for this claim. Key factors: Moderate claim overlap | Multiple previous rejections. Recommended action: No immediate action required. Final decision must be made by the authorized official."
FRA0601,Chhattisgarh,Kanker,20.243666,81.596025,NO,5,LOW,Multiple previous rejections,,Normal,"Claim FRA0601 from Kanker, Chhattisgarh has a risk score of 5/100 (LOW). No major risk indicators were detected for this claim. Key factors: Multiple previous rejections. Recommended action: No immediate action required. Final decision must be made by the authorized official."
FRA0602,Maharashtra,Gadchiroli,20.275837,80.002439,NO,5,LOW,Multiple previous rejections,,Normal,"Claim FRA0602 from Gadchiroli, Maharashtra has a risk score of 5/100 (LOW). No major risk indicators were detected for this claim. Key factors: Multiple previous rejections. Recommended action: No immediate action required. Final decision must be made by the authorized official."
FRA0603,Jharkhand,Ranchi,23.259984,85.377882,NO,15,LOW,Moderate claim overlap,,Normal,"Claim FRA0603 from Ranchi, Jharkhand has a risk score of 15/100 (LOW). No major risk indicators were detected for this claim. Key factors: Moderate claim overlap. Recommended action: No immediate action required. Final decision must be made by the authorized official."
FRA0604,Chhattisgarh,Bastar,19.0041,81.979318,NO,20,LOW,Moderate claim overlap | Multiple previous rejections,,Normal,"Claim FRA0604 from Bastar, Chhattisgarh has a risk score of 20/100 (LOW). No major risk indicators were detected for this claim. Key factors: Moderate claim overlap | Multiple previous rejections. Recommended action: No immediate action required. Final decision must be made by the authorized official."
FRA0605,Madhya Pradesh,Dindori,23.011249,80.979688,NO,25,LOW,High claim overlap,,Normal,"Claim FRA0605 from Dindori, Madhya Pradesh has a risk score of 25/100 (LOW). No major risk indicators were detected for this claim. Key factors: High claim overlap. Recommended action: No immediate action required. Final decision must be made by the authorized official."
FRA0606,Chhattisgarh,Kanker,20.266697,81.390451,NO,45,MEDIUM,Long processing delay | High claim overlap | Multiple previous rejections,,Moderate,"Claim FRA0606 from Kanker, Chhattisgarh has a risk score of 45/100 (MEDIUM). This claim has some risk indicators and may require additional verification. Key factors: Long processing delay | High claim overlap | Multiple previous rejections. Recommended action: Perform additional document verification. Final decision must be made by the authorized official."
FRA0607,Maharashtra,Nandurbar,21.354289,74.159464,NO,30,LOW,High claim overlap | Multiple previous rejections,,Normal,"Claim FRA0607 from Nandurbar, Maharashtra has a risk score of 30/100 (LOW). No major risk indicators were detected for this claim. Key factors: High claim overlap | Multiple previous rejections. Recommended action: No immediate action required. Final decision must be made by the authorized official."
FRA0608,Jharkhand,Simdega,22.681947,84.405921,NO,5,LOW,Multiple previous rejections,,Normal,"Claim FRA0608 from Simdega, Jharkhand has a risk score of 5/100 (LOW). No major risk indicators were detected for this claim. Key factors: Multiple previous rejections. Recommended action: No immediate action required. Final decision must be made by the authorized official."
FRA0609,Maharashtra,Nashik,20.05285,73.823372,NO,5,LOW,Multiple previous rejections,,Normal,"Claim FRA0609 from Nashik, Maharashtra has a risk score of 5/100 (LOW). No major risk indicators were detected for this claim. Key factors: Multiple previous rejections. Recommended action: No immediate action required. Final decision must be made by the authorized official."
FRA0610,Jharkhand,Ranchi,23.236151,85.249609,NO,5,LOW,Multiple previous rejections,,Normal,"Claim FRA0610 from Ranchi, Jharkhand has a risk score of 5/100 (LOW). No major risk indicators were detected for this claim. Key factors: Multiple previous rejections. Recommended action: No immediate action required. Final decision must be made by the authorized official."
FRA0611,Chhattisgarh,Kanker,20.174096,81.515647,NO,20,LOW,Moderate claim overlap | Multiple previous rejections,,Normal,"Claim FRA0611 from Kanker, Chhattisgarh has a risk score of 20/100 (LOW). No major risk indicators were detected for this claim. Key factors: Moderate claim overlap | Multiple previous rejections. Recommended action: No immediate action required. Final decision must be made by the authorized official."
FRA0612,Jharkhand,Gumla,22.910764,84.447078,NO,15,LOW,Long processing delay,,Normal,"Claim FRA0612 from Gumla, Jharkhand has a risk score of 15/100 (LOW). No major risk indicators were detected for this claim. Key factors: Long processing delay. Recommended action: No immediate action required. Final decision must be made by the authorized official."
FRA0613,Odisha,Koraput,18.815713,82.794855,NO,0,LOW,,,Normal,"Claim FRA0613 from Koraput, Odisha has a risk score of 0/100 (LOW). No major risk indicators were detected for this claim. Key factors: . Recommended action: No immediate action required. Final decision must be made by the authorized official."
FRA0614,Odisha,Mayurbhanj,21.843862,86.613656,NO,30,LOW,Long processing delay | Moderate claim overlap,,Normal,"Claim FRA0614 from Mayurbhanj, Odisha has a risk score of 30/100 (LOW). No major risk indicators were detected for this claim. Key factors: Long processing delay | Moderate claim overlap. Recommended action: No immediate action required. Final decision must be made by the authorized official."
FRA0615,Odisha,Mayurbhanj,21.92927,86.784107,NO,15,LOW,Moderate claim overlap,,Normal,"Claim FRA0615 from Mayurbhanj, Odisha has a risk score of 15/100 (LOW). No major risk indicators were detected for this claim. Key factors: Moderate claim overlap. Recommended action: No immediate action required. Final decision must be made by the authorized official."
FRA0616,Maharashtra,Nashik,19.856593,73.750037,NO,20,LOW,Moderate claim overlap | Multiple previous rejections,,Normal,"Claim FRA0616 from Nashik, Maharashtra has a risk score of 20/100 (LOW). No major risk indicators were detected for this claim. Key factors: Moderate claim overlap | Multiple previous rejections. Recommended action: No immediate action required. Final decision must be made by the authorized official."
FRA0617,Jharkhand,Ranchi,23.440929,85.450003,NO,5,LOW,Multiple previous rejections,,Normal,"Claim FRA0617 from Ranchi, Jharkhand has a risk score of 5/100 (LOW). No major risk indicators were detected for this claim. Key factors: Multiple previous rejections. Recommended action: No immediate action required. Final decision must be made by the authorized official."
FRA0618,Jharkhand,Ranchi,23.196494,85.211359,NO,25,LOW,High claim overlap,,Normal,"Claim FRA0618 from Ranchi, Jharkhand has a risk score of 25/100 (LOW). No major risk indicators were detected for this claim. Key factors: High claim overlap. Recommended action: No immediate action required. Final decision must be made by the authorized official."
FRA0619,Maharashtra,Gadchiroli,20.212056,79.8708,NO,0,LOW,,,Normal,"Claim FRA0619 from Gadchiroli, Maharashtra has a risk score of 0/100 (LOW). No major risk indicators were detected for this claim. Key factors: . Recommended action: No immediate action required. Final decision must be made by the authorized official."
FRA0620,Chhattisgarh,Bastar,19.152593,81.855096,NO,15,LOW,Moderate claim overlap,,Normal,"Claim FRA0620 from Bastar, Chhattisgarh has a risk score of 15/100 (LOW). No major risk indicators were detected for this claim. Key factors: Moderate claim overlap. Recommended action: No immediate action required. Final decision must be made by the authorized official."
FRA0621,Madhya Pradesh,Mandla,22.622088,80.320557,NO,25,LOW,High claim overlap,,Normal,"Claim FRA0621 from Mandla, Madhya Pradesh has a risk score of 25/100 (LOW). No major risk indicators were detected for this claim. Key factors: High claim overlap. Recommended action: No immediate action required. Final decision must be made by the authorized official."
FRA0622,Chhattisgarh,Surguja,22.807643,83.240654,NO,5,LOW,Multiple previous rejections,,Normal,"Claim FRA0622 from Surguja, Chhattisgarh has a risk score of 5/100 (LOW). No major risk indicators were detected for this claim. Key factors: Multiple previous rejections. Recommended action: No immediate action required. Final decision must be made by the authorized official."
FRA0623,Madhya Pradesh,Dindori,23.000423,81.159879,NO,5,LOW,Multiple previous rejections,,Normal,"Claim FRA0623 from Dindori, Madhya Pradesh has a risk score of 5/100 (LOW). No major risk indicators were detected for this claim. Key factors: Multiple previous rejections. Recommended action: No immediate action required. Final decision must be made by the authorized official."
FRA0624,Madhya Pradesh,Dindori,22.850748,80.972715,NO,25,LOW,High claim overlap,,Normal,"Claim FRA0624 from Dindori, Madhya Pradesh has a risk score of 25/100 (LOW). No major risk indicators were detected for this claim. Key factors: High claim overlap. Recommended action: No immediate action required. Final decision must be made by the authorized official."
FRA0625,Chhattisgarh,Bastar,19.039422,81.860937,NO,15,LOW,Moderate claim overlap,,Normal,"Claim FRA0625 from Bastar, Chhattisgarh has a risk score of 15/100 (LOW). No major risk indicators were detected for this claim. Key factors: Moderate claim overlap. Recommended action: No immediate action required. Final decision must be made by the authorized official."
FRA0626,Jharkhand,Simdega,22.575231,84.477209,NO,30,LOW,Long processing delay | Moderate claim overlap,,Normal,"Claim FRA0626 from Simdega, Jharkhand has a risk score of 30/100 (LOW). No major risk indicators were detected for this claim. Key factors: Long processing delay | Moderate claim overlap. Recommended action: No immediate action required. Final decision must be made by the authorized official."
FRA0627,Maharashtra,Nashik,19.995259,73.832982,NO,0,LOW,,,Normal,"Claim FRA0627 from Nashik, Maharashtra has a risk score of 0/100 (LOW). No major risk indicators were detected for this claim. Key factors: . Recommended action: No immediate action required. Final decision must be made by the authorized official."
FRA0628,Chhattisgarh,Surguja,22.773256,83.236294,YES,35,MEDIUM,High claim overlap | ML anomaly detected,,Moderate,"Claim FRA0628 from Surguja, Chhattisgarh has a risk score of 35/100 (MEDIUM). This claim has some risk indicators and may require additional verification. Key factors: High claim overlap | ML anomaly detected. Recommended action: Perform additional document verification. Final decision must be made by the authorized official."
FRA0629,Jharkhand,Simdega,22.594799,84.477507,YES,15,LOW,Multiple previous rejections | ML anomaly detected,,Normal,"Claim FRA0629 from Simdega, Jharkhand has a risk score of 15/100 (LOW). No major risk indicators were detected for this claim. Key factors: Multiple previous rejections | ML anomaly detected. Recommended action: No immediate action required. Final decision must be made by the authorized official."
FRA0630,Maharashtra,Nashik,20.106372,73.916832,NO,0,LOW,,,Normal,"Claim FRA0630 from Nashik, Maharashtra has a risk score of 0/100 (LOW). No major risk indicators were detected for this claim. Key factors: . Recommended action: No immediate action required. Final decision must be made by the authorized official."
FRA0631,Madhya Pradesh,Mandla,22.742981,80.349124,NO,15,LOW,Long processing delay,,Normal,"Claim FRA0631 from Mandla, Madhya Pradesh has a risk score of 15/100 (LOW). No major risk indicators were detected for this claim. Key factors: Long processing delay. Recommended action: No immediate action required. Final decision must be made by the authorized official."
FRA0632,Madhya Pradesh,Dindori,22.957856,81.070517,NO,20,LOW,Long processing delay | Multiple previous rejections,,Normal,"Claim FRA0632 from Dindori, Madhya Pradesh has a risk score of 20/100 (LOW). No major risk indicators were detected for this claim. Key factors: Long processing delay | Multiple previous rejections. Recommended action: No immediate action required. Final decision must be made by the authorized official."
FRA0633,Jharkhand,Ranchi,23.318286,85.454695,NO,30,LOW,Long processing delay | Moderate claim overlap,,Normal,"Claim FRA0633 from Ranchi, Jharkhand has a risk score of 30/100 (LOW). No major risk indicators were detected for this claim. Key factors: Long processing delay | Moderate claim overlap. Recommended action: No immediate action required. Final decision must be made by the authorized official."
FRA0634,Chhattisgarh,Surguja,22.816373,83.148802,YES,40,MEDIUM,High claim overlap | Multiple previous rejections | ML anomaly detected,,Moderate,"Claim FRA0634 from Surguja, Chhattisgarh has a risk score of 40/100 (MEDIUM). This claim has some risk indicators and may require additional verification. Key factors: High claim overlap | Multiple previous rejections | ML anomaly detected. Recommended action: Perform additional document verification. Final decision must be made by the authorized official."
FRA0635,Jharkhand,Ranchi,23.256925,85.428011,NO,25,LOW,High claim overlap,,Normal,"Claim FRA0635 from Ranchi, Jharkhand has a risk score of 25/100 (LOW). No major risk indicators were detected for this claim. Key factors: High claim overlap. Recommended action: No immediate action required. Final decision must be made by the authorized official."
FRA0636,Chhattisgarh,Kanker,20.1571,81.614942,NO,5,LOW,Multiple previous rejections,,Normal,"Claim FRA0636 from Kanker, Chhattisgarh has a risk score of 5/100 (LOW). No major risk indicators were detected for this claim. Key factors: Multiple previous rejections. Recommended action: No immediate action required. Final decision must be made by the authorized official."
FRA0637,Madhya Pradesh,Mandla,22.731401,80.378622,NO,0,LOW,,,Normal,"Claim FRA0637 from Mandla, Madhya Pradesh has a risk score of 0/100 (LOW). No major risk indicators were detected for this claim. Key factors: . Recommended action: No immediate action required. Final decision must be made by the authorized official."
FRA0638,Odisha,Koraput,18.803178,82.642996,NO,25,LOW,High claim overlap,,Normal,"Claim FRA0638 from Koraput, Odisha has a risk score of 25/100 (LOW). No major risk indicators were detected for this claim. Key factors: High claim overlap. Recommended action: No immediate action required. Final decision must be made by the authorized official."
FRA0639,Chhattisgarh,Kanker,20.129069,81.576865,NO,5,LOW,Multiple previous rejections,,Normal,"Claim FRA0639 from Kanker, Chhattisgarh has a risk score of 5/100 (LOW). No major risk indicators were detected for this claim. Key factors: Multiple previous rejections. Recommended action: No immediate action required. Final decision must be made by the authorized official."
FRA0640,Odisha,Keonjhar,21.508813,85.578877,NO,20,LOW,Long processing delay | Multiple previous rejections,,Normal,"Claim FRA0640 from Keonjhar, Odisha has a risk score of 20/100 (LOW). No major risk indicators were detected for this claim. Key factors: Long processing delay | Multiple previous rejections. Recommended action: No immediate action required. Final decision must be made by the authorized official."
FRA0641,Odisha,Koraput,18.908718,82.564691,NO,20,LOW,Long processing delay | Multiple previous rejections,,Normal,"Claim FRA0641 from Koraput, Odisha has a risk score of 20/100 (LOW). No major risk indicators were detected for this claim. Key factors: Long processing delay | Multiple previous rejections. Recommended action: No immediate action required. Final decision must be made by the authorized official."
FRA0642,Madhya Pradesh,Balaghat,21.842471,80.160885,NO,15,LOW,Moderate claim overlap,,Normal,"Claim FRA0642 from Balaghat, Madhya Pradesh has a risk score of 15/100 (LOW). No major risk indicators were detected for this claim. Key factors: Moderate claim overlap. Recommended action: No immediate action required. Final decision must be made by the authorized official."
FRA0643,Jharkhand,Ranchi,23.353784,85.373502,NO,35,MEDIUM,Long processing delay | Moderate claim overlap | Multiple previous rejections,,Moderate,"Claim FRA0643 from Ranchi, Jharkhand has a risk score of 35/100 (MEDIUM). This claim has some risk indicators and may require additional verification. Key factors: Long processing delay | Moderate claim overlap | Multiple previous rejections. Recommended action: Perform additional document verification. Final decision must be made by the authorized official."
FRA0644,Jharkhand,Ranchi,23.262128,85.348324,NO,15,LOW,Moderate claim overlap,,Normal,"Claim FRA0644 from Ranchi, Jharkhand has a risk score of 15/100 (LOW). No major risk indicators were detected for this claim. Key factors: Moderate claim overlap. Recommended action: No immediate action required. Final decision must be made by the authorized official."
FRA0645,Maharashtra,Nandurbar,21.27959,74.35388,NO,15,LOW,Moderate claim overlap,,Normal,"Claim FRA0645 from Nandurbar, Maharashtra has a risk score of 15/100 (LOW). No major risk indicators were detected for this claim. Key factors: Moderate claim overlap. Recommended action: No immediate action required. Final decision must be made by the authorized official."
FRA0646,Maharashtra,Nashik,19.850631,73.856313,NO,5,LOW,Multiple previous rejections,,Normal,"Claim FRA0646 from Nashik, Maharashtra has a risk score of 5/100 (LOW). No major risk indicators were detected for this claim. Key factors: Multiple previous rejections. Recommended action: No immediate action required. Final decision must be made by the authorized official."
FRA0647,Jharkhand,Simdega,22.573916,84.429528,NO,30,LOW,High claim overlap | Multiple previous rejections,,Normal,"Claim FRA0647 from Simdega, Jharkhand has a risk score of 30/100 (LOW). No major risk indicators were detected for this claim. Key factors: High claim overlap | Multiple previous rejections. Recommended action: No immediate action required. Final decision must be made by the authorized official."
FRA0648,Madhya Pradesh,Balaghat,21.792581,80.157486,NO,35,MEDIUM,Long processing delay | Moderate claim overlap | Multiple previous rejections,,Moderate,"Claim FRA0648 from Balaghat, Madhya Pradesh has a risk score of 35/100 (MEDIUM). This claim has some risk indicators and may require additional verification. Key factors: Long processing delay | Moderate claim overlap | Multiple previous rejections. Recommended action: Perform additional document verification. Final decision must be made by the authorized official."
FRA0649,Madhya Pradesh,Dindori,23.086441,81.112615,NO,15,LOW,Long processing delay,,Normal,"Claim FRA0649 from Dindori, Madhya Pradesh has a risk score of 15/100 (LOW). No major risk indicators were detected for this claim. Key factors: Long processing delay. Recommended action: No immediate action required. Final decision must be made by the authorized official."
FRA0650,Jharkhand,Gumla,22.896258,84.390499,NO,15,LOW,Long processing delay,,Normal,"Claim FRA0650 from Gumla, Jharkhand has a risk score of 15/100 (LOW). No major risk indicators were detected for this claim. Key factors: Long processing delay. Recommended action: No immediate action required. Final decision must be made by the authorized official."
FRA0651,Madhya Pradesh,Mandla,22.56633,80.425437,NO,5,LOW,Multiple previous rejections,,Normal,"Claim FRA0651 from Mandla, Madhya Pradesh has a risk score of 5/100 (LOW). No major risk indicators were detected for this claim. Key factors: Multiple previous rejections. Recommended action: No immediate action required. Final decision must be made by the authorized official."
FRA0652,Madhya Pradesh,Mandla,22.619687,80.505174,NO,35,MEDIUM,Long processing delay | Moderate claim overlap | Multiple previous rejections,,Moderate,"Claim FRA0652 from Mandla, Madhya Pradesh has a risk score of 35/100 (MEDIUM). This claim has some risk indicators and may require additional verification. Key factors: Long processing delay | Moderate claim overlap | Multiple previous rejections. Recommended action: Perform additional document verification. Final decision must be made by the authorized official."
FRA0653,Odisha,Mayurbhanj,21.805897,86.57683,NO,25,LOW,High claim overlap,,Normal,"Claim FRA0653 from Mayurbhanj, Odisha has a risk score of 25/100 (LOW). No major risk indicators were detected for this claim. Key factors: High claim overlap. Recommended action: No immediate action required. Final decision must be made by the authorized official."
FRA0654,Maharashtra,Nashik,20.069799,73.862336,NO,35,MEDIUM,Long processing delay | Moderate claim overlap | Multiple previous rejections,,Moderate,"Claim FRA0654 from Nashik, Maharashtra has a risk score of 35/100 (MEDIUM). This claim has some risk indicators and may require additional verification. Key factors: Long processing delay | Moderate claim overlap | Multiple previous rejections. Recommended action: Perform additional document verification. Final decision must be made by the authorized official."
FRA0655,Chhattisgarh,Bastar,19.22913,81.828234,YES,40,MEDIUM,High claim overlap | Multiple previous rejections | ML anomaly detected,,Moderate,"Claim FRA0655 from Bastar, Chhattisgarh has a risk score of 40/100 (MEDIUM). This claim has some risk indicators and may require additional verification. Key factors: High claim overlap | Multiple previous rejections | ML anomaly detected. Recommended action: Perform additional document verification. Final decision must be made by the authorized official."
FRA0656,Maharashtra,Nashik,20.097817,73.916629,NO,35,MEDIUM,Long processing delay | Moderate claim overlap | Multiple previous rejections,,Moderate,"Claim FRA0656 from Nashik, Maharashtra has a risk score of 35/100 (MEDIUM). This claim has some risk indicators and may require additional verification. Key factors: Long processing delay | Moderate claim overlap | Multiple previous rejections. Recommended action: Perform additional document verification. Final decision must be made by the authorized official."
FRA0657,Maharashtra,Nandurbar,21.391119,74.351512,NO,15,LOW,Moderate claim overlap,,Normal,"Claim FRA0657 from Nandurbar, Maharashtra has a risk score of 15/100 (LOW). No major risk indicators were detected for this claim. Key factors: Moderate claim overlap. Recommended action: No immediate action required. Final decision must be made by the authorized official."
FRA0658,Madhya Pradesh,Mandla,22.617652,80.258996,YES,15,LOW,Multiple previous rejections | ML anomaly detected,,Normal,"Claim FRA0658 from Mandla, Madhya Pradesh has a risk score of 15/100 (LOW). No major risk indicators were detected for this claim. Key factors: Multiple previous rejections | ML anomaly detected. Recommended action: No immediate action required. Final decision must be made by the authorized official."
FRA0659,Chhattisgarh,Kanker,20.292498,81.51155,NO,0,LOW,,,Normal,"Claim FRA0659 from Kanker, Chhattisgarh has a risk score of 0/100 (LOW). No major risk indicators were detected for this claim. Key factors: . Recommended action: No immediate action required. Final decision must be made by the authorized official."
FRA0660,Jharkhand,Simdega,22.623727,84.591406,NO,0,LOW,,,Normal,"Claim FRA0660 from Simdega, Jharkhand has a risk score of 0/100 (LOW). No major risk indicators were detected for this claim. Key factors: . Recommended action: No immediate action required. Final decision must be made by the authorized official."
FRA0661,Maharashtra,Nandurbar,21.356731,74.261328,NO,15,LOW,Moderate claim overlap,,Normal,"Claim FRA0661 from Nandurbar, Maharashtra has a risk score of 15/100 (LOW). No major risk indicators were detected for this claim. Key factors: Moderate claim overlap. Recommended action: No immediate action required. Final decision must be made by the authorized official."
FRA0662,Chhattisgarh,Surguja,22.886303,83.110416,NO,40,MEDIUM,Long processing delay | High claim overlap,,Moderate,"Claim FRA0662 from Surguja, Chhattisgarh has a risk score of 40/100 (MEDIUM). This claim has some risk indicators and may require additional verification. Key factors: Long processing delay | High claim overlap. Recommended action: Perform additional document verification. Final decision must be made by the authorized official."
FRA0663,Jharkhand,Ranchi,23.485994,85.409856,NO,40,MEDIUM,Long processing delay | High claim overlap,,Moderate,"Claim FRA0663 from Ranchi, Jharkhand has a risk score of 40/100 (MEDIUM). This claim has some risk indicators and may require additional verification. Key factors: Long processing delay | High claim overlap. Recommended action: Perform additional document verification. Final decision must be made by the authorized official."
FRA0664,Madhya Pradesh,Balaghat,21.924155,80.284956,NO,5,LOW,Multiple previous rejections,,Normal,"Claim FRA0664 from Balaghat, Madhya Pradesh has a risk score of 5/100 (LOW). No major risk indicators were detected for this claim. Key factors: Multiple previous rejections. Recommended action: No immediate action required. Final decision must be made by the authorized official."
FRA0665,Chhattisgarh,Bastar,19.200538,81.88724,NO,0,LOW,,,Normal,"Claim FRA0665 from Bastar, Chhattisgarh has a risk score of 0/100 (LOW). No major risk indicators were detected for this claim. Key factors: . Recommended action: No immediate action required. Final decision must be made by the authorized official."
FRA0666,Madhya Pradesh,Mandla,22.670706,80.269136,NO,35,MEDIUM,Long processing delay | Moderate claim overlap | Multiple previous rejections,,Moderate,"Claim FRA0666 from Mandla, Madhya Pradesh has a risk score of 35/100 (MEDIUM). This claim has some risk indicators and may require additional verification. Key factors: Long processing delay | Moderate claim overlap | Multiple previous rejections. Recommended action: Perform additional document verification. Final decision must be made by the authorized official."
FRA0667,Jharkhand,Simdega,22.733295,84.428914,NO,0,LOW,,,Normal,"Claim FRA0667 from Simdega, Jharkhand has a risk score of 0/100 (LOW). No major risk indicators were detected for this claim. Key factors: . Recommended action: No immediate action required. Final decision must be made by the authorized official."
FRA0668,Chhattisgarh,Kanker,20.164444,81.401948,NO,20,LOW,Moderate claim overlap | Multiple previous rejections,,Normal,"Claim FRA0668 from Kanker, Chhattisgarh has a risk score of 20/100 (LOW). No major risk indicators were detected for this claim. Key factors: Moderate claim overlap | Multiple previous rejections. Recommended action: No immediate action required. Final decision must be made by the authorized official."
FRA0669,Madhya Pradesh,Dindori,23.046665,80.979835,NO,40,MEDIUM,Long processing delay | High claim overlap,,Moderate,"Claim FRA0669 from Dindori, Madhya Pradesh has a risk score of 40/100 (MEDIUM). This claim has some risk indicators and may require additional verification. Key factors: Long processing delay | High claim overlap. Recommended action: Perform additional document verification. Final decision must be made by the authorized official."
FRA0670,Chhattisgarh,Bastar,19.023912,82.052875,NO,15,LOW,Long processing delay,,Normal,"Claim FRA0670 from Bastar, Chhattisgarh has a risk score of 15/100 (LOW). No major risk indicators were detected for this claim. Key factors: Long processing delay. Recommended action: No immediate action required. Final decision must be made by the authorized official."
FRA0671,Madhya Pradesh,Mandla,22.578198,80.447315,NO,20,LOW,Long processing delay | Multiple previous rejections,,Normal,"Claim FRA0671 from Mandla, Madhya Pradesh has a risk score of 20/100 (LOW). No major risk indicators were detected for this claim. Key factors: Long processing delay | Multiple previous rejections. Recommended action: No immediate action required. Final decision must be made by the authorized official."
FRA0672,Chhattisgarh,Kanker,20.297636,81.401137,NO,20,LOW,Long processing delay | Multiple previous rejections,,Normal,"Claim FRA0672 from Kanker, Chhattisgarh has a risk score of 20/100 (LOW). No major risk indicators were detected for this claim. Key factors: Long processing delay | Multiple previous rejections. Recommended action: No immediate action required. Final decision must be made by the authorized official."
FRA0673,Odisha,Koraput,18.835557,82.859239,NO,30,LOW,High claim overlap | Multiple previous rejections,,Normal,"Claim FRA0673 from Koraput, Odisha has a risk score of 30/100 (LOW). No major risk indicators were detected for this claim. Key factors: High claim overlap | Multiple previous rejections. Recommended action: No immediate action required. Final decision must be made by the authorized official."
FRA0674,Jharkhand,Ranchi,23.254593,85.197264,NO,5,LOW,Multiple previous rejections,,Normal,"Claim FRA0674 from Ranchi, Jharkhand has a risk score of 5/100 (LOW). No major risk indicators were detected for this claim. Key factors: Multiple previous rejections. Recommended action: No immediate action required. Final decision must be made by the authorized official."
FRA0675,Odisha,Koraput,18.736062,82.590534,NO,5,LOW,Multiple previous rejections,,Normal,"Claim FRA0675 from Koraput, Odisha has a risk score of 5/100 (LOW). No major risk indicators were detected for this claim. Key factors: Multiple previous rejections. Recommended action: No immediate action required. Final decision must be made by the authorized official."
FRA0676,Odisha,Keonjhar,21.753141,85.506703,NO,15,LOW,Moderate claim overlap,,Normal,"Claim FRA0676 from Keonjhar, Odisha has a risk score of 15/100 (LOW). No major risk indicators were detected for this claim. Key factors: Moderate claim overlap. Recommended action: No immediate action required. Final decision must be made by the authorized official."
FRA0677,Madhya Pradesh,Balaghat,21.887056,80.085934,NO,40,MEDIUM,Long processing delay | High claim overlap,,Moderate,"Claim FRA0677 from Balaghat, Madhya Pradesh has a risk score of 40/100 (MEDIUM). This claim has some risk indicators and may require additional verification. Key factors: Long processing delay | High claim overlap. Recommended action: Perform additional document verification. Final decision must be made by the authorized official."
FRA0678,Chhattisgarh,Kanker,20.336831,81.450692,NO,20,LOW,Moderate claim overlap | Multiple previous rejections,,Normal,"Claim FRA0678 from Kanker, Chhattisgarh has a risk score of 20/100 (LOW). No major risk indicators were detected for this claim. Key factors: Moderate claim overlap | Multiple previous rejections. Recommended action: No immediate action required. Final decision must be made by the authorized official."
FRA0679,Madhya Pradesh,Dindori,23.071716,81.008658,NO,15,LOW,Moderate claim overlap,,Normal,"Claim FRA0679 from Dindori, Madhya Pradesh has a risk score of 15/100 (LOW). No major risk indicators were detected for this claim. Key factors: Moderate claim overlap. Recommended action: No immediate action required. Final decision must be made by the authorized official."
FRA0680,Jharkhand,Simdega,22.680353,84.477306,NO,35,MEDIUM,Long processing delay | Moderate claim overlap | Multiple previous rejections,,Moderate,"Claim FRA0680 from Simdega, Jharkhand has a risk score of 35/100 (MEDIUM). This claim has some risk indicators and may require additional verification. Key factors: Long processing delay | Moderate claim overlap | Multiple previous rejections. Recommended action: Perform additional document verification. Final decision must be made by the authorized official."
FRA0681,Jharkhand,Simdega,22.50447,84.583645,NO,0,LOW,,,Normal,"Claim FRA0681 from Simdega, Jharkhand has a risk score of 0/100 (LOW). No major risk indicators were detected for this claim. Key factors: . Recommended action: No immediate action required. Final decision must be made by the authorized official."
FRA0682,Chhattisgarh,Surguja,23.039921,83.215667,NO,5,LOW,Multiple previous rejections,,Normal,"Claim FRA0682 from Surguja, Chhattisgarh has a risk score of 5/100 (LOW). No major risk indicators were detected for this claim. Key factors: Multiple previous rejections. Recommended action: No immediate action required. Final decision must be made by the authorized official."
FRA0683,Odisha,Mayurbhanj,22.023635,86.777326,NO,30,LOW,Long processing delay | Moderate claim overlap,,Normal,"Claim FRA0683 from Mayurbhanj, Odisha has a risk score of 30/100 (LOW). No major risk indicators were detected for this claim. Key factors: Long processing delay | Moderate claim overlap. Recommended action: No immediate action required. Final decision must be made by the authorized official."
FRA0684,Jharkhand,Gumla,22.937407,84.421674,NO,25,LOW,High claim overlap,,Normal,"Claim FRA0684 from Gumla, Jharkhand has a risk score of 25/100 (LOW). No major risk indicators were detected for this claim. Key factors: High claim overlap. Recommended action: No immediate action required. Final decision must be made by the authorized official."
FRA0685,Maharashtra,Nashik,20.147818,73.70661,NO,0,LOW,,,Normal,"Claim FRA0685 from Nashik, Maharashtra has a risk score of 0/100 (LOW). No major risk indicators were detected for this claim. Key factors: . Recommended action: No immediate action required. Final decision must be made by the authorized official."
FRA0686,Odisha,Mayurbhanj,22.073215,86.727186,NO,20,LOW,Long processing delay | Multiple previous rejections,,Normal,"Claim FRA0686 from Mayurbhanj, Odisha has a risk score of 20/100 (LOW). No major risk indicators were detected for this claim. Key factors: Long processing delay | Multiple previous rejections. Recommended action: No immediate action required. Final decision must be made by the authorized official."
FRA0687,Chhattisgarh,Bastar,19.012677,81.820784,NO,40,MEDIUM,Long processing delay | High claim overlap,,Moderate,"Claim FRA0687 from Bastar, Chhattisgarh has a risk score of 40/100 (MEDIUM). This claim has some risk indicators and may require additional verification. Key factors: Long processing delay | High claim overlap. Recommended action: Perform additional document verification. Final decision must be made by the authorized official."
FRA0688,Chhattisgarh,Surguja,23.037554,83.181892,NO,0,LOW,,,Normal,"Claim FRA0688 from Surguja, Chhattisgarh has a risk score of 0/100 (LOW). No major risk indicators were detected for this claim. Key factors: . Recommended action: No immediate action required. Final decision must be made by the authorized official."
FRA0689,Madhya Pradesh,Mandla,22.595057,80.286117,NO,5,LOW,Multiple previous rejections,,Normal,"Claim FRA0689 from Mandla, Madhya Pradesh has a risk score of 5/100 (LOW). No major risk indicators were detected for this claim. Key factors: Multiple previous rejections. Recommended action: No immediate action required. Final decision must be made by the authorized official."
FRA0690,Odisha,Keonjhar,21.659166,85.517459,NO,20,LOW,Moderate claim overlap | Multiple previous rejections,,Normal,"Claim FRA0690 from Keonjhar, Odisha has a risk score of 20/100 (LOW). No major risk indicators were detected for this claim. Key factors: Moderate claim overlap | Multiple previous rejections. Recommended action: No immediate action required. Final decision must be made by the authorized official."
FRA0691,Maharashtra,Nashik,20.09906,73.709879,NO,25,LOW,High claim overlap,,Normal,"Claim FRA0691 from Nashik, Maharashtra has a risk score of 25/100 (LOW). No major risk indicators were detected for this claim. Key factors: High claim overlap. Recommended action: No immediate action required. Final decision must be made by the authorized official."
FRA0692,Maharashtra,Nandurbar,21.307396,74.360887,NO,30,LOW,High claim overlap | Multiple previous rejections,,Normal,"Claim FRA0692 from Nandurbar, Maharashtra has a risk score of 30/100 (LOW). No major risk indicators were detected for this claim. Key factors: High claim overlap | Multiple previous rejections. Recommended action: No immediate action required. Final decision must be made by the authorized official."
FRA0693,Maharashtra,Gadchiroli,20.168963,80.03888,NO,0,LOW,,,Normal,"Claim FRA0693 from Gadchiroli, Maharashtra has a risk score of 0/100 (LOW). No major risk indicators were detected for this claim. Key factors: . Recommended action: No immediate action required. Final decision must be made by the authorized official."
FRA0694,Odisha,Koraput,18.919309,82.68006,NO,0,LOW,,,Normal,"Claim FRA0694 from Koraput, Odisha has a risk score of 0/100 (LOW). No major risk indicators were detected for this claim. Key factors: . Recommended action: No immediate action required. Final decision must be made by the authorized official."
FRA0695,Odisha,Keonjhar,21.599451,85.530485,NO,15,LOW,Moderate claim overlap,,Normal,"Claim FRA0695 from Keonjhar, Odisha has a risk score of 15/100 (LOW). No major risk indicators were detected for this claim. Key factors: Moderate claim overlap. Recommended action: No immediate action required. Final decision must be made by the authorized official."
FRA0696,Odisha,Keonjhar,21.761264,85.660308,NO,15,LOW,Moderate claim overlap,,Normal,"Claim FRA0696 from Keonjhar, Odisha has a risk score of 15/100 (LOW). No major risk indicators were detected for this claim. Key factors: Moderate claim overlap. Recommended action: No immediate action required. Final decision must be made by the authorized official."
FRA0697,Jharkhand,Gumla,23.074172,84.520145,NO,20,LOW,Moderate claim overlap | Multiple previous rejections,,Normal,"Claim FRA0697 from Gumla, Jharkhand has a risk score of 20/100 (LOW). No major risk indicators were detected for this claim. Key factors: Moderate claim overlap | Multiple previous rejections. Recommended action: No immediate action required. Final decision must be made by the authorized official."
FRA0698,Chhattisgarh,Bastar,19.036246,81.978238,NO,25,LOW,High claim overlap,,Normal,"Claim FRA0698 from Bastar, Chhattisgarh has a risk score of 25/100 (LOW). No major risk indicators were detected for this claim. Key factors: High claim overlap. Recommended action: No immediate action required. Final decision must be made by the authorized official."
FRA0699,Odisha,Mayurbhanj,21.930997,86.588362,NO,20,LOW,Long processing delay | Multiple previous rejections,,Normal,"Claim FRA0699 from Mayurbhanj, Odisha has a risk score of 20/100 (LOW). No major risk indicators were detected for this claim. Key factors: Long processing delay | Multiple previous rejections. Recommended action: No immediate action required. Final decision must be made by the authorized official."
FRA0700,Chhattisgarh,Bastar,18.967025,81.837825,NO,30,LOW,High claim overlap | Multiple previous rejections,,Normal,"Claim FRA0700 from Bastar, Chhattisgarh has a risk score of 30/100 (LOW). No major risk indicators were detected for this claim. Key factors: High claim overlap | Multiple previous rejections. Recommended action: No immediate action required. Final decision must be made by the authorized official."
FRA0701,Maharashtra,Nashik,20.116303,73.715788,NO,0,LOW,,,Normal,"Claim FRA0701 from Nashik, Maharashtra has a risk score of 0/100 (LOW). No major risk indicators were detected for this claim. Key factors: . Recommended action: No immediate action required. Final decision must be made by the authorized official."
FRA0702,Odisha,Mayurbhanj,21.853124,86.633298,NO,0,LOW,,,Normal,"Claim FRA0702 from Mayurbhanj, Odisha has a risk score of 0/100 (LOW). No major risk indicators were detected for this claim. Key factors: . Recommended action: No immediate action required. Final decision must be made by the authorized official."
FRA0703,Odisha,Mayurbhanj,21.986635,86.600628,NO,30,LOW,High claim overlap | Multiple previous rejections,,Normal,"Claim FRA0703 from Mayurbhanj, Odisha has a risk score of 30/100 (LOW). No major risk indicators were detected for this claim. Key factors: High claim overlap | Multiple previous rejections. Recommended action: No immediate action required. Final decision must be made by the authorized official."
FRA0704,Chhattisgarh,Surguja,22.839269,83.250576,NO,0,LOW,,,Normal,"Claim FRA0704 from Surguja, Chhattisgarh has a risk score of 0/100 (LOW). No major risk indicators were detected for this claim. Key factors: . Recommended action: No immediate action required. Final decision must be made by the authorized official."
FRA0705,Maharashtra,Nashik,19.906756,73.861712,NO,0,LOW,,,Normal,"Claim FRA0705 from Nashik, Maharashtra has a risk score of 0/100 (LOW). No major risk indicators were detected for this claim. Key factors: . Recommended action: No immediate action required. Final decision must be made by the authorized official."
FRA0706,Odisha,Mayurbhanj,21.845132,86.671953,NO,40,MEDIUM,Long processing delay | High claim overlap,,Moderate,"Claim FRA0706 from Mayurbhanj, Odisha has a risk score of 40/100 (MEDIUM). This claim has some risk indicators and may require additional verification. Key factors: Long processing delay | High claim overlap. Recommended action: Perform additional document verification. Final decision must be made by the authorized official."
FRA0707,Chhattisgarh,Kanker,20.186054,81.368466,NO,30,LOW,High claim overlap | Multiple previous rejections,,Normal,"Claim FRA0707 from Kanker, Chhattisgarh has a risk score of 30/100 (LOW). No major risk indicators were detected for this claim. Key factors: High claim overlap | Multiple previous rejections. Recommended action: No immediate action required. Final decision must be made by the authorized official."
FRA0708,Odisha,Keonjhar,21.534348,85.522621,NO,20,LOW,Moderate claim overlap | Multiple previous rejections,,Normal,"Claim FRA0708 from Keonjhar, Odisha has a risk score of 20/100 (LOW). No major risk indicators were detected for this claim. Key factors: Moderate claim overlap | Multiple previous rejections. Recommended action: No immediate action required. Final decision must be made by the authorized official."
FRA0709,Odisha,Mayurbhanj,21.87643,86.773652,NO,30,LOW,Long processing delay | Moderate claim overlap,,Normal,"Claim FRA0709 from Mayurbhanj, Odisha has a risk score of 30/100 (LOW). No major risk indicators were detected for this claim. Key factors: Long processing delay | Moderate claim overlap. Recommended action: No immediate action required. Final decision must be made by the authorized official."
FRA0710,Madhya Pradesh,Dindori,22.952966,81.087874,NO,15,LOW,Long processing delay,,Normal,"Claim FRA0710 from Dindori, Madhya Pradesh has a risk score of 15/100 (LOW). No major risk indicators were detected for this claim. Key factors: Long processing delay. Recommended action: No immediate action required. Final decision must be made by the authorized official."
FRA0711,Madhya Pradesh,Balaghat,21.762191,80.166033,NO,45,MEDIUM,Long processing delay | High claim overlap | Multiple previous rejections,,Moderate,"Claim FRA0711 from Balaghat, Madhya Pradesh has a risk score of 45/100 (MEDIUM). This claim has some risk indicators and may require additional verification. Key factors: Long processing delay | High claim overlap | Multiple previous rejections. Recommended action: Perform additional document verification. Final decision must be made by the authorized official."
FRA0712,Jharkhand,Gumla,23.074785,84.667728,NO,30,LOW,Long processing delay | Moderate claim overlap,,Normal,"Claim FRA0712 from Gumla, Jharkhand has a risk score of 30/100 (LOW). No major risk indicators were detected for this claim. Key factors: Long processing delay | Moderate claim overlap. Recommended action: No immediate action required. Final decision must be made by the authorized official."
FRA0713,Chhattisgarh,Surguja,22.811375,83.267263,NO,35,MEDIUM,Long processing delay | Moderate claim overlap | Multiple previous rejections,,Moderate,"Claim FRA0713 from Surguja, Chhattisgarh has a risk score of 35/100 (MEDIUM). This claim has some risk indicators and may require additional verification. Key factors: Long processing delay | Moderate claim overlap | Multiple previous rejections. Recommended action: Perform additional document verification. Final decision must be made by the authorized official."
FRA0714,Chhattisgarh,Surguja,22.976061,83.131236,NO,35,MEDIUM,Long processing delay | Moderate claim overlap | Multiple previous rejections,,Moderate,"Claim FRA0714 from Surguja, Chhattisgarh has a risk score of 35/100 (MEDIUM). This claim has some risk indicators and may require additional verification. Key factors: Long processing delay | Moderate claim overlap | Multiple previous rejections. Recommended action: Perform additional document verification. Final decision must be made by the authorized official."
FRA0715,Chhattisgarh,Bastar,18.98239,82.033045,NO,15,LOW,Long processing delay,,Normal,"Claim FRA0715 from Bastar, Chhattisgarh has a risk score of 15/100 (LOW). No major risk indicators were detected for this claim. Key factors: Long processing delay. Recommended action: No immediate action required. Final decision must be made by the authorized official."
FRA0716,Jharkhand,Simdega,22.548312,84.422816,NO,15,LOW,Moderate claim overlap,,Normal,"Claim FRA0716 from Simdega, Jharkhand has a risk score of 15/100 (LOW). No major risk indicators were detected for this claim. Key factors: Moderate claim overlap. Recommended action: No immediate action required. Final decision must be made by the authorized official."
FRA0717,Maharashtra,Nashik,20.092533,73.647463,NO,15,LOW,Long processing delay,,Normal,"Claim FRA0717 from Nashik, Maharashtra has a risk score of 15/100 (LOW). No major risk indicators were detected for this claim. Key factors: Long processing delay. Recommended action: No immediate action required. Final decision must be made by the authorized official."
FRA0718,Jharkhand,Simdega,22.644099,84.427625,NO,20,LOW,Long processing delay | Multiple previous rejections,,Normal,"Claim FRA0718 from Simdega, Jharkhand has a risk score of 20/100 (LOW). No major risk indicators were detected for this claim. Key factors: Long processing delay | Multiple previous rejections. Recommended action: No immediate action required. Final decision must be made by the authorized official."
FRA0719,Jharkhand,Gumla,23.136907,84.667744,NO,0,LOW,,,Normal,"Claim FRA0719 from Gumla, Jharkhand has a risk score of 0/100 (LOW). No major risk indicators were detected for this claim. Key factors: . Recommended action: No immediate action required. Final decision must be made by the authorized official."
FRA0720,Maharashtra,Nandurbar,21.25023,74.214654,NO,20,LOW,Long processing delay | Multiple previous rejections,,Normal,"Claim FRA0720 from Nandurbar, Maharashtra has a risk score of 20/100 (LOW). No major risk indicators were detected for this claim. Key factors: Long processing delay | Multiple previous rejections. Recommended action: No immediate action required. Final decision must be made by the authorized official."
FRA0721,Chhattisgarh,Kanker,20.34241,81.53085,NO,30,LOW,Long processing delay | Moderate claim overlap,,Normal,"Claim FRA0721 from Kanker, Chhattisgarh has a risk score of 30/100 (LOW). No major risk indicators were detected for this claim. Key factors: Long processing delay | Moderate claim overlap. Recommended action: No immediate action required. Final decision must be made by the authorized official."
FRA0722,Maharashtra,Gadchiroli,20.118885,80.076215,NO,0,LOW,,,Normal,"Claim FRA0722 from Gadchiroli, Maharashtra has a risk score of 0/100 (LOW). No major risk indicators were detected for this claim. Key factors: . Recommended action: No immediate action required. Final decision must be made by the authorized official."
FRA0723,Odisha,Koraput,18.924145,82.607622,YES,10,LOW,ML anomaly detected,,Normal,"Claim FRA0723 from Koraput, Odisha has a risk score of 10/100 (LOW). No major risk indicators were detected for this claim. Key factors: ML anomaly detected. Recommended action: No immediate action required. Final decision must be made by the authorized official."
FRA0724,Madhya Pradesh,Mandla,22.503103,80.337815,NO,30,LOW,Long processing delay | Moderate claim overlap,,Normal,"Claim FRA0724 from Mandla, Madhya Pradesh has a risk score of 30/100 (LOW). No major risk indicators were detected for this claim. Key factors: Long processing delay | Moderate claim overlap. Recommended action: No immediate action required. Final decision must be made by the authorized official."
FRA0725,Jharkhand,Gumla,22.89801,84.562124,NO,20,LOW,Long processing delay | Multiple previous rejections,,Normal,"Claim FRA0725 from Gumla, Jharkhand has a risk score of 20/100 (LOW). No major risk indicators were detected for this claim. Key factors: Long processing delay | Multiple previous rejections. Recommended action: No immediate action required. Final decision must be made by the authorized official."
FRA0726,Maharashtra,Nandurbar,21.377399,74.230874,NO,15,LOW,Moderate claim overlap,,Normal,"Claim FRA0726 from Nandurbar, Maharashtra has a risk score of 15/100 (LOW). No major risk indicators were detected for this claim. Key factors: Moderate claim overlap. Recommended action: No immediate action required. Final decision must be made by the authorized official."
FRA0727,Odisha,Koraput,18.693051,82.753104,NO,0,LOW,,,Normal,"Claim FRA0727 from Koraput, Odisha has a risk score of 0/100 (LOW). No major risk indicators were detected for this claim. Key factors: . Recommended action: No immediate action required. Final decision must be made by the authorized official."
FRA0728,Madhya Pradesh,Balaghat,21.656688,80.187294,NO,45,MEDIUM,Long processing delay | High claim overlap | Multiple previous rejections,,Moderate,"Claim FRA0728 from Balaghat, Madhya Pradesh has a risk score of 45/100 (MEDIUM). This claim has some risk indicators and may require additional verification. Key factors: Long processing delay | High claim overlap | Multiple previous rejections. Recommended action: Perform additional document verification. Final decision must be made by the authorized official."
FRA0729,Chhattisgarh,Bastar,19.146313,82.093145,YES,30,LOW,Long processing delay | Multiple previous rejections | ML anomaly detected,,Normal,"Claim FRA0729 from Bastar, Chhattisgarh has a risk score of 30/100 (LOW). No major risk indicators were detected for this claim. Key factors: Long processing delay | Multiple previous rejections | ML anomaly detected. Recommended action: No immediate action required. Final decision must be made by the authorized official."
FRA0730,Madhya Pradesh,Mandla,22.736795,80.252718,NO,5,LOW,Multiple previous rejections,,Normal,"Claim FRA0730 from Mandla, Madhya Pradesh has a risk score of 5/100 (LOW). No major risk indicators were detected for this claim. Key factors: Multiple previous rejections. Recommended action: No immediate action required. Final decision must be made by the authorized official."
FRA0731,Chhattisgarh,Bastar,18.99765,81.844329,NO,45,MEDIUM,Long processing delay | High claim overlap | Multiple previous rejections,,Moderate,"Claim FRA0731 from Bastar, Chhattisgarh has a risk score of 45/100 (MEDIUM). This claim has some risk indicators and may require additional verification. Key factors: Long processing delay | High claim overlap | Multiple previous rejections. Recommended action: Perform additional document verification. Final decision must be made by the authorized official."
FRA0732,Chhattisgarh,Surguja,22.800963,83.332617,NO,5,LOW,Multiple previous rejections,,Normal,"Claim FRA0732 from Surguja, Chhattisgarh has a risk score of 5/100 (LOW). No major risk indicators were detected for this claim. Key factors: Multiple previous rejections. Recommended action: No immediate action required. Final decision must be made by the authorized official."
FRA0733,Chhattisgarh,Bastar,19.060006,81.831926,NO,25,LOW,High claim overlap,,Normal,"Claim FRA0733 from Bastar, Chhattisgarh has a risk score of 25/100 (LOW). No major risk indicators were detected for this claim. Key factors: High claim overlap. Recommended action: No immediate action required. Final decision must be made by the authorized official."
FRA0734,Jharkhand,Ranchi,23.375941,85.447988,NO,15,LOW,Long processing delay,,Normal,"Claim FRA0734 from Ranchi, Jharkhand has a risk score of 15/100 (LOW). No major risk indicators were detected for this claim. Key factors: Long processing delay. Recommended action: No immediate action required. Final decision must be made by the authorized official."
FRA0735,Odisha,Keonjhar,21.607368,85.638802,NO,45,MEDIUM,Long processing delay | High claim overlap | Multiple previous rejections,,Moderate,"Claim FRA0735 from Keonjhar, Odisha has a risk score of 45/100 (MEDIUM). This claim has some risk indicators and may require additional verification. Key factors: Long processing delay | High claim overlap | Multiple previous rejections. Recommended action: Perform additional document verification. Final decision must be made by the authorized official."
FRA0736,Odisha,Mayurbhanj,22.017111,86.781583,NO,15,LOW,Long processing delay,,Normal,"Claim FRA0736 from Mayurbhanj, Odisha has a risk score of 15/100 (LOW). No major risk indicators were detected for this claim. Key factors: Long processing delay. Recommended action: No immediate action required. Final decision must be made by the authorized official."
FRA0737,Maharashtra,Gadchiroli,20.052459,80.06102,NO,20,LOW,Moderate claim overlap | Multiple previous rejections,,Normal,"Claim FRA0737 from Gadchiroli, Maharashtra has a risk score of 20/100 (LOW). No major risk indicators were detected for this claim. Key factors: Moderate claim overlap | Multiple previous rejections. Recommended action: No immediate action required. Final decision must be made by the authorized official."
FRA0738,Madhya Pradesh,Balaghat,21.868344,80.324342,NO,20,LOW,Moderate claim overlap | Multiple previous rejections,,Normal,"Claim FRA0738 from Balaghat, Madhya Pradesh has a risk score of 20/100 (LOW). No major risk indicators were detected for this claim. Key factors: Moderate claim overlap | Multiple previous rejections. Recommended action: No immediate action required. Final decision must be made by the authorized official."
FRA0739,Madhya Pradesh,Balaghat,21.692763,80.14538,NO,30,LOW,Long processing delay | Moderate claim overlap,,Normal,"Claim FRA0739 from Balaghat, Madhya Pradesh has a risk score of 30/100 (LOW). No major risk indicators were detected for this claim. Key factors: Long processing delay | Moderate claim overlap. Recommended action: No immediate action required. Final decision must be made by the authorized official."
FRA0740,Odisha,Koraput,18.697433,82.777399,NO,15,LOW,Long processing delay,,Normal,"Claim FRA0740 from Koraput, Odisha has a risk score of 15/100 (LOW). No major risk indicators were detected for this claim. Key factors: Long processing delay. Recommended action: No immediate action required. Final decision must be made by the authorized official."
FRA0741,Chhattisgarh,Kanker,20.410255,81.427967,NO,15,LOW,Moderate claim overlap,,Normal,"Claim FRA0741 from Kanker, Chhattisgarh has a risk score of 15/100 (LOW). No major risk indicators were detected for this claim. Key factors: Moderate claim overlap. Recommended action: No immediate action required. Final decision must be made by the authorized official."
FRA0742,Chhattisgarh,Kanker,20.338171,81.435089,NO,30,LOW,High claim overlap | Multiple previous rejections,,Normal,"Claim FRA0742 from Kanker, Chhattisgarh has a risk score of 30/100 (LOW). No major risk indicators were detected for this claim. Key factors: High claim overlap | Multiple previous rejections. Recommended action: No immediate action required. Final decision must be made by the authorized official."
FRA0743,Madhya Pradesh,Mandla,22.683354,80.505819,NO,5,LOW,Multiple previous rejections,,Normal,"Claim FRA0743 from Mandla, Madhya Pradesh has a risk score of 5/100 (LOW). No major risk indicators were detected for this claim. Key factors: Multiple previous rejections. Recommended action: No immediate action required. Final decision must be made by the authorized official."
FRA0744,Odisha,Mayurbhanj,21.907201,86.621743,NO,45,MEDIUM,Long processing delay | High claim overlap | Multiple previous rejections,,Moderate,"Claim FRA0744 from Mayurbhanj, Odisha has a risk score of 45/100 (MEDIUM). This claim has some risk indicators and may require additional verification. Key factors: Long processing delay | High claim overlap | Multiple previous rejections. Recommended action: Perform additional document verification. Final decision must be made by the authorized official."
FRA0745,Jharkhand,Simdega,22.607293,84.384501,NO,35,MEDIUM,Long processing delay | Moderate claim overlap | Multiple previous rejections,,Moderate,"Claim FRA0745 from Simdega, Jharkhand has a risk score of 35/100 (MEDIUM). This claim has some risk indicators and may require additional verification. Key factors: Long processing delay | Moderate claim overlap | Multiple previous rejections. Recommended action: Perform additional document verification. Final decision must be made by the authorized official."
FRA0746,Madhya Pradesh,Dindori,23.045682,81.028226,NO,15,LOW,Long processing delay,,Normal,"Claim FRA0746 from Dindori, Madhya Pradesh has a risk score of 15/100 (LOW). No major risk indicators were detected for this claim. Key factors: Long processing delay. Recommended action: No immediate action required. Final decision must be made by the authorized official."
FRA0747,Maharashtra,Gadchiroli,20.270953,80.002973,NO,35,MEDIUM,Long processing delay | Moderate claim overlap | Multiple previous rejections,,Moderate,"Claim FRA0747 from Gadchiroli, Maharashtra has a risk score of 35/100 (MEDIUM). This claim has some risk indicators and may require additional verification. Key factors: Long processing delay | Moderate claim overlap | Multiple previous rejections. Recommended action: Perform additional document verification. Final decision must be made by the authorized official."
FRA0748,Jharkhand,Ranchi,23.486333,85.307799,NO,0,LOW,,,Normal,"Claim FRA0748 from Ranchi, Jharkhand has a risk score of 0/100 (LOW). No major risk indicators were detected for this claim. Key factors: . Recommended action: No immediate action required. Final decision must be made by the authorized official."
FRA0749,Madhya Pradesh,Dindori,22.862229,81.185698,NO,35,MEDIUM,Long processing delay | Moderate claim overlap | Multiple previous rejections,,Moderate,"Claim FRA0749 from Dindori, Madhya Pradesh has a risk score of 35/100 (MEDIUM). This claim has some risk indicators and may require additional verification. Key factors: Long processing delay | Moderate claim overlap | Multiple previous rejections. Recommended action: Perform additional document verification. Final decision must be made by the authorized official."
FRA0750,Madhya Pradesh,Dindori,22.826568,81.110165,NO,20,LOW,Moderate claim overlap | Multiple previous rejections,,Normal,"Claim FRA0750 from Dindori, Madhya Pradesh has a risk score of 20/100 (LOW). No major risk indicators were detected for this claim. Key factors: Moderate claim overlap | Multiple previous rejections. Recommended action: No immediate action required. Final decision must be made by the authorized official."
FRA0751,Chhattisgarh,Surguja,23.02175,83.347055,NO,15,LOW,Moderate claim overlap,,Normal,"Claim FRA0751 from Surguja, Chhattisgarh has a risk score of 15/100 (LOW). No major risk indicators were detected for this claim. Key factors: Moderate claim overlap. Recommended action: No immediate action required. Final decision must be made by the authorized official."
FRA0752,Jharkhand,Simdega,22.674135,84.631667,NO,15,LOW,Moderate claim overlap,,Normal,"Claim FRA0752 from Simdega, Jharkhand has a risk score of 15/100 (LOW). No major risk indicators were detected for this claim. Key factors: Moderate claim overlap. Recommended action: No immediate action required. Final decision must be made by the authorized official."
FRA0753,Chhattisgarh,Surguja,22.759922,83.06783,NO,30,LOW,Long processing delay | Moderate claim overlap,,Normal,"Claim FRA0753 from Surguja, Chhattisgarh has a risk score of 30/100 (LOW). No major risk indicators were detected for this claim. Key factors: Long processing delay | Moderate claim overlap. Recommended action: No immediate action required. Final decision must be made by the authorized official."
FRA0754,Chhattisgarh,Kanker,20.294332,81.437578,NO,45,MEDIUM,Long processing delay | High claim overlap | Multiple previous rejections,,Moderate,"Claim FRA0754 from Kanker, Chhattisgarh has a risk score of 45/100 (MEDIUM). This claim has some risk indicators and may require additional verification. Key factors: Long processing delay | High claim overlap | Multiple previous rejections. Recommended action: Perform additional document verification. Final decision must be made by the authorized official."
FRA0755,Maharashtra,Gadchiroli,20.205876,79.864259,NO,30,LOW,High claim overlap | Multiple previous rejections,,Normal,"Claim FRA0755 from Gadchiroli, Maharashtra has a risk score of 30/100 (LOW). No major risk indicators were detected for this claim. Key factors: High claim overlap | Multiple previous rejections. Recommended action: No immediate action required. Final decision must be made by the authorized official."
FRA0756,Maharashtra,Nandurbar,21.277165,74.181142,NO,0,LOW,,,Normal,"Claim FRA0756 from Nandurbar, Maharashtra has a risk score of 0/100 (LOW). No major risk indicators were detected for this claim. Key factors: . Recommended action: No immediate action required. Final decision must be made by the authorized official."
FRA0757,Odisha,Mayurbhanj,21.98989,86.592736,NO,15,LOW,Moderate claim overlap,,Normal,"Claim FRA0757 from Mayurbhanj, Odisha has a risk score of 15/100 (LOW). No major risk indicators were detected for this claim. Key factors: Moderate claim overlap. Recommended action: No immediate action required. Final decision must be made by the authorized official."
FRA0758,Maharashtra,Nashik,19.968915,73.693933,NO,30,LOW,High claim overlap | Multiple previous rejections,,Normal,"Claim FRA0758 from Nashik, Maharashtra has a risk score of 30/100 (LOW). No major risk indicators were detected for this claim. Key factors: High claim overlap | Multiple previous rejections. Recommended action: No immediate action required. Final decision must be made by the authorized official."
FRA0759,Madhya Pradesh,Dindori,23.039624,81.040709,NO,25,LOW,High claim overlap,,Normal,"Claim FRA0759 from Dindori, Madhya Pradesh has a risk score of 25/100 (LOW). No major risk indicators were detected for this claim. Key factors: High claim overlap. Recommended action: No immediate action required. Final decision must be made by the authorized official."
FRA0760,Odisha,Koraput,18.770849,82.767634,NO,15,LOW,Moderate claim overlap,,Normal,"Claim FRA0760 from Koraput, Odisha has a risk score of 15/100 (LOW). No major risk indicators were detected for this claim. Key factors: Moderate claim overlap. Recommended action: No immediate action required. Final decision must be made by the authorized official."
FRA0761,Odisha,Mayurbhanj,21.870334,86.853051,NO,0,LOW,,,Normal,"Claim FRA0761 from Mayurbhanj, Odisha has a risk score of 0/100 (LOW). No major risk indicators were detected for this claim. Key factors: . Recommended action: No immediate action required. Final decision must be made by the authorized official."
FRA0762,Jharkhand,Ranchi,23.413269,85.455159,NO,5,LOW,Multiple previous rejections,,Normal,"Claim FRA0762 from Ranchi, Jharkhand has a risk score of 5/100 (LOW). No major risk indicators were detected for this claim. Key factors: Multiple previous rejections. Recommended action: No immediate action required. Final decision must be made by the authorized official."
FRA0763,Chhattisgarh,Kanker,20.230786,81.344284,YES,50,MEDIUM,Long processing delay | High claim overlap | ML anomaly detected,,Moderate,"Claim FRA0763 from Kanker, Chhattisgarh has a risk score of 50/100 (MEDIUM). This claim has some risk indicators and may require additional verification. Key factors: Long processing delay | High claim overlap | ML anomaly detected. Recommended action: Perform additional document verification. Final decision must be made by the authorized official."
FRA0764,Madhya Pradesh,Balaghat,21.823507,80.204418,NO,5,LOW,Multiple previous rejections,,Normal,"Claim FRA0764 from Balaghat, Madhya Pradesh has a risk score of 5/100 (LOW). No major risk indicators were detected for this claim. Key factors: Multiple previous rejections. Recommended action: No immediate action required. Final decision must be made by the authorized official."
FRA0765,Jharkhand,Ranchi,23.261295,85.25601,NO,20,LOW,Moderate claim overlap | Multiple previous rejections,,Normal,"Claim FRA0765 from Ranchi, Jharkhand has a risk score of 20/100 (LOW). No major risk indicators were detected for this claim. Key factors: Moderate claim overlap | Multiple previous rejections. Recommended action: No immediate action required. Final decision must be made by the authorized official."
FRA0766,Madhya Pradesh,Mandla,22.629486,80.343589,NO,0,LOW,,,Normal,"Claim FRA0766 from Mandla, Madhya Pradesh has a risk score of 0/100 (LOW). No major risk indicators were detected for this claim. Key factors: . Recommended action: No immediate action required. Final decision must be made by the authorized official."
FRA0767,Chhattisgarh,Kanker,20.362262,81.578051,NO,35,MEDIUM,Long processing delay | Moderate claim overlap | Multiple previous rejections,,Moderate,"Claim FRA0767 from Kanker, Chhattisgarh has a risk score of 35/100 (MEDIUM). This claim has some risk indicators and may require additional verification. Key factors: Long processing delay | Moderate claim overlap | Multiple previous rejections. Recommended action: Perform additional document verification. Final decision must be made by the authorized official."
FRA0768,Madhya Pradesh,Mandla,22.721255,80.282618,NO,20,LOW,Long processing delay | Multiple previous rejections,,Normal,"Claim FRA0768 from Mandla, Madhya Pradesh has a risk score of 20/100 (LOW). No major risk indicators were detected for this claim. Key factors: Long processing delay | Multiple previous rejections. Recommended action: No immediate action required. Final decision must be made by the authorized official."
FRA0769,Jharkhand,Ranchi,23.467183,85.220177,NO,20,LOW,Long processing delay | Multiple previous rejections,,Normal,"Claim FRA0769 from Ranchi, Jharkhand has a risk score of 20/100 (LOW). No major risk indicators were detected for this claim. Key factors: Long processing delay | Multiple previous rejections. Recommended action: No immediate action required. Final decision must be made by the authorized official."
FRA0770,Madhya Pradesh,Balaghat,21.901898,80.31012,NO,20,LOW,Moderate claim overlap | Multiple previous rejections,,Normal,"Claim FRA0770 from Balaghat, Madhya Pradesh has a risk score of 20/100 (LOW). No major risk indicators were detected for this claim. Key factors: Moderate claim overlap | Multiple previous rejections. Recommended action: No immediate action required. Final decision must be made by the authorized official."
FRA0771,Maharashtra,Gadchiroli,20.15036,80.075929,NO,30,LOW,High claim overlap | Multiple previous rejections,,Normal,"Claim FRA0771 from Gadchiroli, Maharashtra has a risk score of 30/100 (LOW). No major risk indicators were detected for this claim. Key factors: High claim overlap | Multiple previous rejections. Recommended action: No immediate action required. Final decision must be made by the authorized official."
FRA0772,Jharkhand,Simdega,22.59633,84.467423,NO,20,LOW,Long processing delay | Multiple previous rejections,,Normal,"Claim FRA0772 from Simdega, Jharkhand has a risk score of 20/100 (LOW). No major risk indicators were detected for this claim. Key factors: Long processing delay | Multiple previous rejections. Recommended action: No immediate action required. Final decision must be made by the authorized official."
FRA0773,Chhattisgarh,Bastar,19.053536,82.070752,NO,5,LOW,Multiple previous rejections,,Normal,"Claim FRA0773 from Bastar, Chhattisgarh has a risk score of 5/100 (LOW). No major risk indicators were detected for this claim. Key factors: Multiple previous rejections. Recommended action: No immediate action required. Final decision must be made by the authorized official."
FRA0774,Jharkhand,Simdega,22.753718,84.641874,NO,30,LOW,High claim overlap | Multiple previous rejections,,Normal,"Claim FRA0774 from Simdega, Jharkhand has a risk score of 30/100 (LOW). No major risk indicators were detected for this claim. Key factors: High claim overlap | Multiple previous rejections. Recommended action: No immediate action required. Final decision must be made by the authorized official."
FRA0775,Maharashtra,Nashik,19.990539,73.665254,NO,25,LOW,High claim overlap,,Normal,"Claim FRA0775 from Nashik, Maharashtra has a risk score of 25/100 (LOW). No major risk indicators were detected for this claim. Key factors: High claim overlap. Recommended action: No immediate action required. Final decision must be made by the authorized official."
FRA0776,Maharashtra,Gadchiroli,20.290258,79.977372,YES,15,LOW,Multiple previous rejections | ML anomaly detected,,Normal,"Claim FRA0776 from Gadchiroli, Maharashtra has a risk score of 15/100 (LOW). No major risk indicators were detected for this claim. Key factors: Multiple previous rejections | ML anomaly detected. Recommended action: No immediate action required. Final decision must be made by the authorized official."
FRA0777,Chhattisgarh,Kanker,20.39498,81.601129,NO,0,LOW,,,Normal,"Claim FRA0777 from Kanker, Chhattisgarh has a risk score of 0/100 (LOW). No major risk indicators were detected for this claim. Key factors: . Recommended action: No immediate action required. Final decision must be made by the authorized official."
FRA0778,Maharashtra,Nashik,19.989391,73.898164,NO,20,LOW,Long processing delay | Multiple previous rejections,,Normal,"Claim FRA0778 from Nashik, Maharashtra has a risk score of 20/100 (LOW). No major risk indicators were detected for this claim. Key factors: Long processing delay | Multiple previous rejections. Recommended action: No immediate action required. Final decision must be made by the authorized official."
FRA0779,Maharashtra,Gadchiroli,20.141691,79.864023,NO,15,LOW,Moderate claim overlap,,Normal,"Claim FRA0779 from Gadchiroli, Maharashtra has a risk score of 15/100 (LOW). No major risk indicators were detected for this claim. Key factors: Moderate claim overlap. Recommended action: No immediate action required. Final decision must be made by the authorized official."
FRA0780,Maharashtra,Nandurbar,21.438926,74.25456,NO,0,LOW,,,Normal,"Claim FRA0780 from Nandurbar, Maharashtra has a risk score of 0/100 (LOW). No major risk indicators were detected for this claim. Key factors: . Recommended action: No immediate action required. Final decision must be made by the authorized official."
FRA0781,Madhya Pradesh,Dindori,22.948155,80.978743,NO,35,MEDIUM,Long processing delay | Moderate claim overlap | Multiple previous rejections,,Moderate,"Claim FRA0781 from Dindori, Madhya Pradesh has a risk score of 35/100 (MEDIUM). This claim has some risk indicators and may require additional verification. Key factors: Long processing delay | Moderate claim overlap | Multiple previous rejections. Recommended action: Perform additional document verification. Final decision must be made by the authorized official."
FRA0782,Odisha,Keonjhar,21.535488,85.455975,YES,10,LOW,ML anomaly detected,,Normal,"Claim FRA0782 from Keonjhar, Odisha has a risk score of 10/100 (LOW). No major risk indicators were detected for this claim. Key factors: ML anomaly detected. Recommended action: No immediate action required. Final decision must be made by the authorized official."
FRA0783,Odisha,Mayurbhanj,21.922481,86.854171,NO,5,LOW,Multiple previous rejections,,Normal,"Claim FRA0783 from Mayurbhanj, Odisha has a risk score of 5/100 (LOW). No major risk indicators were detected for this claim. Key factors: Multiple previous rejections. Recommended action: No immediate action required. Final decision must be made by the authorized official."
FRA0784,Odisha,Mayurbhanj,21.924001,86.817824,NO,15,LOW,Long processing delay,,Normal,"Claim FRA0784 from Mayurbhanj, Odisha has a risk score of 15/100 (LOW). No major risk indicators were detected for this claim. Key factors: Long processing delay. Recommended action: No immediate action required. Final decision must be made by the authorized official."
FRA0785,Maharashtra,Nandurbar,21.303455,74.187127,NO,25,LOW,High claim overlap,,Normal,"Claim FRA0785 from Nandurbar, Maharashtra has a risk score of 25/100 (LOW). No major risk indicators were detected for this claim. Key factors: High claim overlap. Recommended action: No immediate action required. Final decision must be made by the authorized official."
FRA0786,Jharkhand,Ranchi,23.236387,85.331798,NO,15,LOW,Long processing delay,,Normal,"Claim FRA0786 from Ranchi, Jharkhand has a risk score of 15/100 (LOW). No major risk indicators were detected for this claim. Key factors: Long processing delay. Recommended action: No immediate action required. Final decision must be made by the authorized official."
FRA0787,Chhattisgarh,Kanker,20.318936,81.469095,NO,0,LOW,,,Normal,"Claim FRA0787 from Kanker, Chhattisgarh has a risk score of 0/100 (LOW). No major risk indicators were detected for this claim. Key factors: . Recommended action: No immediate action required. Final decision must be made by the authorized official."
FRA0788,Jharkhand,Ranchi,23.209564,85.16614,NO,0,LOW,,,Normal,"Claim FRA0788 from Ranchi, Jharkhand has a risk score of 0/100 (LOW). No major risk indicators were detected for this claim. Key factors: . Recommended action: No immediate action required. Final decision must be made by the authorized official."
FRA0789,Odisha,Koraput,18.804225,82.789636,NO,35,MEDIUM,Long processing delay | Moderate claim overlap | Multiple previous rejections,,Moderate,"Claim FRA0789 from Koraput, Odisha has a risk score of 35/100 (MEDIUM). This claim has some risk indicators and may require additional verification. Key factors: Long processing delay | Moderate claim overlap | Multiple previous rejections. Recommended action: Perform additional document verification. Final decision must be made by the authorized official."
FRA0790,Chhattisgarh,Surguja,22.83384,83.302241,NO,0,LOW,,,Normal,"Claim FRA0790 from Surguja, Chhattisgarh has a risk score of 0/100 (LOW). No major risk indicators were detected for this claim. Key factors: . Recommended action: No immediate action required. Final decision must be made by the authorized official."
FRA0791,Maharashtra,Gadchiroli,20.038479,80.080596,NO,20,LOW,Long processing delay | Multiple previous rejections,,Normal,"Claim FRA0791 from Gadchiroli, Maharashtra has a risk score of 20/100 (LOW). No major risk indicators were detected for this claim. Key factors: Long processing delay | Multiple previous rejections. Recommended action: No immediate action required. Final decision must be made by the authorized official."
FRA0792,Maharashtra,Nashik,19.898539,73.793818,NO,5,LOW,Multiple previous rejections,,Normal,"Claim FRA0792 from Nashik, Maharashtra has a risk score of 5/100 (LOW). No major risk indicators were detected for this claim. Key factors: Multiple previous rejections. Recommended action: No immediate action required. Final decision must be made by the authorized official."
FRA0793,Chhattisgarh,Kanker,20.144105,81.371379,NO,30,LOW,Long processing delay | Moderate claim overlap,,Normal,"Claim FRA0793 from Kanker, Chhattisgarh has a risk score of 30/100 (LOW). No major risk indicators were detected for this claim. Key factors: Long processing delay | Moderate claim overlap. Recommended action: No immediate action required. Final decision must be made by the authorized official."
FRA0794,Chhattisgarh,Kanker,20.17399,81.515311,NO,0,LOW,,,Normal,"Claim FRA0794 from Kanker, Chhattisgarh has a risk score of 0/100 (LOW). No major risk indicators were detected for this claim. Key factors: . Recommended action: No immediate action required. Final decision must be made by the authorized official."
FRA0795,Jharkhand,Gumla,23.103212,84.541155,NO,5,LOW,Multiple previous rejections,,Normal,"Claim FRA0795 from Gumla, Jharkhand has a risk score of 5/100 (LOW). No major risk indicators were detected for this claim. Key factors: Multiple previous rejections. Recommended action: No immediate action required. Final decision must be made by the authorized official."
FRA0796,Jharkhand,Simdega,22.486988,84.505558,NO,5,LOW,Multiple previous rejections,,Normal,"Claim FRA0796 from Simdega, Jharkhand has a risk score of 5/100 (LOW). No major risk indicators were detected for this claim. Key factors: Multiple previous rejections. Recommended action: No immediate action required. Final decision must be made by the authorized official."
FRA0797,Chhattisgarh,Kanker,20.374207,81.454884,NO,20,LOW,Long processing delay | Multiple previous rejections,,Normal,"Claim FRA0797 from Kanker, Chhattisgarh has a risk score of 20/100 (LOW). No major risk indicators were detected for this claim. Key factors: Long processing delay | Multiple previous rejections. Recommended action: No immediate action required. Final decision must be made by the authorized official."
FRA0798,Madhya Pradesh,Balaghat,21.652028,80.144011,NO,20,LOW,Moderate claim overlap | Multiple previous rejections,,Normal,"Claim FRA0798 from Balaghat, Madhya Pradesh has a risk score of 20/100 (LOW). No major risk indicators were detected for this claim. Key factors: Moderate claim overlap | Multiple previous rejections. Recommended action: No immediate action required. Final decision must be made by the authorized official."
FRA0799,Chhattisgarh,Surguja,22.772757,83.272831,NO,25,LOW,High claim overlap,,Normal,"Claim FRA0799 from Surguja, Chhattisgarh has a risk score of 25/100 (LOW). No major risk indicators were detected for this claim. Key factors: High claim overlap. Recommended action: No immediate action required. Final decision must be made by the authorized official."
FRA0800,Jharkhand,Simdega,22.710222,84.414242,NO,20,LOW,Long processing delay | Multiple previous rejections,,Normal,"Claim FRA0800 from Simdega, Jharkhand has a risk score of 20/100 (LOW). No major risk indicators were detected for this claim. Key factors: Long processing delay | Multiple previous rejections. Recommended action: No immediate action required. Final decision must be made by the authorized official."
FRA0801,Chhattisgarh,Kanker,20.24881,81.34738,YES,25,LOW,Long processing delay | ML anomaly detected,,Normal,"Claim FRA0801 from Kanker, Chhattisgarh has a risk score of 25/100 (LOW). No major risk indicators were detected for this claim. Key factors: Long processing delay | ML anomaly detected. Recommended action: No immediate action required. Final decision must be made by the authorized official."
FRA0802,Odisha,Mayurbhanj,22.012799,86.853494,NO,5,LOW,Multiple previous rejections,,Normal,"Claim FRA0802 from Mayurbhanj, Odisha has a risk score of 5/100 (LOW). No major risk indicators were detected for this claim. Key factors: Multiple previous rejections. Recommended action: No immediate action required. Final decision must be made by the authorized official."
FRA0803,Maharashtra,Gadchiroli,20.079456,80.076625,NO,0,LOW,,,Normal,"Claim FRA0803 from Gadchiroli, Maharashtra has a risk score of 0/100 (LOW). No major risk indicators were detected for this claim. Key factors: . Recommended action: No immediate action required. Final decision must be made by the authorized official."
FRA0804,Madhya Pradesh,Mandla,22.643404,80.475687,NO,15,LOW,Moderate claim overlap,,Normal,"Claim FRA0804 from Mandla, Madhya Pradesh has a risk score of 15/100 (LOW). No major risk indicators were detected for this claim. Key factors: Moderate claim overlap. Recommended action: No immediate action required. Final decision must be made by the authorized official."
FRA0805,Jharkhand,Ranchi,23.231288,85.308262,NO,25,LOW,High claim overlap,,Normal,"Claim FRA0805 from Ranchi, Jharkhand has a risk score of 25/100 (LOW). No major risk indicators were detected for this claim. Key factors: High claim overlap. Recommended action: No immediate action required. Final decision must be made by the authorized official."
FRA0806,Chhattisgarh,Surguja,22.909393,83.108239,NO,15,LOW,Long processing delay,,Normal,"Claim FRA0806 from Surguja, Chhattisgarh has a risk score of 15/100 (LOW). No major risk indicators were detected for this claim. Key factors: Long processing delay. Recommended action: No immediate action required. Final decision must be made by the authorized official."
FRA0807,Chhattisgarh,Bastar,18.96984,82.057595,NO,45,MEDIUM,Long processing delay | High claim overlap | Multiple previous rejections,,Moderate,"Claim FRA0807 from Bastar, Chhattisgarh has a risk score of 45/100 (MEDIUM). This claim has some risk indicators and may require additional verification. Key factors: Long processing delay | High claim overlap | Multiple previous rejections. Recommended action: Perform additional document verification. Final decision must be made by the authorized official."
FRA0808,Madhya Pradesh,Mandla,22.547563,80.37291,NO,30,LOW,Long processing delay | Moderate claim overlap,,Normal,"Claim FRA0808 from Mandla, Madhya Pradesh has a risk score of 30/100 (LOW). No major risk indicators were detected for this claim. Key factors: Long processing delay | Moderate claim overlap. Recommended action: No immediate action required. Final decision must be made by the authorized official."
FRA0809,Odisha,Koraput,18.871804,82.713577,NO,25,LOW,High claim overlap,,Normal,"Claim FRA0809 from Koraput, Odisha has a risk score of 25/100 (LOW). No major risk indicators were detected for this claim. Key factors: High claim overlap. Recommended action: No immediate action required. Final decision must be made by the authorized official."
FRA0810,Jharkhand,Gumla,23.096043,84.403355,YES,15,LOW,Multiple previous rejections | ML anomaly detected,,Normal,"Claim FRA0810 from Gumla, Jharkhand has a risk score of 15/100 (LOW). No major risk indicators were detected for this claim. Key factors: Multiple previous rejections | ML anomaly detected. Recommended action: No immediate action required. Final decision must be made by the authorized official."
FRA0811,Odisha,Koraput,18.850319,82.686148,NO,25,LOW,High claim overlap,,Normal,"Claim FRA0811 from Koraput, Odisha has a risk score of 25/100 (LOW). No major risk indicators were detected for this claim. Key factors: High claim overlap. Recommended action: No immediate action required. Final decision must be made by the authorized official."
FRA0812,Maharashtra,Gadchiroli,20.079301,79.951952,NO,0,LOW,,,Normal,"Claim FRA0812 from Gadchiroli, Maharashtra has a risk score of 0/100 (LOW). No major risk indicators were detected for this claim. Key factors: . Recommended action: No immediate action required. Final decision must be made by the authorized official."
FRA0813,Maharashtra,Nashik,20.092364,73.822554,NO,0,LOW,,,Normal,"Claim FRA0813 from Nashik, Maharashtra has a risk score of 0/100 (LOW). No major risk indicators were detected for this claim. Key factors: . Recommended action: No immediate action required. Final decision must be made by the authorized official."
FRA0814,Odisha,Koraput,18.820818,82.830193,NO,20,LOW,Long processing delay | Multiple previous rejections,,Normal,"Claim FRA0814 from Koraput, Odisha has a risk score of 20/100 (LOW). No major risk indicators were detected for this claim. Key factors: Long processing delay | Multiple previous rejections. Recommended action: No immediate action required. Final decision must be made by the authorized official."
FRA0815,Chhattisgarh,Kanker,20.39873,81.39873,NO,15,LOW,Long processing delay,,Normal,"Claim FRA0815 from Kanker, Chhattisgarh has a risk score of 15/100 (LOW). No major risk indicators were detected for this claim. Key factors: Long processing delay. Recommended action: No immediate action required. Final decision must be made by the authorized official."
FRA0816,Jharkhand,Gumla,23.039551,84.40322,NO,15,LOW,Moderate claim overlap,,Normal,"Claim FRA0816 from Gumla, Jharkhand has a risk score of 15/100 (LOW). No major risk indicators were detected for this claim. Key factors: Moderate claim overlap. Recommended action: No immediate action required. Final decision must be made by the authorized official."
FRA0817,Chhattisgarh,Bastar,19.139846,82.007699,YES,30,LOW,Long processing delay | Multiple previous rejections | ML anomaly detected,,Normal,"Claim FRA0817 from Bastar, Chhattisgarh has a risk score of 30/100 (LOW). No major risk indicators were detected for this claim. Key factors: Long processing delay | Multiple previous rejections | ML anomaly detected. Recommended action: No immediate action required. Final decision must be made by the authorized official."
FRA0818,Odisha,Mayurbhanj,22.026952,86.635724,YES,30,LOW,Long processing delay | Multiple previous rejections | ML anomaly detected,,Normal,"Claim FRA0818 from Mayurbhanj, Odisha has a risk score of 30/100 (LOW). No major risk indicators were detected for this claim. Key factors: Long processing delay | Multiple previous rejections | ML anomaly detected. Recommended action: No immediate action required. Final decision must be made by the authorized official."
FRA0819,Chhattisgarh,Bastar,19.021656,81.839095,YES,10,LOW,ML anomaly detected,,Normal,"Claim FRA0819 from Bastar, Chhattisgarh has a risk score of 10/100 (LOW). No major risk indicators were detected for this claim. Key factors: ML anomaly detected. Recommended action: No immediate action required. Final decision must be made by the authorized official."
FRA0820,Odisha,Keonjhar,21.67294,85.531433,NO,15,LOW,Moderate claim overlap,,Normal,"Claim FRA0820 from Keonjhar, Odisha has a risk score of 15/100 (LOW). No major risk indicators were detected for this claim. Key factors: Moderate claim overlap. Recommended action: No immediate action required. Final decision must be made by the authorized official."
FRA0821,Odisha,Koraput,18.691913,82.831065,NO,30,LOW,High claim overlap | Multiple previous rejections,,Normal,"Claim FRA0821 from Koraput, Odisha has a risk score of 30/100 (LOW). No major risk indicators were detected for this claim. Key factors: High claim overlap | Multiple previous rejections. Recommended action: No immediate action required. Final decision must be made by the authorized official."
FRA0822,Madhya Pradesh,Balaghat,21.78401,80.160284,NO,15,LOW,Moderate claim overlap,,Normal,"Claim FRA0822 from Balaghat, Madhya Pradesh has a risk score of 15/100 (LOW). No major risk indicators were detected for this claim. Key factors: Moderate claim overlap. Recommended action: No immediate action required. Final decision must be made by the authorized official."
FRA0823,Jharkhand,Gumla,23.127505,84.445249,NO,15,LOW,Moderate claim overlap,,Normal,"Claim FRA0823 from Gumla, Jharkhand has a risk score of 15/100 (LOW). No major risk indicators were detected for this claim. Key factors: Moderate claim overlap. Recommended action: No immediate action required. Final decision must be made by the authorized official."
FRA0824,Jharkhand,Ranchi,23.3581,85.356485,NO,15,LOW,Moderate claim overlap,,Normal,"Claim FRA0824 from Ranchi, Jharkhand has a risk score of 15/100 (LOW). No major risk indicators were detected for this claim. Key factors: Moderate claim overlap. Recommended action: No immediate action required. Final decision must be made by the authorized official."
FRA0825,Odisha,Mayurbhanj,21.924628,86.759004,NO,15,LOW,Moderate claim overlap,,Normal,"Claim FRA0825 from Mayurbhanj, Odisha has a risk score of 15/100 (LOW). No major risk indicators were detected for this claim. Key factors: Moderate claim overlap. Recommended action: No immediate action required. Final decision must be made by the authorized official."
FRA0826,Odisha,Koraput,18.689037,82.564754,NO,0,LOW,,,Normal,"Claim FRA0826 from Koraput, Odisha has a risk score of 0/100 (LOW). No major risk indicators were detected for this claim. Key factors: . Recommended action: No immediate action required. Final decision must be made by the authorized official."
FRA0827,Odisha,Koraput,18.77767,82.682917,YES,30,LOW,Long processing delay | Multiple previous rejections | ML anomaly detected,,Normal,"Claim FRA0827 from Koraput, Odisha has a risk score of 30/100 (LOW). No major risk indicators were detected for this claim. Key factors: Long processing delay | Multiple previous rejections | ML anomaly detected. Recommended action: No immediate action required. Final decision must be made by the authorized official."
FRA0828,Jharkhand,Gumla,22.918764,84.502347,NO,25,LOW,High claim overlap,,Normal,"Claim FRA0828 from Gumla, Jharkhand has a risk score of 25/100 (LOW). No major risk indicators were detected for this claim. Key factors: High claim overlap. Recommended action: No immediate action required. Final decision must be made by the authorized official."
FRA0829,Jharkhand,Simdega,22.580681,84.511775,NO,45,MEDIUM,Long processing delay | High claim overlap | Multiple previous rejections,,Moderate,"Claim FRA0829 from Simdega, Jharkhand has a risk score of 45/100 (MEDIUM). This claim has some risk indicators and may require additional verification. Key factors: Long processing delay | High claim overlap | Multiple previous rejections. Recommended action: Perform additional document verification. Final decision must be made by the authorized official."
FRA0830,Jharkhand,Simdega,22.590384,84.516152,NO,15,LOW,Moderate claim overlap,,Normal,"Claim FRA0830 from Simdega, Jharkhand has a risk score of 15/100 (LOW). No major risk indicators were detected for this claim. Key factors: Moderate claim overlap. Recommended action: No immediate action required. Final decision must be made by the authorized official."
FRA0831,Maharashtra,Gadchiroli,20.246871,79.883589,NO,25,LOW,High claim overlap,,Normal,"Claim FRA0831 from Gadchiroli, Maharashtra has a risk score of 25/100 (LOW). No major risk indicators were detected for this claim. Key factors: High claim overlap. Recommended action: No immediate action required. Final decision must be made by the authorized official."
FRA0832,Madhya Pradesh,Dindori,22.799659,81.064048,NO,15,LOW,Moderate claim overlap,,Normal,"Claim FRA0832 from Dindori, Madhya Pradesh has a risk score of 15/100 (LOW). No major risk indicators were detected for this claim. Key factors: Moderate claim overlap. Recommended action: No immediate action required. Final decision must be made by the authorized official."
FRA0833,Odisha,Koraput,18.744907,82.76803,NO,25,LOW,High claim overlap,,Normal,"Claim FRA0833 from Koraput, Odisha has a risk score of 25/100 (LOW). No major risk indicators were detected for this claim. Key factors: High claim overlap. Recommended action: No immediate action required. Final decision must be made by the authorized official."
FRA0834,Chhattisgarh,Bastar,19.169295,81.825039,NO,25,LOW,High claim overlap,,Normal,"Claim FRA0834 from Bastar, Chhattisgarh has a risk score of 25/100 (LOW). No major risk indicators were detected for this claim. Key factors: High claim overlap. Recommended action: No immediate action required. Final decision must be made by the authorized official."
FRA0835,Madhya Pradesh,Mandla,22.659443,80.35666,NO,20,LOW,Long processing delay | Multiple previous rejections,,Normal,"Claim FRA0835 from Mandla, Madhya Pradesh has a risk score of 20/100 (LOW). No major risk indicators were detected for this claim. Key factors: Long processing delay | Multiple previous rejections. Recommended action: No immediate action required. Final decision must be made by the authorized official."
FRA0836,Chhattisgarh,Bastar,18.987845,81.900058,NO,20,LOW,Long processing delay | Multiple previous rejections,,Normal,"Claim FRA0836 from Bastar, Chhattisgarh has a risk score of 20/100 (LOW). No major risk indicators were detected for this claim. Key factors: Long processing delay | Multiple previous rejections. Recommended action: No immediate action required. Final decision must be made by the authorized official."
FRA0837,Jharkhand,Ranchi,23.4392,85.407954,NO,20,LOW,Moderate claim overlap | Multiple previous rejections,,Normal,"Claim FRA0837 from Ranchi, Jharkhand has a risk score of 20/100 (LOW). No major risk indicators were detected for this claim. Key factors: Moderate claim overlap | Multiple previous rejections. Recommended action: No immediate action required. Final decision must be made by the authorized official."
FRA0838,Maharashtra,Nashik,20.006269,73.747147,NO,0,LOW,,,Normal,"Claim FRA0838 from Nashik, Maharashtra has a risk score of 0/100 (LOW). No major risk indicators were detected for this claim. Key factors: . Recommended action: No immediate action required. Final decision must be made by the authorized official."
FRA0839,Madhya Pradesh,Mandla,22.563689,80.297169,YES,35,MEDIUM,High claim overlap | ML anomaly detected,,Moderate,"Claim FRA0839 from Mandla, Madhya Pradesh has a risk score of 35/100 (MEDIUM). This claim has some risk indicators and may require additional verification. Key factors: High claim overlap | ML anomaly detected. Recommended action: Perform additional document verification. Final decision must be made by the authorized official."
FRA0840,Chhattisgarh,Kanker,20.361963,81.359895,NO,30,LOW,Long processing delay | Moderate claim overlap,,Normal,"Claim FRA0840 from Kanker, Chhattisgarh has a risk score of 30/100 (LOW). No major risk indicators were detected for this claim. Key factors: Long processing delay | Moderate claim overlap. Recommended action: No immediate action required. Final decision must be made by the authorized official."
FRA0841,Chhattisgarh,Surguja,22.811079,83.138477,NO,20,LOW,Moderate claim overlap | Multiple previous rejections,,Normal,"Claim FRA0841 from Surguja, Chhattisgarh has a risk score of 20/100 (LOW). No major risk indicators were detected for this claim. Key factors: Moderate claim overlap | Multiple previous rejections. Recommended action: No immediate action required. Final decision must be made by the authorized official."
FRA0842,Madhya Pradesh,Mandla,22.491503,80.336228,NO,15,LOW,Long processing delay,,Normal,"Claim FRA0842 from Mandla, Madhya Pradesh has a risk score of 15/100 (LOW). No major risk indicators were detected for this claim. Key factors: Long processing delay. Recommended action: No immediate action required. Final decision must be made by the authorized official."
FRA0843,Jharkhand,Simdega,22.517862,84.595254,NO,5,LOW,Multiple previous rejections,,Normal,"Claim FRA0843 from Simdega, Jharkhand has a risk score of 5/100 (LOW). No major risk indicators were detected for this claim. Key factors: Multiple previous rejections. Recommended action: No immediate action required. Final decision must be made by the authorized official."
FRA0844,Maharashtra,Nandurbar,21.308321,74.122004,YES,15,LOW,Multiple previous rejections | ML anomaly detected,,Normal,"Claim FRA0844 from Nandurbar, Maharashtra has a risk score of 15/100 (LOW). No major risk indicators were detected for this claim. Key factors: Multiple previous rejections | ML anomaly detected. Recommended action: No immediate action required. Final decision must be made by the authorized official."
FRA0845,Maharashtra,Gadchiroli,20.041037,79.855324,NO,15,LOW,Moderate claim overlap,,Normal,"Claim FRA0845 from Gadchiroli, Maharashtra has a risk score of 15/100 (LOW). No major risk indicators were detected for this claim. Key factors: Moderate claim overlap. Recommended action: No immediate action required. Final decision must be made by the authorized official."
FRA0846,Jharkhand,Ranchi,23.471779,85.222283,NO,5,LOW,Multiple previous rejections,,Normal,"Claim FRA0846 from Ranchi, Jharkhand has a risk score of 5/100 (LOW). No major risk indicators were detected for this claim. Key factors: Multiple previous rejections. Recommended action: No immediate action required. Final decision must be made by the authorized official."
FRA0847,Chhattisgarh,Bastar,19.228289,82.010358,NO,15,LOW,Long processing delay,,Normal,"Claim FRA0847 from Bastar, Chhattisgarh has a risk score of 15/100 (LOW). No major risk indicators were detected for this claim. Key factors: Long processing delay. Recommended action: No immediate action required. Final decision must be made by the authorized official."
FRA0848,Chhattisgarh,Bastar,18.981414,81.817117,NO,20,LOW,Long processing delay | Multiple previous rejections,,Normal,"Claim FRA0848 from Bastar, Chhattisgarh has a risk score of 20/100 (LOW). No major risk indicators were detected for this claim. Key factors: Long processing delay | Multiple previous rejections. Recommended action: No immediate action required. Final decision must be made by the authorized official."
FRA0849,Odisha,Koraput,18.876515,82.809906,NO,25,LOW,High claim overlap,,Normal,"Claim FRA0849 from Koraput, Odisha has a risk score of 25/100 (LOW). No major risk indicators were detected for this claim. Key factors: High claim overlap. Recommended action: No immediate action required. Final decision must be made by the authorized official."
FRA0850,Odisha,Keonjhar,21.564614,85.605509,NO,45,MEDIUM,Long processing delay | High claim overlap | Multiple previous rejections,,Moderate,"Claim FRA0850 from Keonjhar, Odisha has a risk score of 45/100 (MEDIUM). This claim has some risk indicators and may require additional verification. Key factors: Long processing delay | High claim overlap | Multiple previous rejections. Recommended action: Perform additional document verification. Final decision must be made by the authorized official."
FRA0851,Madhya Pradesh,Dindori,22.804535,81.217528,NO,5,LOW,Multiple previous rejections,,Normal,"Claim FRA0851 from Dindori, Madhya Pradesh has a risk score of 5/100 (LOW). No major risk indicators were detected for this claim. Key factors: Multiple previous rejections. Recommended action: No immediate action required. Final decision must be made by the authorized official."
FRA0852,Madhya Pradesh,Mandla,22.492772,80.457686,YES,10,LOW,ML anomaly detected,,Normal,"Claim FRA0852 from Mandla, Madhya Pradesh has a risk score of 10/100 (LOW). No major risk indicators were detected for this claim. Key factors: ML anomaly detected. Recommended action: No immediate action required. Final decision must be made by the authorized official."
FRA0853,Chhattisgarh,Kanker,20.317559,81.470324,NO,20,LOW,Moderate claim overlap | Multiple previous rejections,,Normal,"Claim FRA0853 from Kanker, Chhattisgarh has a risk score of 20/100 (LOW). No major risk indicators were detected for this claim. Key factors: Moderate claim overlap | Multiple previous rejections. Recommended action: No immediate action required. Final decision must be made by the authorized official."
FRA0854,Maharashtra,Nandurbar,21.40255,74.300835,NO,15,LOW,Long processing delay,,Normal,"Claim FRA0854 from Nandurbar, Maharashtra has a risk score of 15/100 (LOW). No major risk indicators were detected for this claim. Key factors: Long processing delay. Recommended action: No immediate action required. Final decision must be made by the authorized official."
FRA0855,Odisha,Mayurbhanj,21.976824,86.854042,NO,0,LOW,,,Normal,"Claim FRA0855 from Mayurbhanj, Odisha has a risk score of 0/100 (LOW). No major risk indicators were detected for this claim. Key factors: . Recommended action: No immediate action required. Final decision must be made by the authorized official."
FRA0856,Maharashtra,Gadchiroli,20.162806,79.894476,NO,15,LOW,Moderate claim overlap,,Normal,"Claim FRA0856 from Gadchiroli, Maharashtra has a risk score of 15/100 (LOW). No major risk indicators were detected for this claim. Key factors: Moderate claim overlap. Recommended action: No immediate action required. Final decision must be made by the authorized official."
FRA0857,Madhya Pradesh,Balaghat,21.713396,80.126755,NO,15,LOW,Long processing delay,,Normal,"Claim FRA0857 from Balaghat, Madhya Pradesh has a risk score of 15/100 (LOW). No major risk indicators were detected for this claim. Key factors: Long processing delay. Recommended action: No immediate action required. Final decision must be made by the authorized official."
FRA0858,Madhya Pradesh,Balaghat,21.736506,80.082396,NO,30,LOW,High claim overlap | Multiple previous rejections,,Normal,"Claim FRA0858 from Balaghat, Madhya Pradesh has a risk score of 30/100 (LOW). No major risk indicators were detected for this claim. Key factors: High claim overlap | Multiple previous rejections. Recommended action: No immediate action required. Final decision must be made by the authorized official."
FRA0859,Madhya Pradesh,Balaghat,21.930261,80.229361,NO,15,LOW,Long processing delay,,Normal,"Claim FRA0859 from Balaghat, Madhya Pradesh has a risk score of 15/100 (LOW). No major risk indicators were detected for this claim. Key factors: Long processing delay. Recommended action: No immediate action required. Final decision must be made by the authorized official."
FRA0860,Madhya Pradesh,Dindori,22.855671,81.166899,NO,20,LOW,Long processing delay | Multiple previous rejections,,Normal,"Claim FRA0860 from Dindori, Madhya Pradesh has a risk score of 20/100 (LOW). No major risk indicators were detected for this claim. Key factors: Long processing delay | Multiple previous rejections. Recommended action: No immediate action required. Final decision must be made by the authorized official."
FRA0861,Odisha,Mayurbhanj,21.902954,86.703027,YES,25,LOW,Long processing delay | ML anomaly detected,,Normal,"Claim FRA0861 from Mayurbhanj, Odisha has a risk score of 25/100 (LOW). No major risk indicators were detected for this claim. Key factors: Long processing delay | ML anomaly detected. Recommended action: No immediate action required. Final decision must be made by the authorized official."
FRA0862,Jharkhand,Ranchi,23.298804,85.370621,NO,5,LOW,Multiple previous rejections,,Normal,"Claim FRA0862 from Ranchi, Jharkhand has a risk score of 5/100 (LOW). No major risk indicators were detected for this claim. Key factors: Multiple previous rejections. Recommended action: No immediate action required. Final decision must be made by the authorized official."
FRA0863,Odisha,Keonjhar,21.659858,85.501208,NO,35,MEDIUM,Long processing delay | Moderate claim overlap | Multiple previous rejections,,Moderate,"Claim FRA0863 from Keonjhar, Odisha has a risk score of 35/100 (MEDIUM). This claim has some risk indicators and may require additional verification. Key factors: Long processing delay | Moderate claim overlap | Multiple previous rejections. Recommended action: Perform additional document verification. Final decision must be made by the authorized official."
FRA0864,Odisha,Koraput,18.760946,82.703883,NO,35,MEDIUM,Long processing delay | Moderate claim overlap | Multiple previous rejections,,Moderate,"Claim FRA0864 from Koraput, Odisha has a risk score of 35/100 (MEDIUM). This claim has some risk indicators and may require additional verification. Key factors: Long processing delay | Moderate claim overlap | Multiple previous rejections. Recommended action: Perform additional document verification. Final decision must be made by the authorized official."
FRA0865,Jharkhand,Gumla,22.97136,84.688387,NO,5,LOW,Multiple previous rejections,,Normal,"Claim FRA0865 from Gumla, Jharkhand has a risk score of 5/100 (LOW). No major risk indicators were detected for this claim. Key factors: Multiple previous rejections. Recommended action: No immediate action required. Final decision must be made by the authorized official."
FRA0866,Jharkhand,Simdega,22.557974,84.636075,NO,30,LOW,Long processing delay | Moderate claim overlap,,Normal,"Claim FRA0866 from Simdega, Jharkhand has a risk score of 30/100 (LOW). No major risk indicators were detected for this claim. Key factors: Long processing delay | Moderate claim overlap. Recommended action: No immediate action required. Final decision must be made by the authorized official."
FRA0867,Chhattisgarh,Surguja,22.941066,83.064275,NO,15,LOW,Moderate claim overlap,,Normal,"Claim FRA0867 from Surguja, Chhattisgarh has a risk score of 15/100 (LOW). No major risk indicators were detected for this claim. Key factors: Moderate claim overlap. Recommended action: No immediate action required. Final decision must be made by the authorized official."
FRA0868,Odisha,Keonjhar,21.740762,85.600067,NO,20,LOW,Long processing delay | Multiple previous rejections,,Normal,"Claim FRA0868 from Keonjhar, Odisha has a risk score of 20/100 (LOW). No major risk indicators were detected for this claim. Key factors: Long processing delay | Multiple previous rejections. Recommended action: No immediate action required. Final decision must be made by the authorized official."
FRA0869,Jharkhand,Simdega,22.509952,84.526867,NO,5,LOW,Multiple previous rejections,,Normal,"Claim FRA0869 from Simdega, Jharkhand has a risk score of 5/100 (LOW). No major risk indicators were detected for this claim. Key factors: Multiple previous rejections. Recommended action: No immediate action required. Final decision must be made by the authorized official."
FRA0870,Chhattisgarh,Bastar,18.971794,81.958066,NO,0,LOW,,,Normal,"Claim FRA0870 from Bastar, Chhattisgarh has a risk score of 0/100 (LOW). No major risk indicators were detected for this claim. Key factors: . Recommended action: No immediate action required. Final decision must be made by the authorized official."
FRA0871,Chhattisgarh,Kanker,20.351087,81.428414,NO,20,LOW,Moderate claim overlap | Multiple previous rejections,,Normal,"Claim FRA0871 from Kanker, Chhattisgarh has a risk score of 20/100 (LOW). No major risk indicators were detected for this claim. Key factors: Moderate claim overlap | Multiple previous rejections. Recommended action: No immediate action required. Final decision must be made by the authorized official."
FRA0872,Maharashtra,Nashik,19.899394,73.889475,NO,5,LOW,Multiple previous rejections,,Normal,"Claim FRA0872 from Nashik, Maharashtra has a risk score of 5/100 (LOW). No major risk indicators were detected for this claim. Key factors: Multiple previous rejections. Recommended action: No immediate action required. Final decision must be made by the authorized official."
FRA0873,Chhattisgarh,Bastar,19.05885,81.861302,NO,40,MEDIUM,Long processing delay | High claim overlap,,Moderate,"Claim FRA0873 from Bastar, Chhattisgarh has a risk score of 40/100 (MEDIUM). This claim has some risk indicators and may require additional verification. Key factors: Long processing delay | High claim overlap. Recommended action: Perform additional document verification. Final decision must be made by the authorized official."
FRA0874,Madhya Pradesh,Balaghat,21.943463,80.094567,NO,20,LOW,Moderate claim overlap | Multiple previous rejections,,Normal,"Claim FRA0874 from Balaghat, Madhya Pradesh has a risk score of 20/100 (LOW). No major risk indicators were detected for this claim. Key factors: Moderate claim overlap | Multiple previous rejections. Recommended action: No immediate action required. Final decision must be made by the authorized official."
FRA0875,Maharashtra,Gadchiroli,20.167466,79.967511,NO,5,LOW,Multiple previous rejections,,Normal,"Claim FRA0875 from Gadchiroli, Maharashtra has a risk score of 5/100 (LOW). No major risk indicators were detected for this claim. Key factors: Multiple previous rejections. Recommended action: No immediate action required. Final decision must be made by the authorized official."
FRA0876,Maharashtra,Nashik,20.128784,73.864967,NO,30,LOW,Long processing delay | Moderate claim overlap,,Normal,"Claim FRA0876 from Nashik, Maharashtra has a risk score of 30/100 (LOW). No major risk indicators were detected for this claim. Key factors: Long processing delay | Moderate claim overlap. Recommended action: No immediate action required. Final decision must be made by the authorized official."
FRA0877,Chhattisgarh,Kanker,20.136271,81.548259,NO,0,LOW,,,Normal,"Claim FRA0877 from Kanker, Chhattisgarh has a risk score of 0/100 (LOW). No major risk indicators were detected for this claim. Key factors: . Recommended action: No immediate action required. Final decision must be made by the authorized official."
FRA0878,Odisha,Keonjhar,21.743423,85.657208,NO,15,LOW,Long processing delay,,Normal,"Claim FRA0878 from Keonjhar, Odisha has a risk score of 15/100 (LOW). No major risk indicators were detected for this claim. Key factors: Long processing delay. Recommended action: No immediate action required. Final decision must be made by the authorized official."
FRA0879,Madhya Pradesh,Balaghat,21.89239,80.108825,NO,25,LOW,High claim overlap,,Normal,"Claim FRA0879 from Balaghat, Madhya Pradesh has a risk score of 25/100 (LOW). No major risk indicators were detected for this claim. Key factors: High claim overlap. Recommended action: No immediate action required. Final decision must be made by the authorized official."
FRA0880,Jharkhand,Simdega,22.711514,84.443291,NO,25,LOW,High claim overlap,,Normal,"Claim FRA0880 from Simdega, Jharkhand has a risk score of 25/100 (LOW). No major risk indicators were detected for this claim. Key factors: High claim overlap. Recommended action: No immediate action required. Final decision must be made by the authorized official."
FRA0881,Odisha,Koraput,18.711167,82.795394,NO,15,LOW,Moderate claim overlap,,Normal,"Claim FRA0881 from Koraput, Odisha has a risk score of 15/100 (LOW). No major risk indicators were detected for this claim. Key factors: Moderate claim overlap. Recommended action: No immediate action required. Final decision must be made by the authorized official."
FRA0882,Jharkhand,Ranchi,23.441595,85.282822,NO,0,LOW,,,Normal,"Claim FRA0882 from Ranchi, Jharkhand has a risk score of 0/100 (LOW). No major risk indicators were detected for this claim. Key factors: . Recommended action: No immediate action required. Final decision must be made by the authorized official."
FRA0883,Jharkhand,Ranchi,23.303528,85.246509,NO,20,LOW,Moderate claim overlap | Multiple previous rejections,,Normal,"Claim FRA0883 from Ranchi, Jharkhand has a risk score of 20/100 (LOW). No major risk indicators were detected for this claim. Key factors: Moderate claim overlap | Multiple previous rejections. Recommended action: No immediate action required. Final decision must be made by the authorized official."
FRA0884,Maharashtra,Gadchiroli,20.263342,79.929465,YES,25,LOW,Long processing delay | ML anomaly detected,,Normal,"Claim FRA0884 from Gadchiroli, Maharashtra has a risk score of 25/100 (LOW). No major risk indicators were detected for this claim. Key factors: Long processing delay | ML anomaly detected. Recommended action: No immediate action required. Final decision must be made by the authorized official."
FRA0885,Chhattisgarh,Bastar,19.245147,82.01396,NO,20,LOW,Long processing delay | Multiple previous rejections,,Normal,"Claim FRA0885 from Bastar, Chhattisgarh has a risk score of 20/100 (LOW). No major risk indicators were detected for this claim. Key factors: Long processing delay | Multiple previous rejections. Recommended action: No immediate action required. Final decision must be made by the authorized official."
FRA0886,Chhattisgarh,Bastar,18.95306,82.028974,NO,30,LOW,High claim overlap | Multiple previous rejections,,Normal,"Claim FRA0886 from Bastar, Chhattisgarh has a risk score of 30/100 (LOW). No major risk indicators were detected for this claim. Key factors: High claim overlap | Multiple previous rejections. Recommended action: No immediate action required. Final decision must be made by the authorized official."
FRA0887,Chhattisgarh,Surguja,22.880449,83.062454,NO,20,LOW,Long processing delay | Multiple previous rejections,,Normal,"Claim FRA0887 from Surguja, Chhattisgarh has a risk score of 20/100 (LOW). No major risk indicators were detected for this claim. Key factors: Long processing delay | Multiple previous rejections. Recommended action: No immediate action required. Final decision must be made by the authorized official."
FRA0888,Madhya Pradesh,Mandla,22.581434,80.38491,NO,30,LOW,High claim overlap | Multiple previous rejections,,Normal,"Claim FRA0888 from Mandla, Madhya Pradesh has a risk score of 30/100 (LOW). No major risk indicators were detected for this claim. Key factors: High claim overlap | Multiple previous rejections. Recommended action: No immediate action required. Final decision must be made by the authorized official."
FRA0889,Madhya Pradesh,Balaghat,21.934712,80.066033,NO,15,LOW,Long processing delay,,Normal,"Claim FRA0889 from Balaghat, Madhya Pradesh has a risk score of 15/100 (LOW). No major risk indicators were detected for this claim. Key factors: Long processing delay. Recommended action: No immediate action required. Final decision must be made by the authorized official."
FRA0890,Odisha,Koraput,18.669044,82.710215,NO,15,LOW,Moderate claim overlap,,Normal,"Claim FRA0890 from Koraput, Odisha has a risk score of 15/100 (LOW). No major risk indicators were detected for this claim. Key factors: Moderate claim overlap. Recommended action: No immediate action required. Final decision must be made by the authorized official."
FRA0891,Jharkhand,Gumla,22.935182,84.530253,NO,20,LOW,Moderate claim overlap | Multiple previous rejections,,Normal,"Claim FRA0891 from Gumla, Jharkhand has a risk score of 20/100 (LOW). No major risk indicators were detected for this claim. Key factors: Moderate claim overlap | Multiple previous rejections. Recommended action: No immediate action required. Final decision must be made by the authorized official."
FRA0892,Maharashtra,Gadchiroli,20.255656,79.929589,YES,15,LOW,Multiple previous rejections | ML anomaly detected,,Normal,"Claim FRA0892 from Gadchiroli, Maharashtra has a risk score of 15/100 (LOW). No major risk indicators were detected for this claim. Key factors: Multiple previous rejections | ML anomaly detected. Recommended action: No immediate action required. Final decision must be made by the authorized official."
FRA0893,Madhya Pradesh,Mandla,22.487369,80.230881,NO,30,LOW,Long processing delay | Moderate claim overlap,,Normal,"Claim FRA0893 from Mandla, Madhya Pradesh has a risk score of 30/100 (LOW). No major risk indicators were detected for this claim. Key factors: Long processing delay | Moderate claim overlap. Recommended action: No immediate action required. Final decision must be made by the authorized official."
FRA0894,Chhattisgarh,Surguja,23.005263,83.082165,NO,30,LOW,Long processing delay | Moderate claim overlap,,Normal,"Claim FRA0894 from Surguja, Chhattisgarh has a risk score of 30/100 (LOW). No major risk indicators were detected for this claim. Key factors: Long processing delay | Moderate claim overlap. Recommended action: No immediate action required. Final decision must be made by the authorized official."
FRA0895,Madhya Pradesh,Balaghat,21.864451,80.238837,NO,15,LOW,Moderate claim overlap,,Normal,"Claim FRA0895 from Balaghat, Madhya Pradesh has a risk score of 15/100 (LOW). No major risk indicators were detected for this claim. Key factors: Moderate claim overlap. Recommended action: No immediate action required. Final decision must be made by the authorized official."
FRA0896,Chhattisgarh,Bastar,18.956977,82.097412,NO,0,LOW,,,Normal,"Claim FRA0896 from Bastar, Chhattisgarh has a risk score of 0/100 (LOW). No major risk indicators were detected for this claim. Key factors: . Recommended action: No immediate action required. Final decision must be made by the authorized official."
FRA0897,Chhattisgarh,Surguja,22.911441,83.343492,NO,5,LOW,Multiple previous rejections,,Normal,"Claim FRA0897 from Surguja, Chhattisgarh has a risk score of 5/100 (LOW). No major risk indicators were detected for this claim. Key factors: Multiple previous rejections. Recommended action: No immediate action required. Final decision must be made by the authorized official."
FRA0898,Chhattisgarh,Kanker,20.258564,81.431443,NO,0,LOW,,,Normal,"Claim FRA0898 from Kanker, Chhattisgarh has a risk score of 0/100 (LOW). No major risk indicators were detected for this claim. Key factors: . Recommended action: No immediate action required. Final decision must be made by the authorized official."
FRA0899,Madhya Pradesh,Balaghat,21.69046,80.280655,NO,15,LOW,Long processing delay,,Normal,"Claim FRA0899 from Balaghat, Madhya Pradesh has a risk score of 15/100 (LOW). No major risk indicators were detected for this claim. Key factors: Long processing delay. Recommended action: No immediate action required. Final decision must be made by the authorized official."
FRA0900,Maharashtra,Gadchiroli,20.089446,80.061997,NO,35,MEDIUM,Long processing delay | Moderate claim overlap | Multiple previous rejections,,Moderate,"Claim FRA0900 from Gadchiroli, Maharashtra has a risk score of 35/100 (MEDIUM). This claim has some risk indicators and may require additional verification. Key factors: Long processing delay | Moderate claim overlap | Multiple previous rejections. Recommended action: Perform additional document verification. Final decision must be made by the authorized official."
FRA0901,Jharkhand,Gumla,23.124078,84.47239,NO,30,LOW,High claim overlap | Multiple previous rejections,,Normal,"Claim FRA0901 from Gumla, Jharkhand has a risk score of 30/100 (LOW). No major risk indicators were detected for this claim. Key factors: High claim overlap | Multiple previous rejections. Recommended action: No immediate action required. Final decision must be made by the authorized official."
FRA0902,Odisha,Koraput,18.865974,82.654562,NO,40,MEDIUM,Long processing delay | High claim overlap,,Moderate,"Claim FRA0902 from Koraput, Odisha has a risk score of 40/100 (MEDIUM). This claim has some risk indicators and may require additional verification. Key factors: Long processing delay | High claim overlap. Recommended action: Perform additional document verification. Final decision must be made by the authorized official."
FRA0903,Maharashtra,Gadchiroli,20.178706,80.109694,NO,20,LOW,Moderate claim overlap | Multiple previous rejections,,Normal,"Claim FRA0903 from Gadchiroli, Maharashtra has a risk score of 20/100 (LOW). No major risk indicators were detected for this claim. Key factors: Moderate claim overlap | Multiple previous rejections. Recommended action: No immediate action required. Final decision must be made by the authorized official."
FRA0904,Odisha,Mayurbhanj,21.85891,86.786138,NO,25,LOW,High claim overlap,,Normal,"Claim FRA0904 from Mayurbhanj, Odisha has a risk score of 25/100 (LOW). No major risk indicators were detected for this claim. Key factors: High claim overlap. Recommended action: No immediate action required. Final decision must be made by the authorized official."
FRA0905,Maharashtra,Nashik,19.934934,73.918464,NO,30,LOW,High claim overlap | Multiple previous rejections,,Normal,"Claim FRA0905 from Nashik, Maharashtra has a risk score of 30/100 (LOW). No major risk indicators were detected for this claim. Key factors: High claim overlap | Multiple previous rejections. Recommended action: No immediate action required. Final decision must be made by the authorized official."
FRA0906,Maharashtra,Nashik,20.107162,73.873286,NO,20,LOW,Moderate claim overlap | Multiple previous rejections,,Normal,"Claim FRA0906 from Nashik, Maharashtra has a risk score of 20/100 (LOW). No major risk indicators were detected for this claim. Key factors: Moderate claim overlap | Multiple previous rejections. Recommended action: No immediate action required. Final decision must be made by the authorized official."
FRA0907,Maharashtra,Nandurbar,21.279435,74.093033,NO,30,LOW,Long processing delay | Moderate claim overlap,,Normal,"Claim FRA0907 from Nandurbar, Maharashtra has a risk score of 30/100 (LOW). No major risk indicators were detected for this claim. Key factors: Long processing delay | Moderate claim overlap. Recommended action: No immediate action required. Final decision must be made by the authorized official."
FRA0908,Odisha,Koraput,18.953502,82.765718,NO,30,LOW,Long processing delay | Moderate claim overlap,,Normal,"Claim FRA0908 from Koraput, Odisha has a risk score of 30/100 (LOW). No major risk indicators were detected for this claim. Key factors: Long processing delay | Moderate claim overlap. Recommended action: No immediate action required. Final decision must be made by the authorized official."
FRA0909,Maharashtra,Gadchiroli,20.057852,80.095351,NO,30,LOW,High claim overlap | Multiple previous rejections,,Normal,"Claim FRA0909 from Gadchiroli, Maharashtra has a risk score of 30/100 (LOW). No major risk indicators were detected for this claim. Key factors: High claim overlap | Multiple previous rejections. Recommended action: No immediate action required. Final decision must be made by the authorized official."
FRA0910,Madhya Pradesh,Mandla,22.469667,80.373605,NO,25,LOW,High claim overlap,,Normal,"Claim FRA0910 from Mandla, Madhya Pradesh has a risk score of 25/100 (LOW). No major risk indicators were detected for this claim. Key factors: High claim overlap. Recommended action: No immediate action required. Final decision must be made by the authorized official."
FRA0911,Maharashtra,Gadchiroli,20.324874,79.918722,NO,15,LOW,Long processing delay,,Normal,"Claim FRA0911 from Gadchiroli, Maharashtra has a risk score of 15/100 (LOW). No major risk indicators were detected for this claim. Key factors: Long processing delay. Recommended action: No immediate action required. Final decision must be made by the authorized official."
FRA0912,Madhya Pradesh,Mandla,22.699975,80.233038,NO,5,LOW,Multiple previous rejections,,Normal,"Claim FRA0912 from Mandla, Madhya Pradesh has a risk score of 5/100 (LOW). No major risk indicators were detected for this claim. Key factors: Multiple previous rejections. Recommended action: No immediate action required. Final decision must be made by the authorized official."
FRA0913,Maharashtra,Gadchiroli,20.054841,80.058365,NO,5,LOW,Multiple previous rejections,,Normal,"Claim FRA0913 from Gadchiroli, Maharashtra has a risk score of 5/100 (LOW). No major risk indicators were detected for this claim. Key factors: Multiple previous rejections. Recommended action: No immediate action required. Final decision must be made by the authorized official."
FRA0914,Jharkhand,Simdega,22.55566,84.493611,YES,55,HIGH,Long processing delay | High claim overlap | Multiple previous rejections | ML anomaly detected,,High,"Claim FRA0914 from Simdega, Jharkhand has a risk score of 55/100 (HIGH). This claim shows significant risk indicators and should be reviewed by the concerned authority. Key factors: Long processing delay | High claim overlap | Multiple previous rejections | ML anomaly detected. Recommended action: Review claim documents and processing history. Final decision must be made by the authorized official."
FRA0915,Odisha,Mayurbhanj,21.941488,86.681245,NO,5,LOW,Multiple previous rejections,,Normal,"Claim FRA0915 from Mayurbhanj, Odisha has a risk score of 5/100 (LOW). No major risk indicators were detected for this claim. Key factors: Multiple previous rejections. Recommended action: No immediate action required. Final decision must be made by the authorized official."
FRA0916,Maharashtra,Gadchiroli,20.190475,79.898392,NO,15,LOW,Long processing delay,,Normal,"Claim FRA0916 from Gadchiroli, Maharashtra has a risk score of 15/100 (LOW). No major risk indicators were detected for this claim. Key factors: Long processing delay. Recommended action: No immediate action required. Final decision must be made by the authorized official."
FRA0917,Odisha,Koraput,18.930812,82.664624,NO,30,LOW,High claim overlap | Multiple previous rejections,,Normal,"Claim FRA0917 from Koraput, Odisha has a risk score of 30/100 (LOW). No major risk indicators were detected for this claim. Key factors: High claim overlap | Multiple previous rejections. Recommended action: No immediate action required. Final decision must be made by the authorized official."
FRA0918,Chhattisgarh,Bastar,19.051763,81.964446,NO,25,LOW,High claim overlap,,Normal,"Claim FRA0918 from Bastar, Chhattisgarh has a risk score of 25/100 (LOW). No major risk indicators were detected for this claim. Key factors: High claim overlap. Recommended action: No immediate action required. Final decision must be made by the authorized official."
FRA0919,Maharashtra,Gadchiroli,20.061193,80.076522,YES,30,LOW,Long processing delay | Multiple previous rejections | ML anomaly detected,,Normal,"Claim FRA0919 from Gadchiroli, Maharashtra has a risk score of 30/100 (LOW). No major risk indicators were detected for this claim. Key factors: Long processing delay | Multiple previous rejections | ML anomaly detected. Recommended action: No immediate action required. Final decision must be made by the authorized official."
FRA0920,Chhattisgarh,Bastar,19.052196,81.85497,NO,25,LOW,High claim overlap,,Normal,"Claim FRA0920 from Bastar, Chhattisgarh has a risk score of 25/100 (LOW). No major risk indicators were detected for this claim. Key factors: High claim overlap. Recommended action: No immediate action required. Final decision must be made by the authorized official."
FRA0921,Jharkhand,Ranchi,23.211478,85.2834,NO,15,LOW,Long processing delay,,Normal,"Claim FRA0921 from Ranchi, Jharkhand has a risk score of 15/100 (LOW). No major risk indicators were detected for this claim. Key factors: Long processing delay. Recommended action: No immediate action required. Final decision must be made by the authorized official."
FRA0922,Madhya Pradesh,Mandla,22.455474,80.422961,YES,50,MEDIUM,Long processing delay | High claim overlap | ML anomaly detected,,Moderate,"Claim FRA0922 from Mandla, Madhya Pradesh has a risk score of 50/100 (MEDIUM). This claim has some risk indicators and may require additional verification. Key factors: Long processing delay | High claim overlap | ML anomaly detected. Recommended action: Perform additional document verification. Final decision must be made by the authorized official."
FRA0923,Chhattisgarh,Bastar,18.955757,81.813324,NO,15,LOW,Long processing delay,,Normal,"Claim FRA0923 from Bastar, Chhattisgarh has a risk score of 15/100 (LOW). No major risk indicators were detected for this claim. Key factors: Long processing delay. Recommended action: No immediate action required. Final decision must be made by the authorized official."
FRA0924,Madhya Pradesh,Balaghat,21.897282,80.165242,YES,50,MEDIUM,Long processing delay | High claim overlap | ML anomaly detected,,Moderate,"Claim FRA0924 from Balaghat, Madhya Pradesh has a risk score of 50/100 (MEDIUM). This claim has some risk indicators and may require additional verification. Key factors: Long processing delay | High claim overlap | ML anomaly detected. Recommended action: Perform additional document verification. Final decision must be made by the authorized official."
FRA0925,Chhattisgarh,Kanker,20.334409,81.399406,NO,20,LOW,Moderate claim overlap | Multiple previous rejections,,Normal,"Claim FRA0925 from Kanker, Chhattisgarh has a risk score of 20/100 (LOW). No major risk indicators were detected for this claim. Key factors: Moderate claim overlap | Multiple previous rejections. Recommended action: No immediate action required. Final decision must be made by the authorized official."
FRA0926,Madhya Pradesh,Dindori,23.055147,80.9407,NO,20,LOW,Moderate claim overlap | Multiple previous rejections,,Normal,"Claim FRA0926 from Dindori, Madhya Pradesh has a risk score of 20/100 (LOW). No major risk indicators were detected for this claim. Key factors: Moderate claim overlap | Multiple previous rejections. Recommended action: No immediate action required. Final decision must be made by the authorized official."
FRA0927,Madhya Pradesh,Mandla,22.628148,80.234023,NO,5,LOW,Multiple previous rejections,,Normal,"Claim FRA0927 from Mandla, Madhya Pradesh has a risk score of 5/100 (LOW). No major risk indicators were detected for this claim. Key factors: Multiple previous rejections. Recommended action: No immediate action required. Final decision must be made by the authorized official."
FRA0928,Chhattisgarh,Surguja,23.008038,83.329463,NO,20,LOW,Moderate claim overlap | Multiple previous rejections,,Normal,"Claim FRA0928 from Surguja, Chhattisgarh has a risk score of 20/100 (LOW). No major risk indicators were detected for this claim. Key factors: Moderate claim overlap | Multiple previous rejections. Recommended action: No immediate action required. Final decision must be made by the authorized official."
FRA0929,Jharkhand,Ranchi,23.199137,85.241767,NO,40,MEDIUM,Long processing delay | High claim overlap,,Moderate,"Claim FRA0929 from Ranchi, Jharkhand has a risk score of 40/100 (MEDIUM). This claim has some risk indicators and may require additional verification. Key factors: Long processing delay | High claim overlap. Recommended action: Perform additional document verification. Final decision must be made by the authorized official."
FRA0930,Chhattisgarh,Kanker,20.3369,81.344401,NO,40,MEDIUM,Long processing delay | High claim overlap,,Moderate,"Claim FRA0930 from Kanker, Chhattisgarh has a risk score of 40/100 (MEDIUM). This claim has some risk indicators and may require additional verification. Key factors: Long processing delay | High claim overlap. Recommended action: Perform additional document verification. Final decision must be made by the authorized official."
FRA0931,Jharkhand,Simdega,22.573928,84.575306,NO,0,LOW,,,Normal,"Claim FRA0931 from Simdega, Jharkhand has a risk score of 0/100 (LOW). No major risk indicators were detected for this claim. Key factors: . Recommended action: No immediate action required. Final decision must be made by the authorized official."
FRA0932,Madhya Pradesh,Balaghat,21.86152,80.250216,NO,5,LOW,Multiple previous rejections,,Normal,"Claim FRA0932 from Balaghat, Madhya Pradesh has a risk score of 5/100 (LOW). No major risk indicators were detected for this claim. Key factors: Multiple previous rejections. Recommended action: No immediate action required. Final decision must be made by the authorized official."
FRA0933,Chhattisgarh,Bastar,19.038256,81.844627,NO,35,MEDIUM,Long processing delay | Moderate claim overlap | Multiple previous rejections,,Moderate,"Claim FRA0933 from Bastar, Chhattisgarh has a risk score of 35/100 (MEDIUM). This claim has some risk indicators and may require additional verification. Key factors: Long processing delay | Moderate claim overlap | Multiple previous rejections. Recommended action: Perform additional document verification. Final decision must be made by the authorized official."
FRA0934,Chhattisgarh,Surguja,22.912786,83.344945,NO,15,LOW,Long processing delay,,Normal,"Claim FRA0934 from Surguja, Chhattisgarh has a risk score of 15/100 (LOW). No major risk indicators were detected for this claim. Key factors: Long processing delay. Recommended action: No immediate action required. Final decision must be made by the authorized official."
FRA0935,Chhattisgarh,Bastar,19.170452,81.957918,NO,0,LOW,,,Normal,"Claim FRA0935 from Bastar, Chhattisgarh has a risk score of 0/100 (LOW). No major risk indicators were detected for this claim. Key factors: . Recommended action: No immediate action required. Final decision must be made by the authorized official."
FRA0936,Madhya Pradesh,Dindori,22.909575,81.188439,NO,5,LOW,Multiple previous rejections,,Normal,"Claim FRA0936 from Dindori, Madhya Pradesh has a risk score of 5/100 (LOW). No major risk indicators were detected for this claim. Key factors: Multiple previous rejections. Recommended action: No immediate action required. Final decision must be made by the authorized official."
FRA0937,Jharkhand,Ranchi,23.207957,85.395916,NO,5,LOW,Multiple previous rejections,,Normal,"Claim FRA0937 from Ranchi, Jharkhand has a risk score of 5/100 (LOW). No major risk indicators were detected for this claim. Key factors: Multiple previous rejections. Recommended action: No immediate action required. Final decision must be made by the authorized official."
FRA0938,Maharashtra,Gadchiroli,20.29797,80.099663,NO,30,LOW,High claim overlap | Multiple previous rejections,,Normal,"Claim FRA0938 from Gadchiroli, Maharashtra has a risk score of 30/100 (LOW). No major risk indicators were detected for this claim. Key factors: High claim overlap | Multiple previous rejections. Recommended action: No immediate action required. Final decision must be made by the authorized official."
FRA0939,Maharashtra,Nandurbar,21.399202,74.225471,NO,15,LOW,Moderate claim overlap,,Normal,"Claim FRA0939 from Nandurbar, Maharashtra has a risk score of 15/100 (LOW). No major risk indicators were detected for this claim. Key factors: Moderate claim overlap. Recommended action: No immediate action required. Final decision must be made by the authorized official."
FRA0940,Jharkhand,Gumla,22.984196,84.608288,YES,40,MEDIUM,High claim overlap | Multiple previous rejections | ML anomaly detected,,Moderate,"Claim FRA0940 from Gumla, Jharkhand has a risk score of 40/100 (MEDIUM). This claim has some risk indicators and may require additional verification. Key factors: High claim overlap | Multiple previous rejections | ML anomaly detected. Recommended action: Perform additional document verification. Final decision must be made by the authorized official."
FRA0941,Jharkhand,Gumla,22.991034,84.68957,NO,30,LOW,High claim overlap | Multiple previous rejections,,Normal,"Claim FRA0941 from Gumla, Jharkhand has a risk score of 30/100 (LOW). No major risk indicators were detected for this claim. Key factors: High claim overlap | Multiple previous rejections. Recommended action: No immediate action required. Final decision must be made by the authorized official."
FRA0942,Jharkhand,Gumla,23.16778,84.630442,NO,5,LOW,Multiple previous rejections,,Normal,"Claim FRA0942 from Gumla, Jharkhand has a risk score of 5/100 (LOW). No major risk indicators were detected for this claim. Key factors: Multiple previous rejections. Recommended action: No immediate action required. Final decision must be made by the authorized official."
FRA0943,Maharashtra,Nashik,20.139131,73.826918,NO,15,LOW,Moderate claim overlap,,Normal,"Claim FRA0943 from Nashik, Maharashtra has a risk score of 15/100 (LOW). No major risk indicators were detected for this claim. Key factors: Moderate claim overlap. Recommended action: No immediate action required. Final decision must be made by the authorized official."
FRA0944,Chhattisgarh,Kanker,20.411126,81.589561,NO,20,LOW,Long processing delay | Multiple previous rejections,,Normal,"Claim FRA0944 from Kanker, Chhattisgarh has a risk score of 20/100 (LOW). No major risk indicators were detected for this claim. Key factors: Long processing delay | Multiple previous rejections. Recommended action: No immediate action required. Final decision must be made by the authorized official."
FRA0945,Maharashtra,Nashik,19.866989,73.643486,NO,25,LOW,High claim overlap,,Normal,"Claim FRA0945 from Nashik, Maharashtra has a risk score of 25/100 (LOW). No major risk indicators were detected for this claim. Key factors: High claim overlap. Recommended action: No immediate action required. Final decision must be made by the authorized official."
FRA0946,Jharkhand,Ranchi,23.293541,85.209969,NO,15,LOW,Moderate claim overlap,,Normal,"Claim FRA0946 from Ranchi, Jharkhand has a risk score of 15/100 (LOW). No major risk indicators were detected for this claim. Key factors: Moderate claim overlap. Recommended action: No immediate action required. Final decision must be made by the authorized official."
FRA0947,Jharkhand,Ranchi,23.26185,85.429786,NO,5,LOW,Multiple previous rejections,,Normal,"Claim FRA0947 from Ranchi, Jharkhand has a risk score of 5/100 (LOW). No major risk indicators were detected for this claim. Key factors: Multiple previous rejections. Recommended action: No immediate action required. Final decision must be made by the authorized official."
FRA0948,Chhattisgarh,Bastar,19.034641,82.042842,NO,45,MEDIUM,Long processing delay | High claim overlap | Multiple previous rejections,,Moderate,"Claim FRA0948 from Bastar, Chhattisgarh has a risk score of 45/100 (MEDIUM). This claim has some risk indicators and may require additional verification. Key factors: Long processing delay | High claim overlap | Multiple previous rejections. Recommended action: Perform additional document verification. Final decision must be made by the authorized official."
FRA0949,Madhya Pradesh,Balaghat,21.685506,80.270096,NO,25,LOW,High claim overlap,,Normal,"Claim FRA0949 from Balaghat, Madhya Pradesh has a risk score of 25/100 (LOW). No major risk indicators were detected for this claim. Key factors: High claim overlap. Recommended action: No immediate action required. Final decision must be made by the authorized official."
FRA0950,Madhya Pradesh,Balaghat,21.85301,80.048757,NO,15,LOW,Moderate claim overlap,,Normal,"Claim FRA0950 from Balaghat, Madhya Pradesh has a risk score of 15/100 (LOW). No major risk indicators were detected for this claim. Key factors: Moderate claim overlap. Recommended action: No immediate action required. Final decision must be made by the authorized official."
FRA0951,Madhya Pradesh,Mandla,22.560511,80.451842,NO,20,LOW,Moderate claim overlap | Multiple previous rejections,,Normal,"Claim FRA0951 from Mandla, Madhya Pradesh has a risk score of 20/100 (LOW). No major risk indicators were detected for this claim. Key factors: Moderate claim overlap | Multiple previous rejections. Recommended action: No immediate action required. Final decision must be made by the authorized official."
FRA0952,Jharkhand,Gumla,23.007666,84.497349,NO,25,LOW,High claim overlap,,Normal,"Claim FRA0952 from Gumla, Jharkhand has a risk score of 25/100 (LOW). No major risk indicators were detected for this claim. Key factors: High claim overlap. Recommended action: No immediate action required. Final decision must be made by the authorized official."
FRA0953,Jharkhand,Gumla,23.017121,84.40541,NO,20,LOW,Moderate claim overlap | Multiple previous rejections,,Normal,"Claim FRA0953 from Gumla, Jharkhand has a risk score of 20/100 (LOW). No major risk indicators were detected for this claim. Key factors: Moderate claim overlap | Multiple previous rejections. Recommended action: No immediate action required. Final decision must be made by the authorized official."
FRA0954,Madhya Pradesh,Dindori,22.951373,81.066519,NO,15,LOW,Moderate claim overlap,,Normal,"Claim FRA0954 from Dindori, Madhya Pradesh has a risk score of 15/100 (LOW). No major risk indicators were detected for this claim. Key factors: Moderate claim overlap. Recommended action: No immediate action required. Final decision must be made by the authorized official."
FRA0955,Odisha,Mayurbhanj,21.918435,86.604767,NO,0,LOW,,,Normal,"Claim FRA0955 from Mayurbhanj, Odisha has a risk score of 0/100 (LOW). No major risk indicators were detected for this claim. Key factors: . Recommended action: No immediate action required. Final decision must be made by the authorized official."
FRA0956,Chhattisgarh,Kanker,20.341589,81.40544,NO,25,LOW,High claim overlap,,Normal,"Claim FRA0956 from Kanker, Chhattisgarh has a risk score of 25/100 (LOW). No major risk indicators were detected for this claim. Key factors: High claim overlap. Recommended action: No immediate action required. Final decision must be made by the authorized official."
FRA0957,Chhattisgarh,Kanker,20.370995,81.535429,NO,15,LOW,Long processing delay,,Normal,"Claim FRA0957 from Kanker, Chhattisgarh has a risk score of 15/100 (LOW). No major risk indicators were detected for this claim. Key factors: Long processing delay. Recommended action: No immediate action required. Final decision must be made by the authorized official."
FRA0958,Jharkhand,Simdega,22.689291,84.427985,NO,30,LOW,High claim overlap | Multiple previous rejections,,Normal,"Claim FRA0958 from Simdega, Jharkhand has a risk score of 30/100 (LOW). No major risk indicators were detected for this claim. Key factors: High claim overlap | Multiple previous rejections. Recommended action: No immediate action required. Final decision must be made by the authorized official."
FRA0959,Chhattisgarh,Kanker,20.215174,81.576126,NO,20,LOW,Moderate claim overlap | Multiple previous rejections,,Normal,"Claim FRA0959 from Kanker, Chhattisgarh has a risk score of 20/100 (LOW). No major risk indicators were detected for this claim. Key factors: Moderate claim overlap | Multiple previous rejections. Recommended action: No immediate action required. Final decision must be made by the authorized official."
FRA0960,Chhattisgarh,Surguja,23.028964,83.157374,NO,5,LOW,Multiple previous rejections,,Normal,"Claim FRA0960 from Surguja, Chhattisgarh has a risk score of 5/100 (LOW). No major risk indicators were detected for this claim. Key factors: Multiple previous rejections. Recommended action: No immediate action required. Final decision must be made by the authorized official."
FRA0961,Odisha,Koraput,18.692012,82.77858,NO,20,LOW,Long processing delay | Multiple previous rejections,,Normal,"Claim FRA0961 from Koraput, Odisha has a risk score of 20/100 (LOW). No major risk indicators were detected for this claim. Key factors: Long processing delay | Multiple previous rejections. Recommended action: No immediate action required. Final decision must be made by the authorized official."
FRA0962,Madhya Pradesh,Dindori,22.831349,81.156038,NO,40,MEDIUM,Long processing delay | High claim overlap,,Moderate,"Claim FRA0962 from Dindori, Madhya Pradesh has a risk score of 40/100 (MEDIUM). This claim has some risk indicators and may require additional verification. Key factors: Long processing delay | High claim overlap. Recommended action: Perform additional document verification. Final decision must be made by the authorized official."
FRA0963,Jharkhand,Gumla,23.058985,84.488471,NO,20,LOW,Long processing delay | Multiple previous rejections,,Normal,"Claim FRA0963 from Gumla, Jharkhand has a risk score of 20/100 (LOW). No major risk indicators were detected for this claim. Key factors: Long processing delay | Multiple previous rejections. Recommended action: No immediate action required. Final decision must be made by the authorized official."
FRA0964,Maharashtra,Nashik,19.973061,73.879554,NO,0,LOW,,,Normal,"Claim FRA0964 from Nashik, Maharashtra has a risk score of 0/100 (LOW). No major risk indicators were detected for this claim. Key factors: . Recommended action: No immediate action required. Final decision must be made by the authorized official."
FRA0965,Jharkhand,Ranchi,23.46221,85.372129,NO,15,LOW,Long processing delay,,Normal,"Claim FRA0965 from Ranchi, Jharkhand has a risk score of 15/100 (LOW). No major risk indicators were detected for this claim. Key factors: Long processing delay. Recommended action: No immediate action required. Final decision must be made by the authorized official."
FRA0966,Madhya Pradesh,Balaghat,21.776844,80.205158,NO,40,MEDIUM,Long processing delay | High claim overlap,,Moderate,"Claim FRA0966 from Balaghat, Madhya Pradesh has a risk score of 40/100 (MEDIUM). This claim has some risk indicators and may require additional verification. Key factors: Long processing delay | High claim overlap. Recommended action: Perform additional document verification. Final decision must be made by the authorized official."
FRA0967,Madhya Pradesh,Dindori,23.05602,81.056922,NO,15,LOW,Long processing delay,,Normal,"Claim FRA0967 from Dindori, Madhya Pradesh has a risk score of 15/100 (LOW). No major risk indicators were detected for this claim. Key factors: Long processing delay. Recommended action: No immediate action required. Final decision must be made by the authorized official."
FRA0968,Madhya Pradesh,Mandla,22.595755,80.402228,NO,25,LOW,High claim overlap,,Normal,"Claim FRA0968 from Mandla, Madhya Pradesh has a risk score of 25/100 (LOW). No major risk indicators were detected for this claim. Key factors: High claim overlap. Recommended action: No immediate action required. Final decision must be made by the authorized official."
FRA0969,Jharkhand,Ranchi,23.480995,85.390964,NO,0,LOW,,,Normal,"Claim FRA0969 from Ranchi, Jharkhand has a risk score of 0/100 (LOW). No major risk indicators were detected for this claim. Key factors: . Recommended action: No immediate action required. Final decision must be made by the authorized official."
FRA0970,Maharashtra,Nashik,19.905287,73.812851,NO,20,LOW,Moderate claim overlap | Multiple previous rejections,,Normal,"Claim FRA0970 from Nashik, Maharashtra has a risk score of 20/100 (LOW). No major risk indicators were detected for this claim. Key factors: Moderate claim overlap | Multiple previous rejections. Recommended action: No immediate action required. Final decision must be made by the authorized official."
FRA0971,Chhattisgarh,Surguja,22.989661,83.344575,NO,20,LOW,Long processing delay | Multiple previous rejections,,Normal,"Claim FRA0971 from Surguja, Chhattisgarh has a risk score of 20/100 (LOW). No major risk indicators were detected for this claim. Key factors: Long processing delay | Multiple previous rejections. Recommended action: No immediate action required. Final decision must be made by the authorized official."
FRA0972,Odisha,Keonjhar,21.559973,85.531852,NO,30,LOW,High claim overlap | Multiple previous rejections,,Normal,"Claim FRA0972 from Keonjhar, Odisha has a risk score of 30/100 (LOW). No major risk indicators were detected for this claim. Key factors: High claim overlap | Multiple previous rejections. Recommended action: No immediate action required. Final decision must be made by the authorized official."
FRA0973,Jharkhand,Ranchi,23.248501,85.382195,NO,0,LOW,,,Normal,"Claim FRA0973 from Ranchi, Jharkhand has a risk score of 0/100 (LOW). No major risk indicators were detected for this claim. Key factors: . Recommended action: No immediate action required. Final decision must be made by the authorized official."
FRA0974,Chhattisgarh,Bastar,19.108698,81.938472,NO,20,LOW,Long processing delay | Multiple previous rejections,,Normal,"Claim FRA0974 from Bastar, Chhattisgarh has a risk score of 20/100 (LOW). No major risk indicators were detected for this claim. Key factors: Long processing delay | Multiple previous rejections. Recommended action: No immediate action required. Final decision must be made by the authorized official."
FRA0975,Madhya Pradesh,Balaghat,21.87603,80.09189,NO,30,LOW,High claim overlap | Multiple previous rejections,,Normal,"Claim FRA0975 from Balaghat, Madhya Pradesh has a risk score of 30/100 (LOW). No major risk indicators were detected for this claim. Key factors: High claim overlap | Multiple previous rejections. Recommended action: No immediate action required. Final decision must be made by the authorized official."
FRA0976,Odisha,Koraput,18.951535,82.702219,NO,40,MEDIUM,Long processing delay | High claim overlap,,Moderate,"Claim FRA0976 from Koraput, Odisha has a risk score of 40/100 (MEDIUM). This claim has some risk indicators and may require additional verification. Key factors: Long processing delay | High claim overlap. Recommended action: Perform additional document verification. Final decision must be made by the authorized official."
FRA0977,Chhattisgarh,Kanker,20.370453,81.397513,NO,5,LOW,Multiple previous rejections,,Normal,"Claim FRA0977 from Kanker, Chhattisgarh has a risk score of 5/100 (LOW). No major risk indicators were detected for this claim. Key factors: Multiple previous rejections. Recommended action: No immediate action required. Final decision must be made by the authorized official."
FRA0978,Chhattisgarh,Surguja,22.865724,83.102751,NO,45,MEDIUM,Long processing delay | High claim overlap | Multiple previous rejections,,Moderate,"Claim FRA0978 from Surguja, Chhattisgarh has a risk score of 45/100 (MEDIUM). This claim has some risk indicators and may require additional verification. Key factors: Long processing delay | High claim overlap | Multiple previous rejections. Recommended action: Perform additional document verification. Final decision must be made by the authorized official."
FRA0979,Jharkhand,Gumla,22.959472,84.490134,NO,5,LOW,Multiple previous rejections,,Normal,"Claim FRA0979 from Gumla, Jharkhand has a risk score of 5/100 (LOW). No major risk indicators were detected for this claim. Key factors: Multiple previous rejections. Recommended action: No immediate action required. Final decision must be made by the authorized official."
FRA0980,Jharkhand,Gumla,22.964715,84.525129,NO,0,LOW,,,Normal,"Claim FRA0980 from Gumla, Jharkhand has a risk score of 0/100 (LOW). No major risk indicators were detected for this claim. Key factors: . Recommended action: No immediate action required. Final decision must be made by the authorized official."
FRA0981,Maharashtra,Nashik,20.00194,73.787962,NO,20,LOW,Moderate claim overlap | Multiple previous rejections,,Normal,"Claim FRA0981 from Nashik, Maharashtra has a risk score of 20/100 (LOW). No major risk indicators were detected for this claim. Key factors: Moderate claim overlap | Multiple previous rejections. Recommended action: No immediate action required. Final decision must be made by the authorized official."
FRA0982,Jharkhand,Gumla,23.152897,84.630514,NO,20,LOW,Moderate claim overlap | Multiple previous rejections,,Normal,"Claim FRA0982 from Gumla, Jharkhand has a risk score of 20/100 (LOW). No major risk indicators were detected for this claim. Key factors: Moderate claim overlap | Multiple previous rejections. Recommended action: No immediate action required. Final decision must be made by the authorized official."
FRA0983,Jharkhand,Simdega,22.716271,84.533694,NO,40,MEDIUM,Long processing delay | High claim overlap,,Moderate,"Claim FRA0983 from Simdega, Jharkhand has a risk score of 40/100 (MEDIUM). This claim has some risk indicators and may require additional verification. Key factors: Long processing delay | High claim overlap. Recommended action: Perform additional document verification. Final decision must be made by the authorized official."
FRA0984,Jharkhand,Gumla,23.093189,84.450722,NO,5,LOW,Multiple previous rejections,,Normal,"Claim FRA0984 from Gumla, Jharkhand has a risk score of 5/100 (LOW). No major risk indicators were detected for this claim. Key factors: Multiple previous rejections. Recommended action: No immediate action required. Final decision must be made by the authorized official."
FRA0985,Chhattisgarh,Kanker,20.2033,81.404609,NO,5,LOW,Multiple previous rejections,,Normal,"Claim FRA0985 from Kanker, Chhattisgarh has a risk score of 5/100 (LOW). No major risk indicators were detected for this claim. Key factors: Multiple previous rejections. Recommended action: No immediate action required. Final decision must be made by the authorized official."
FRA0986,Odisha,Koraput,18.934681,82.702876,NO,5,LOW,Multiple previous rejections,,Normal,"Claim FRA0986 from Koraput, Odisha has a risk score of 5/100 (LOW). No major risk indicators were detected for this claim. Key factors: Multiple previous rejections. Recommended action: No immediate action required. Final decision must be made by the authorized official."
FRA0987,Madhya Pradesh,Balaghat,21.94763,80.054481,NO,15,LOW,Long processing delay,,Normal,"Claim FRA0987 from Balaghat, Madhya Pradesh has a risk score of 15/100 (LOW). No major risk indicators were detected for this claim. Key factors: Long processing delay. Recommended action: No immediate action required. Final decision must be made by the authorized official."
FRA0988,Madhya Pradesh,Mandla,22.749737,80.270623,NO,5,LOW,Multiple previous rejections,,Normal,"Claim FRA0988 from Mandla, Madhya Pradesh has a risk score of 5/100 (LOW). No major risk indicators were detected for this claim. Key factors: Multiple previous rejections. Recommended action: No immediate action required. Final decision must be made by the authorized official."
FRA0989,Odisha,Mayurbhanj,21.895097,86.656812,NO,35,MEDIUM,Long processing delay | Moderate claim overlap | Multiple previous rejections,,Moderate,"Claim FRA0989 from Mayurbhanj, Odisha has a risk score of 35/100 (MEDIUM). This claim has some risk indicators and may require additional verification. Key factors: Long processing delay | Moderate claim overlap | Multiple previous rejections. Recommended action: Perform additional document verification. Final decision must be made by the authorized official."
FRA0990,Madhya Pradesh,Balaghat,21.777472,80.290117,NO,40,MEDIUM,Long processing delay | High claim overlap,,Moderate,"Claim FRA0990 from Balaghat, Madhya Pradesh has a risk score of 40/100 (MEDIUM). This claim has some risk indicators and may require additional verification. Key factors: Long processing delay | High claim overlap. Recommended action: Perform additional document verification. Final decision must be made by the authorized official."
FRA0991,Chhattisgarh,Kanker,20.184851,81.426006,NO,35,MEDIUM,Long processing delay | Moderate claim overlap | Multiple previous rejections,,Moderate,"Claim FRA0991 from Kanker, Chhattisgarh has a risk score of 35/100 (MEDIUM). This claim has some risk indicators and may require additional verification. Key factors: Long processing delay | Moderate claim overlap | Multiple previous rejections. Recommended action: Perform additional document verification. Final decision must be made by the authorized official."
FRA0992,Maharashtra,Gadchiroli,20.101156,79.860204,NO,15,LOW,Moderate claim overlap,,Normal,"Claim FRA0992 from Gadchiroli, Maharashtra has a risk score of 15/100 (LOW). No major risk indicators were detected for this claim. Key factors: Moderate claim overlap. Recommended action: No immediate action required. Final decision must be made by the authorized official."
FRA0993,Chhattisgarh,Kanker,20.201428,81.570815,NO,30,LOW,Long processing delay | Moderate claim overlap,,Normal,"Claim FRA0993 from Kanker, Chhattisgarh has a risk score of 30/100 (LOW). No major risk indicators were detected for this claim. Key factors: Long processing delay | Moderate claim overlap. Recommended action: No immediate action required. Final decision must be made by the authorized official."
FRA0994,Madhya Pradesh,Balaghat,21.893203,80.168422,YES,15,LOW,Multiple previous rejections | ML anomaly detected,,Normal,"Claim FRA0994 from Balaghat, Madhya Pradesh has a risk score of 15/100 (LOW). No major risk indicators were detected for this claim. Key factors: Multiple previous rejections | ML anomaly detected. Recommended action: No immediate action required. Final decision must be made by the authorized official."
FRA0995,Odisha,Koraput,18.69808,82.726816,NO,20,LOW,Long processing delay | Multiple previous rejections,,Normal,"Claim FRA0995 from Koraput, Odisha has a risk score of 20/100 (LOW). No major risk indicators were detected for this claim. Key factors: Long processing delay | Multiple previous rejections. Recommended action: No immediate action required. Final decision must be made by the authorized official."
FRA0996,Maharashtra,Nashik,19.898703,73.886534,NO,15,LOW,Long processing delay,,Normal,"Claim FRA0996 from Nashik, Maharashtra has a risk score of 15/100 (LOW). No major risk indicators were detected for this claim. Key factors: Long processing delay. Recommended action: No immediate action required. Final decision must be made by the authorized official."
FRA0997,Madhya Pradesh,Dindori,22.817169,80.942567,NO,15,LOW,Long processing delay,,Normal,"Claim FRA0997 from Dindori, Madhya Pradesh has a risk score of 15/100 (LOW). No major risk indicators were detected for this claim. Key factors: Long processing delay. Recommended action: No immediate action required. Final decision must be made by the authorized official."
FRA0998,Jharkhand,Ranchi,23.466992,85.345029,NO,25,LOW,High claim overlap,,Normal,"Claim FRA0998 from Ranchi, Jharkhand has a risk score of 25/100 (LOW). No major risk indicators were detected for this claim. Key factors: High claim overlap. Recommended action: No immediate action required. Final decision must be made by the authorized official."
FRA0999,Odisha,Koraput,18.675583,82.858823,NO,20,LOW,Long processing delay | Multiple previous rejections,,Normal,"Claim FRA0999 from Koraput, Odisha has a risk score of 20/100 (LOW). No major risk indicators were detected for this claim. Key factors: Long processing delay | Multiple previous rejections. Recommended action: No immediate action required. Final decision must be made by the authorized official."
FRA1000,Chhattisgarh,Bastar,19.10027,81.899462,NO,15,LOW,Moderate claim overlap,,Normal,"Claim FRA1000 from Bastar, Chhattisgarh has a risk score of 15/100 (LOW). No major risk indicators were detected for this claim. Key factors: Moderate claim overlap. Recommended action: No immediate action required. Final decision must be made by the authorized official."
