claim_id,state,district,risk_score,risk_level,priority,decision_brief
FRA0001,Madhya Pradesh,Dindori,40,MEDIUM,Moderate,"Claim FRA0001 from Dindori, Madhya Pradesh has a risk score of 40/100 (MEDIUM). This claim has some risk indicators and may require additional verification. Key factors: Long processing delay | High claim overlap. Recommended action: Perform additional document verification. Final decision must be made by the authorized official."
FRA0002,Maharashtra,Nandurbar,20,LOW,Normal,"Claim FRA0002 from Nandurbar, Maharashtra has a risk score of 20/100 (LOW). No major risk indicators were detected for this claim. Key factors: Moderate claim overlap | Multiple previous rejections. Recommended action: No immediate action required. Final decision must be made by the authorized official."
FRA0003,Odisha,Keonjhar,30,LOW,Normal,"Claim FRA0003 from Keonjhar, Odisha has a risk score of 30/100 (LOW). No major risk indicators were detected for this claim. Key factors: High claim overlap | Multiple previous rejections. Recommended action: No immediate action required. Final decision must be made by the authorized official."
FRA0004,Maharashtra,Nashik,25,LOW,Normal,"Claim FRA0004 from Nashik, Maharashtra has a risk score of 25/100 (LOW). No major risk indicators were detected for this claim. Key factors: High claim overlap. Recommended action: No immediate action required. Final decision must be made by the authorized official."
FRA0005,Chhattisgarh,Bastar,35,MEDIUM,Moderate,"Claim FRA0005 from Bastar, Chhattisgarh has a risk score of 35/100 (MEDIUM). This claim has some risk indicators and may require additional verification. Key factors: Long processing delay | Moderate claim overlap | Multiple previous rejections. Recommended action: Perform additional document verification. Final decision must be made by the authorized official."
FRA0006,Odisha,Koraput,0,LOW,Normal,"Claim FRA0006 from Koraput, Odisha has a risk score of 0/100 (LOW). No major risk indicators were detected for this claim. Key factors: . Recommended action: No immediate action required. Final decision must be made by the authorized official."
FRA0007,Jharkhand,Gumla,40,MEDIUM,Moderate,"Claim FRA0007 from Gumla, Jharkhand has a risk score of 40/100 (MEDIUM). This claim has some risk indicators and may require additional verification. Key factors: Long processing delay | High claim overlap. Recommended action: Perform additional document verification. Final decision must be made by the authorized official."
FRA0008,Maharashtra,Nashik,30,LOW,Normal,"Claim FRA0008 from Nashik, Maharashtra has a risk score of 30/100 (LOW). No major risk indicators were detected for this claim. Key factors: Long processing delay | Moderate claim overlap. Recommended action: No immediate action required. Final decision must be made by the authorized official."
FRA0009,Odisha,Koraput,45,MEDIUM,Moderate,"Claim FRA0009 from Koraput, Odisha has a risk score of 45/100 (MEDIUM). This claim has some risk indicators and may require additional verification. Key factors: Long processing delay | High claim overlap | Multiple previous rejections. Recommended action: Perform additional document verification. Final decision must be made by the authorized official."
FRA0010,Chhattisgarh,Kanker,0,LOW,Normal,"Claim FRA0010 from Kanker, Chhattisgarh has a risk score of 0/100 (LOW). No major risk indicators were detected for this claim. Key factors: . Recommended action: No immediate action required. Final decision must be made by the authorized official."
FRA0011,Odisha,Mayurbhanj,15,LOW,Normal,"Claim FRA0011 from Mayurbhanj, Odisha has a risk score of 15/100 (LOW). No major risk indicators were detected for this claim. Key factors: Moderate claim overlap. Recommended action: No immediate action required. Final decision must be made by the authorized official."
FRA0012,Odisha,Keonjhar,30,LOW,Normal,"Claim FRA0012 from Keonjhar, Odisha has a risk score of 30/100 (LOW). No major risk indicators were detected for this claim. Key factors: Long processing delay | Moderate claim overlap. Recommended action: No immediate action required. Final decision must be made by the authorized official."
FRA0013,Maharashtra,Gadchiroli,35,MEDIUM,Moderate,"Claim FRA0013 from Gadchiroli, Maharashtra has a risk score of 35/100 (MEDIUM). This claim has some risk indicators and may require additional verification. Key factors: High claim overlap | ML anomaly detected. Recommended action: Perform additional document verification. Final decision must be made by the authorized official."
FRA0014,Maharashtra,Gadchiroli,15,LOW,Normal,"Claim FRA0014 from Gadchiroli, Maharashtra has a risk score of 15/100 (LOW). No major risk indicators were detected for this claim. Key factors: Long processing delay. Recommended action: No immediate action required. Final decision must be made by the authorized official."
FRA0015,Jharkhand,Simdega,45,MEDIUM,Moderate,"Claim FRA0015 from Simdega, Jharkhand has a risk score of 45/100 (MEDIUM). This claim has some risk indicators and may require additional verification. Key factors: Long processing delay | High claim overlap | Multiple previous rejections. Recommended action: Perform additional document verification. Final decision must be made by the authorized official."
FRA0016,Odisha,Mayurbhanj,5,LOW,Normal,"Claim FRA0016 from Mayurbhanj, Odisha has a risk score of 5/100 (LOW). No major risk indicators were detected for this claim. Key factors: Multiple previous rejections. Recommended action: No immediate action required. Final decision must be made by the authorized official."
FRA0017,Chhattisgarh,Bastar,20,LOW,Normal,"Claim FRA0017 from Bastar, Chhattisgarh has a risk score of 20/100 (LOW). No major risk indicators were detected for this claim. Key factors: Long processing delay | Multiple previous rejections. Recommended action: No immediate action required. Final decision must be made by the authorized official."
FRA0018,Madhya Pradesh,Mandla,15,LOW,Normal,"Claim FRA0018 from Mandla, Madhya Pradesh has a risk score of 15/100 (LOW). No major risk indicators were detected for this claim. Key factors: Moderate claim overlap. Recommended action: No immediate action required. Final decision must be made by the authorized official."
FRA0019,Madhya Pradesh,Dindori,15,LOW,Normal,"Claim FRA0019 from Dindori, Madhya Pradesh has a risk score of 15/100 (LOW). No major risk indicators were detected for this claim. Key factors: Moderate claim overlap. Recommended action: No immediate action required. Final decision must be made by the authorized official."
FRA0020,Jharkhand,Ranchi,0,LOW,Normal,"Claim FRA0020 from Ranchi, Jharkhand has a risk score of 0/100 (LOW). No major risk indicators were detected for this claim. Key factors: . Recommended action: No immediate action required. Final decision must be made by the authorized official."
FRA0021,Maharashtra,Nashik,25,LOW,Normal,"Claim FRA0021 from Nashik, Maharashtra has a risk score of 25/100 (LOW). No major risk indicators were detected for this claim. Key factors: Moderate claim overlap | ML anomaly detected. Recommended action: No immediate action required. Final decision must be made by the authorized official."
FRA0022,Jharkhand,Ranchi,25,LOW,Normal,"Claim FRA0022 from Ranchi, Jharkhand has a risk score of 25/100 (LOW). No major risk indicators were detected for this claim. Key factors: High claim overlap. Recommended action: No immediate action required. Final decision must be made by the authorized official."
FRA0023,Madhya Pradesh,Dindori,0,LOW,Normal,"Claim FRA0023 from Dindori, Madhya Pradesh has a risk score of 0/100 (LOW). No major risk indicators were detected for this claim. Key factors: . Recommended action: No immediate action required. Final decision must be made by the authorized official."
FRA0024,Jharkhand,Gumla,35,MEDIUM,Moderate,"Claim FRA0024 from Gumla, Jharkhand has a risk score of 35/100 (MEDIUM). This claim has some risk indicators and may require additional verification. Key factors: Long processing delay | Moderate claim overlap | Multiple previous rejections. Recommended action: Perform additional document verification. Final decision must be made by the authorized official."
FRA0025,Odisha,Mayurbhanj,15,LOW,Normal,"Claim FRA0025 from Mayurbhanj, Odisha has a risk score of 15/100 (LOW). No major risk indicators were detected for this claim. Key factors: Moderate claim overlap. Recommended action: No immediate action required. Final decision must be made by the authorized official."
FRA0026,Jharkhand,Ranchi,25,LOW,Normal,"Claim FRA0026 from Ranchi, Jharkhand has a risk score of 25/100 (LOW). No major risk indicators were detected for this claim. Key factors: High claim overlap. Recommended action: No immediate action required. Final decision must be made by the authorized official."
FRA0027,Chhattisgarh,Bastar,15,LOW,Normal,"Claim FRA0027 from Bastar, Chhattisgarh has a risk score of 15/100 (LOW). No major risk indicators were detected for this claim. Key factors: Moderate claim overlap. Recommended action: No immediate action required. Final decision must be made by the authorized official."
FRA0028,Chhattisgarh,Bastar,0,LOW,Normal,"Claim FRA0028 from Bastar, Chhattisgarh has a risk score of 0/100 (LOW). No major risk indicators were detected for this claim. Key factors: . Recommended action: No immediate action required. Final decision must be made by the authorized official."
FRA0029,Jharkhand,Gumla,15,LOW,Normal,"Claim FRA0029 from Gumla, Jharkhand has a risk score of 15/100 (LOW). No major risk indicators were detected for this claim. Key factors: Long processing delay. Recommended action: No immediate action required. Final decision must be made by the authorized official."
FRA0030,Chhattisgarh,Surguja,40,MEDIUM,Moderate,"Claim FRA0030 from Surguja, Chhattisgarh has a risk score of 40/100 (MEDIUM). This claim has some risk indicators and may require additional verification. Key factors: Long processing delay | High claim overlap. Recommended action: Perform additional document verification. Final decision must be made by the authorized official."
FRA0031,Chhattisgarh,Bastar,5,LOW,Normal,"Claim FRA0031 from Bastar, Chhattisgarh has a risk score of 5/100 (LOW). No major risk indicators were detected for this claim. Key factors: Multiple previous rejections. Recommended action: No immediate action required. Final decision must be made by the authorized official."
FRA0032,Jharkhand,Ranchi,20,LOW,Normal,"Claim FRA0032 from Ranchi, Jharkhand has a risk score of 20/100 (LOW). No major risk indicators were detected for this claim. Key factors: Long processing delay | Multiple previous rejections. Recommended action: No immediate action required. Final decision must be made by the authorized official."
FRA0033,Madhya Pradesh,Mandla,0,LOW,Normal,"Claim FRA0033 from Mandla, Madhya Pradesh has a risk score of 0/100 (LOW). No major risk indicators were detected for this claim. Key factors: . Recommended action: No immediate action required. Final decision must be made by the authorized official."
FRA0034,Chhattisgarh,Kanker,25,LOW,Normal,"Claim FRA0034 from Kanker, Chhattisgarh has a risk score of 25/100 (LOW). No major risk indicators were detected for this claim. Key factors: High claim overlap. Recommended action: No immediate action required. Final decision must be made by the authorized official."
FRA0035,Odisha,Keonjhar,30,LOW,Normal,"Claim FRA0035 from Keonjhar, Odisha has a risk score of 30/100 (LOW). No major risk indicators were detected for this claim. Key factors: High claim overlap | Multiple previous rejections. Recommended action: No immediate action required. Final decision must be made by the authorized official."
FRA0036,Madhya Pradesh,Dindori,0,LOW,Normal,"Claim FRA0036 from Dindori, Madhya Pradesh has a risk score of 0/100 (LOW). No major risk indicators were detected for this claim. Key factors: . Recommended action: No immediate action required. Final decision must be made by the authorized official."
FRA0037,Chhattisgarh,Bastar,0,LOW,Normal,"Claim FRA0037 from Bastar, Chhattisgarh has a risk score of 0/100 (LOW). No major risk indicators were detected for this claim. Key factors: . Recommended action: No immediate action required. Final decision must be made by the authorized official."
FRA0038,Maharashtra,Nandurbar,15,LOW,Normal,"Claim FRA0038 from Nandurbar, Maharashtra has a risk score of 15/100 (LOW). No major risk indicators were detected for this claim. Key factors: Multiple previous rejections | ML anomaly detected. Recommended action: No immediate action required. Final decision must be made by the authorized official."
FRA0039,Maharashtra,Nandurbar,25,LOW,Normal,"Claim FRA0039 from Nandurbar, Maharashtra has a risk score of 25/100 (LOW). No major risk indicators were detected for this claim. Key factors: High claim overlap. Recommended action: No immediate action required. Final decision must be made by the authorized official."
FRA0040,Jharkhand,Ranchi,20,LOW,Normal,"Claim FRA0040 from Ranchi, Jharkhand has a risk score of 20/100 (LOW). No major risk indicators were detected for this claim. Key factors: Long processing delay | Multiple previous rejections. Recommended action: No immediate action required. Final decision must be made by the authorized official."
FRA0041,Madhya Pradesh,Balaghat,30,LOW,Normal,"Claim FRA0041 from Balaghat, Madhya Pradesh has a risk score of 30/100 (LOW). No major risk indicators were detected for this claim. Key factors: Long processing delay | Moderate claim overlap. Recommended action: No immediate action required. Final decision must be made by the authorized official."
FRA0042,Maharashtra,Nashik,25,LOW,Normal,"Claim FRA0042 from Nashik, Maharashtra has a risk score of 25/100 (LOW). No major risk indicators were detected for this claim. Key factors: High claim overlap. Recommended action: No immediate action required. Final decision must be made by the authorized official."
FRA0043,Madhya Pradesh,Balaghat,25,LOW,Normal,"Claim FRA0043 from Balaghat, Madhya Pradesh has a risk score of 25/100 (LOW). No major risk indicators were detected for this claim. Key factors: High claim overlap. Recommended action: No immediate action required. Final decision must be made by the authorized official."
FRA0044,Odisha,Mayurbhanj,30,LOW,Normal,"Claim FRA0044 from Mayurbhanj, Odisha has a risk score of 30/100 (LOW). No major risk indicators were detected for this claim. Key factors: Long processing delay | Moderate claim overlap. Recommended action: No immediate action required. Final decision must be made by the authorized official."
FRA0045,Maharashtra,Nashik,30,LOW,Normal,"Claim FRA0045 from Nashik, Maharashtra has a risk score of 30/100 (LOW). No major risk indicators were detected for this claim. Key factors: Long processing delay | Moderate claim overlap. Recommended action: No immediate action required. Final decision must be made by the authorized official."
FRA0046,Odisha,Mayurbhanj,0,LOW,Normal,"Claim FRA0046 from Mayurbhanj, Odisha has a risk score of 0/100 (LOW). No major risk indicators were detected for this claim. Key factors: . Recommended action: No immediate action required. Final decision must be made by the authorized official."
FRA0047,Madhya Pradesh,Balaghat,25,LOW,Normal,"Claim FRA0047 from Balaghat, Madhya Pradesh has a risk score of 25/100 (LOW). No major risk indicators were detected for this claim. Key factors: Severe processing delay. Recommended action: No immediate action required. Final decision must be made by the authorized official."
FRA0048,Chhattisgarh,Surguja,15,LOW,Normal,"Claim FRA0048 from Surguja, Chhattisgarh has a risk score of 15/100 (LOW). No major risk indicators were detected for this claim. Key factors: Long processing delay. Recommended action: No immediate action required. Final decision must be made by the authorized official."
FRA0049,Jharkhand,Ranchi,15,LOW,Normal,"Claim FRA0049 from Ranchi, Jharkhand has a risk score of 15/100 (LOW). No major risk indicators were detected for this claim. Key factors: Moderate claim overlap. Recommended action: No immediate action required. Final decision must be made by the authorized official."
FRA0050,Madhya Pradesh,Dindori,15,LOW,Normal,"Claim FRA0050 from Dindori, Madhya Pradesh has a risk score of 15/100 (LOW). No major risk indicators were detected for this claim. Key factors: Long processing delay. Recommended action: No immediate action required. Final decision must be made by the authorized official."
FRA0051,Maharashtra,Nandurbar,0,LOW,Normal,"Claim FRA0051 from Nandurbar, Maharashtra has a risk score of 0/100 (LOW). No major risk indicators were detected for this claim. Key factors: . Recommended action: No immediate action required. Final decision must be made by the authorized official."
FRA0052,Maharashtra,Nandurbar,5,LOW,Normal,"Claim FRA0052 from Nandurbar, Maharashtra has a risk score of 5/100 (LOW). No major risk indicators were detected for this claim. Key factors: Multiple previous rejections. Recommended action: No immediate action required. Final decision must be made by the authorized official."
FRA0053,Chhattisgarh,Kanker,0,LOW,Normal,"Claim FRA0053 from Kanker, Chhattisgarh has a risk score of 0/100 (LOW). No major risk indicators were detected for this claim. Key factors: . Recommended action: No immediate action required. Final decision must be made by the authorized official."
FRA0054,Odisha,Keonjhar,5,LOW,Normal,"Claim FRA0054 from Keonjhar, Odisha has a risk score of 5/100 (LOW). No major risk indicators were detected for this claim. Key factors: Multiple previous rejections. Recommended action: No immediate action required. Final decision must be made by the authorized official."
FRA0055,Madhya Pradesh,Dindori,20,LOW,Normal,"Claim FRA0055 from Dindori, Madhya Pradesh has a risk score of 20/100 (LOW). No major risk indicators were detected for this claim. Key factors: Moderate claim overlap | Multiple previous rejections. Recommended action: No immediate action required. Final decision must be made by the authorized official."
FRA0056,Chhattisgarh,Surguja,0,LOW,Normal,"Claim FRA0056 from Surguja, Chhattisgarh has a risk score of 0/100 (LOW). No major risk indicators were detected for this claim. Key factors: . Recommended action: No immediate action required. Final decision must be made by the authorized official."
FRA0057,Jharkhand,Simdega,0,LOW,Normal,"Claim FRA0057 from Simdega, Jharkhand has a risk score of 0/100 (LOW). No major risk indicators were detected for this claim. Key factors: . Recommended action: No immediate action required. Final decision must be made by the authorized official."
FRA0058,Chhattisgarh,Surguja,0,LOW,Normal,"Claim FRA0058 from Surguja, Chhattisgarh has a risk score of 0/100 (LOW). No major risk indicators were detected for this claim. Key factors: . Recommended action: No immediate action required. Final decision must be made by the authorized official."
FRA0059,Madhya Pradesh,Dindori,15,LOW,Normal,"Claim FRA0059 from Dindori, Madhya Pradesh has a risk score of 15/100 (LOW). No major risk indicators were detected for this claim. Key factors: Moderate claim overlap. Recommended action: No immediate action required. Final decision must be made by the authorized official."
FRA0060,Odisha,Mayurbhanj,15,LOW,Normal,"Claim FRA0060 from Mayurbhanj, Odisha has a risk score of 15/100 (LOW). No major risk indicators were detected for this claim. Key factors: Long processing delay. Recommended action: No immediate action required. Final decision must be made by the authorized official."
FRA0061,Madhya Pradesh,Mandla,35,MEDIUM,Moderate,"Claim FRA0061 from Mandla, Madhya Pradesh has a risk score of 35/100 (MEDIUM). This claim has some risk indicators and may require additional verification. Key factors: Long processing delay | Moderate claim overlap | Multiple previous rejections. Recommended action: Perform additional document verification. Final decision must be made by the authorized official."
FRA0062,Madhya Pradesh,Balaghat,30,LOW,Normal,"Claim FRA0062 from Balaghat, Madhya Pradesh has a risk score of 30/100 (LOW). No major risk indicators were detected for this claim. Key factors: High claim overlap | Multiple previous rejections. Recommended action: No immediate action required. Final decision must be made by the authorized official."
FRA0063,Jharkhand,Simdega,0,LOW,Normal,"Claim FRA0063 from Simdega, Jharkhand has a risk score of 0/100 (LOW). No major risk indicators were detected for this claim. Key factors: . Recommended action: No immediate action required. Final decision must be made by the authorized official."
FRA0064,Maharashtra,Nashik,30,LOW,Normal,"Claim FRA0064 from Nashik, Maharashtra has a risk score of 30/100 (LOW). No major risk indicators were detected for this claim. Key factors: High claim overlap | Multiple previous rejections. Recommended action: No immediate action required. Final decision must be made by the authorized official."
FRA0065,Maharashtra,Gadchiroli,15,LOW,Normal,"Claim FRA0065 from Gadchiroli, Maharashtra has a risk score of 15/100 (LOW). No major risk indicators were detected for this claim. Key factors: Long processing delay. Recommended action: No immediate action required. Final decision must be made by the authorized official."
FRA0066,Madhya Pradesh,Mandla,15,LOW,Normal,"Claim FRA0066 from Mandla, Madhya Pradesh has a risk score of 15/100 (LOW). No major risk indicators were detected for this claim. Key factors: Moderate claim overlap. Recommended action: No immediate action required. Final decision must be made by the authorized official."
FRA0067,Madhya Pradesh,Balaghat,5,LOW,Normal,"Claim FRA0067 from Balaghat, Madhya Pradesh has a risk score of 5/100 (LOW). No major risk indicators were detected for this claim. Key factors: Multiple previous rejections. Recommended action: No immediate action required. Final decision must be made by the authorized official."
FRA0068,Jharkhand,Gumla,0,LOW,Normal,"Claim FRA0068 from Gumla, Jharkhand has a risk score of 0/100 (LOW). No major risk indicators were detected for this claim. Key factors: . Recommended action: No immediate action required. Final decision must be made by the authorized official."
FRA0069,Odisha,Keonjhar,5,LOW,Normal,"Claim FRA0069 from Keonjhar, Odisha has a risk score of 5/100 (LOW). No major risk indicators were detected for this claim. Key factors: Multiple previous rejections. Recommended action: No immediate action required. Final decision must be made by the authorized official."
FRA0070,Chhattisgarh,Surguja,15,LOW,Normal,"Claim FRA0070 from Surguja, Chhattisgarh has a risk score of 15/100 (LOW). No major risk indicators were detected for this claim. Key factors: Long processing delay. Recommended action: No immediate action required. Final decision must be made by the authorized official."
FRA0071,Odisha,Keonjhar,45,MEDIUM,Moderate,"Claim FRA0071 from Keonjhar, Odisha has a risk score of 45/100 (MEDIUM). This claim has some risk indicators and may require additional verification. Key factors: Long processing delay | High claim overlap | Multiple previous rejections. Recommended action: Perform additional document verification. Final decision must be made by the authorized official."
FRA0072,Madhya Pradesh,Dindori,0,LOW,Normal,"Claim FRA0072 from Dindori, Madhya Pradesh has a risk score of 0/100 (LOW). No major risk indicators were detected for this claim. Key factors: . Recommended action: No immediate action required. Final decision must be made by the authorized official."
FRA0073,Jharkhand,Simdega,5,LOW,Normal,"Claim FRA0073 from Simdega, Jharkhand has a risk score of 5/100 (LOW). No major risk indicators were detected for this claim. Key factors: Multiple previous rejections. Recommended action: No immediate action required. Final decision must be made by the authorized official."
FRA0074,Odisha,Mayurbhanj,20,LOW,Normal,"Claim FRA0074 from Mayurbhanj, Odisha has a risk score of 20/100 (LOW). No major risk indicators were detected for this claim. Key factors: Moderate claim overlap | Multiple previous rejections. Recommended action: No immediate action required. Final decision must be made by the authorized official."
FRA0075,Jharkhand,Simdega,15,LOW,Normal,"Claim FRA0075 from Simdega, Jharkhand has a risk score of 15/100 (LOW). No major risk indicators were detected for this claim. Key factors: Moderate claim overlap. Recommended action: No immediate action required. Final decision must be made by the authorized official."
FRA0076,Odisha,Koraput,15,LOW,Normal,"Claim FRA0076 from Koraput, Odisha has a risk score of 15/100 (LOW). No major risk indicators were detected for this claim. Key factors: Long processing delay. Recommended action: No immediate action required. Final decision must be made by the authorized official."
FRA0077,Chhattisgarh,Surguja,50,MEDIUM,Moderate,"Claim FRA0077 from Surguja, Chhattisgarh has a risk score of 50/100 (MEDIUM). This claim has some risk indicators and may require additional verification. Key factors: Long processing delay | Area mismatch | Moderate claim overlap | Multiple previous rejections. Recommended action: Perform additional document verification. Final decision must be made by the authorized official."
FRA0078,Odisha,Koraput,15,LOW,Normal,"Claim FRA0078 from Koraput, Odisha has a risk score of 15/100 (LOW). No major risk indicators were detected for this claim. Key factors: Long processing delay. Recommended action: No immediate action required. Final decision must be made by the authorized official."
FRA0079,Jharkhand,Gumla,20,LOW,Normal,"Claim FRA0079 from Gumla, Jharkhand has a risk score of 20/100 (LOW). No major risk indicators were detected for this claim. Key factors: Moderate claim overlap | Multiple previous rejections. Recommended action: No immediate action required. Final decision must be made by the authorized official."
FRA0080,Madhya Pradesh,Balaghat,15,LOW,Normal,"Claim FRA0080 from Balaghat, Madhya Pradesh has a risk score of 15/100 (LOW). No major risk indicators were detected for this claim. Key factors: Moderate claim overlap. Recommended action: No immediate action required. Final decision must be made by the authorized official."
FRA0081,Odisha,Koraput,25,LOW,Normal,"Claim FRA0081 from Koraput, Odisha has a risk score of 25/100 (LOW). No major risk indicators were detected for this claim. Key factors: High claim overlap. Recommended action: No immediate action required. Final decision must be made by the authorized official."
FRA0082,Odisha,Keonjhar,25,LOW,Normal,"Claim FRA0082 from Keonjhar, Odisha has a risk score of 25/100 (LOW). No major risk indicators were detected for this claim. Key factors: High claim overlap. Recommended action: No immediate action required. Final decision must be made by the authorized official."
FRA0083,Madhya Pradesh,Dindori,0,LOW,Normal,"Claim FRA0083 from Dindori, Madhya Pradesh has a risk score of 0/100 (LOW). No major risk indicators were detected for this claim. Key factors: . Recommended action: No immediate action required. Final decision must be made by the authorized official."
FRA0084,Maharashtra,Nandurbar,25,LOW,Normal,"Claim FRA0084 from Nandurbar, Maharashtra has a risk score of 25/100 (LOW). No major risk indicators were detected for this claim. Key factors: High claim overlap. Recommended action: No immediate action required. Final decision must be made by the authorized official."
FRA0085,Madhya Pradesh,Balaghat,15,LOW,Normal,"Claim FRA0085 from Balaghat, Madhya Pradesh has a risk score of 15/100 (LOW). No major risk indicators were detected for this claim. Key factors: Moderate claim overlap. Recommended action: No immediate action required. Final decision must be made by the authorized official."
FRA0086,Maharashtra,Nashik,15,LOW,Normal,"Claim FRA0086 from Nashik, Maharashtra has a risk score of 15/100 (LOW). No major risk indicators were detected for this claim. Key factors: Moderate claim overlap. Recommended action: No immediate action required. Final decision must be made by the authorized official."
FRA0087,Madhya Pradesh,Balaghat,15,LOW,Normal,"Claim FRA0087 from Balaghat, Madhya Pradesh has a risk score of 15/100 (LOW). No major risk indicators were detected for this claim. Key factors: Long processing delay. Recommended action: No immediate action required. Final decision must be made by the authorized official."
FRA0088,Chhattisgarh,Surguja,15,LOW,Normal,"Claim FRA0088 from Surguja, Chhattisgarh has a risk score of 15/100 (LOW). No major risk indicators were detected for this claim. Key factors: Moderate claim overlap. Recommended action: No immediate action required. Final decision must be made by the authorized official."
FRA0089,Maharashtra,Nashik,20,LOW,Normal,"Claim FRA0089 from Nashik, Maharashtra has a risk score of 20/100 (LOW). No major risk indicators were detected for this claim. Key factors: Moderate claim overlap | Multiple previous rejections. Recommended action: No immediate action required. Final decision must be made by the authorized official."
FRA0090,Madhya Pradesh,Balaghat,15,LOW,Normal,"Claim FRA0090 from Balaghat, Madhya Pradesh has a risk score of 15/100 (LOW). No major risk indicators were detected for this claim. Key factors: Long processing delay. Recommended action: No immediate action required. Final decision must be made by the authorized official."
FRA0091,Odisha,Keonjhar,0,LOW,Normal,"Claim FRA0091 from Keonjhar, Odisha has a risk score of 0/100 (LOW). No major risk indicators were detected for this claim. Key factors: . Recommended action: No immediate action required. Final decision must be made by the authorized official."
FRA0092,Chhattisgarh,Bastar,30,LOW,Normal,"Claim FRA0092 from Bastar, Chhattisgarh has a risk score of 30/100 (LOW). No major risk indicators were detected for this claim. Key factors: High claim overlap | Multiple previous rejections. Recommended action: No immediate action required. Final decision must be made by the authorized official."
FRA0093,Madhya Pradesh,Mandla,20,LOW,Normal,"Claim FRA0093 from Mandla, Madhya Pradesh has a risk score of 20/100 (LOW). No major risk indicators were detected for this claim. Key factors: Long processing delay | Multiple previous rejections. Recommended action: No immediate action required. Final decision must be made by the authorized official."
FRA0094,Jharkhand,Ranchi,30,LOW,Normal,"Claim FRA0094 from Ranchi, Jharkhand has a risk score of 30/100 (LOW). No major risk indicators were detected for this claim. Key factors: High claim overlap | Multiple previous rejections. Recommended action: No immediate action required. Final decision must be made by the authorized official."
FRA0095,Chhattisgarh,Surguja,20,LOW,Normal,"Claim FRA0095 from Surguja, Chhattisgarh has a risk score of 20/100 (LOW). No major risk indicators were detected for this claim. Key factors: Long processing delay | Multiple previous rejections. Recommended action: No immediate action required. Final decision must be made by the authorized official."
FRA0096,Madhya Pradesh,Mandla,20,LOW,Normal,"Claim FRA0096 from Mandla, Madhya Pradesh has a risk score of 20/100 (LOW). No major risk indicators were detected for this claim. Key factors: Long processing delay | Multiple previous rejections. Recommended action: No immediate action required. Final decision must be made by the authorized official."
FRA0097,Chhattisgarh,Kanker,15,LOW,Normal,"Claim FRA0097 from Kanker, Chhattisgarh has a risk score of 15/100 (LOW). No major risk indicators were detected for this claim. Key factors: Moderate claim overlap. Recommended action: No immediate action required. Final decision must be made by the authorized official."
FRA0098,Odisha,Keonjhar,5,LOW,Normal,"Claim FRA0098 from Keonjhar, Odisha has a risk score of 5/100 (LOW). No major risk indicators were detected for this claim. Key factors: Multiple previous rejections. Recommended action: No immediate action required. Final decision must be made by the authorized official."
FRA0099,Maharashtra,Nashik,25,LOW,Normal,"Claim FRA0099 from Nashik, Maharashtra has a risk score of 25/100 (LOW). No major risk indicators were detected for this claim. Key factors: High claim overlap. Recommended action: No immediate action required. Final decision must be made by the authorized official."
FRA0100,Maharashtra,Nashik,15,LOW,Normal,"Claim FRA0100 from Nashik, Maharashtra has a risk score of 15/100 (LOW). No major risk indicators were detected for this claim. Key factors: Moderate claim overlap. Recommended action: No immediate action required. Final decision must be made by the authorized official."
FRA0101,Jharkhand,Gumla,5,LOW,Normal,"Claim FRA0101 from Gumla, Jharkhand has a risk score of 5/100 (LOW). No major risk indicators were detected for this claim. Key factors: Multiple previous rejections. Recommended action: No immediate action required. Final decision must be made by the authorized official."
FRA0102,Madhya Pradesh,Balaghat,30,LOW,Normal,"Claim FRA0102 from Balaghat, Madhya Pradesh has a risk score of 30/100 (LOW). No major risk indicators were detected for this claim. Key factors: High claim overlap | Multiple previous rejections. Recommended action: No immediate action required. Final decision must be made by the authorized official."
FRA0103,Odisha,Keonjhar,5,LOW,Normal,"Claim FRA0103 from Keonjhar, Odisha has a risk score of 5/100 (LOW). No major risk indicators were detected for this claim. Key factors: Multiple previous rejections. Recommended action: No immediate action required. Final decision must be made by the authorized official."
FRA0104,Odisha,Keonjhar,20,LOW,Normal,"Claim FRA0104 from Keonjhar, Odisha has a risk score of 20/100 (LOW). No major risk indicators were detected for this claim. Key factors: Moderate claim overlap | Multiple previous rejections. Recommended action: No immediate action required. Final decision must be made by the authorized official."
FRA0105,Chhattisgarh,Surguja,15,LOW,Normal,"Claim FRA0105 from Surguja, Chhattisgarh has a risk score of 15/100 (LOW). No major risk indicators were detected for this claim. Key factors: Moderate claim overlap. Recommended action: No immediate action required. Final decision must be made by the authorized official."
FRA0106,Jharkhand,Ranchi,15,LOW,Normal,"Claim FRA0106 from Ranchi, Jharkhand has a risk score of 15/100 (LOW). No major risk indicators were detected for this claim. Key factors: Long processing delay. Recommended action: No immediate action required. Final decision must be made by the authorized official."
FRA0107,Jharkhand,Gumla,5,LOW,Normal,"Claim FRA0107 from Gumla, Jharkhand has a risk score of 5/100 (LOW). No major risk indicators were detected for this claim. Key factors: Multiple previous rejections. Recommended action: No immediate action required. Final decision must be made by the authorized official."
FRA0108,Madhya Pradesh,Dindori,20,LOW,Normal,"Claim FRA0108 from Dindori, Madhya Pradesh has a risk score of 20/100 (LOW). No major risk indicators were detected for this claim. Key factors: Long processing delay | Multiple previous rejections. Recommended action: No immediate action required. Final decision must be made by the authorized official."
FRA0109,Odisha,Koraput,20,LOW,Normal,"Claim FRA0109 from Koraput, Odisha has a risk score of 20/100 (LOW). No major risk indicators were detected for this claim. Key factors: Moderate claim overlap | Multiple previous rejections. Recommended action: No immediate action required. Final decision must be made by the authorized official."
FRA0110,Chhattisgarh,Surguja,5,LOW,Normal,"Claim FRA0110 from Surguja, Chhattisgarh has a risk score of 5/100 (LOW). No major risk indicators were detected for this claim. Key factors: Multiple previous rejections. Recommended action: No immediate action required. Final decision must be made by the authorized official."
FRA0111,Jharkhand,Gumla,40,MEDIUM,Moderate,"Claim FRA0111 from Gumla, Jharkhand has a risk score of 40/100 (MEDIUM). This claim has some risk indicators and may require additional verification. Key factors: Long processing delay | High claim overlap. Recommended action: Perform additional document verification. Final decision must be made by the authorized official."
FRA0112,Madhya Pradesh,Mandla,25,LOW,Normal,"Claim FRA0112 from Mandla, Madhya Pradesh has a risk score of 25/100 (LOW). No major risk indicators were detected for this claim. Key factors: High claim overlap. Recommended action: No immediate action required. Final decision must be made by the authorized official."
FRA0113,Odisha,Mayurbhanj,30,LOW,Normal,"Claim FRA0113 from Mayurbhanj, Odisha has a risk score of 30/100 (LOW). No major risk indicators were detected for this claim. Key factors: High claim overlap | Multiple previous rejections. Recommended action: No immediate action required. Final decision must be made by the authorized official."
FRA0114,Odisha,Mayurbhanj,55,HIGH,High,"Claim FRA0114 from Mayurbhanj, Odisha has a risk score of 55/100 (HIGH). This claim shows significant risk indicators and should be reviewed by the concerned authority. Key factors: Long processing delay | High claim overlap | Multiple previous rejections | ML anomaly detected. Recommended action: Review claim documents and processing history. Final decision must be made by the authorized official."
FRA0115,Chhattisgarh,Bastar,30,LOW,Normal,"Claim FRA0115 from Bastar, Chhattisgarh has a risk score of 30/100 (LOW). No major risk indicators were detected for this claim. Key factors: Long processing delay | Moderate claim overlap. Recommended action: No immediate action required. Final decision must be made by the authorized official."
FRA0116,Jharkhand,Simdega,15,LOW,Normal,"Claim FRA0116 from Simdega, Jharkhand has a risk score of 15/100 (LOW). No major risk indicators were detected for this claim. Key factors: Moderate claim overlap. Recommended action: No immediate action required. Final decision must be made by the authorized official."
FRA0117,Maharashtra,Gadchiroli,5,LOW,Normal,"Claim FRA0117 from Gadchiroli, Maharashtra has a risk score of 5/100 (LOW). No major risk indicators were detected for this claim. Key factors: Multiple previous rejections. Recommended action: No immediate action required. Final decision must be made by the authorized official."
FRA0118,Chhattisgarh,Surguja,15,LOW,Normal,"Claim FRA0118 from Surguja, Chhattisgarh has a risk score of 15/100 (LOW). No major risk indicators were detected for this claim. Key factors: Long processing delay. Recommended action: No immediate action required. Final decision must be made by the authorized official."
FRA0119,Maharashtra,Nandurbar,40,MEDIUM,Moderate,"Claim FRA0119 from Nandurbar, Maharashtra has a risk score of 40/100 (MEDIUM). This claim has some risk indicators and may require additional verification. Key factors: Long processing delay | High claim overlap. Recommended action: Perform additional document verification. Final decision must be made by the authorized official."
FRA0120,Odisha,Keonjhar,20,LOW,Normal,"Claim FRA0120 from Keonjhar, Odisha has a risk score of 20/100 (LOW). No major risk indicators were detected for this claim. Key factors: Moderate claim overlap | Multiple previous rejections. Recommended action: No immediate action required. Final decision must be made by the authorized official."
FRA0121,Madhya Pradesh,Balaghat,5,LOW,Normal,"Claim FRA0121 from Balaghat, Madhya Pradesh has a risk score of 5/100 (LOW). No major risk indicators were detected for this claim. Key factors: Multiple previous rejections. Recommended action: No immediate action required. Final decision must be made by the authorized official."
FRA0122,Jharkhand,Simdega,45,MEDIUM,Moderate,"Claim FRA0122 from Simdega, Jharkhand has a risk score of 45/100 (MEDIUM). This claim has some risk indicators and may require additional verification. Key factors: Long processing delay | High claim overlap | Multiple previous rejections. Recommended action: Perform additional document verification. Final decision must be made by the authorized official."
FRA0123,Odisha,Keonjhar,5,LOW,Normal,"Claim FRA0123 from Keonjhar, Odisha has a risk score of 5/100 (LOW). No major risk indicators were detected for this claim. Key factors: Multiple previous rejections. Recommended action: No immediate action required. Final decision must be made by the authorized official."
FRA0124,Madhya Pradesh,Balaghat,15,LOW,Normal,"Claim FRA0124 from Balaghat, Madhya Pradesh has a risk score of 15/100 (LOW). No major risk indicators were detected for this claim. Key factors: Long processing delay. Recommended action: No immediate action required. Final decision must be made by the authorized official."
FRA0125,Chhattisgarh,Surguja,25,LOW,Normal,"Claim FRA0125 from Surguja, Chhattisgarh has a risk score of 25/100 (LOW). No major risk indicators were detected for this claim. Key factors: High claim overlap. Recommended action: No immediate action required. Final decision must be made by the authorized official."
FRA0126,Jharkhand,Simdega,45,MEDIUM,Moderate,"Claim FRA0126 from Simdega, Jharkhand has a risk score of 45/100 (MEDIUM). This claim has some risk indicators and may require additional verification. Key factors: Long processing delay | High claim overlap | Multiple previous rejections. Recommended action: Perform additional document verification. Final decision must be made by the authorized official."
FRA0127,Madhya Pradesh,Mandla,5,LOW,Normal,"Claim FRA0127 from Mandla, Madhya Pradesh has a risk score of 5/100 (LOW). No major risk indicators were detected for this claim. Key factors: Multiple previous rejections. Recommended action: No immediate action required. Final decision must be made by the authorized official."
FRA0128,Odisha,Keonjhar,20,LOW,Normal,"Claim FRA0128 from Keonjhar, Odisha has a risk score of 20/100 (LOW). No major risk indicators were detected for this claim. Key factors: Moderate claim overlap | Multiple previous rejections. Recommended action: No immediate action required. Final decision must be made by the authorized official."
FRA0129,Maharashtra,Nashik,20,LOW,Normal,"Claim FRA0129 from Nashik, Maharashtra has a risk score of 20/100 (LOW). No major risk indicators were detected for this claim. Key factors: Moderate claim overlap | Multiple previous rejections. Recommended action: No immediate action required. Final decision must be made by the authorized official."
FRA0130,Chhattisgarh,Bastar,15,LOW,Normal,"Claim FRA0130 from Bastar, Chhattisgarh has a risk score of 15/100 (LOW). No major risk indicators were detected for this claim. Key factors: Moderate claim overlap. Recommended action: No immediate action required. Final decision must be made by the authorized official."
FRA0131,Madhya Pradesh,Dindori,5,LOW,Normal,"Claim FRA0131 from Dindori, Madhya Pradesh has a risk score of 5/100 (LOW). No major risk indicators were detected for this claim. Key factors: Multiple previous rejections. Recommended action: No immediate action required. Final decision must be made by the authorized official."
FRA0132,Chhattisgarh,Surguja,15,LOW,Normal,"Claim FRA0132 from Surguja, Chhattisgarh has a risk score of 15/100 (LOW). No major risk indicators were detected for this claim. Key factors: Long processing delay. Recommended action: No immediate action required. Final decision must be made by the authorized official."
FRA0133,Chhattisgarh,Surguja,25,LOW,Normal,"Claim FRA0133 from Surguja, Chhattisgarh has a risk score of 25/100 (LOW). No major risk indicators were detected for this claim. Key factors: High claim overlap. Recommended action: No immediate action required. Final decision must be made by the authorized official."
FRA0134,Chhattisgarh,Bastar,0,LOW,Normal,"Claim FRA0134 from Bastar, Chhattisgarh has a risk score of 0/100 (LOW). No major risk indicators were detected for this claim. Key factors: . Recommended action: No immediate action required. Final decision must be made by the authorized official."
FRA0135,Maharashtra,Nandurbar,20,LOW,Normal,"Claim FRA0135 from Nandurbar, Maharashtra has a risk score of 20/100 (LOW). No major risk indicators were detected for this claim. Key factors: Long processing delay | Multiple previous rejections. Recommended action: No immediate action required. Final decision must be made by the authorized official."
FRA0136,Odisha,Koraput,20,LOW,Normal,"Claim FRA0136 from Koraput, Odisha has a risk score of 20/100 (LOW). No major risk indicators were detected for this claim. Key factors: Moderate claim overlap | Multiple previous rejections. Recommended action: No immediate action required. Final decision must be made by the authorized official."
FRA0137,Odisha,Mayurbhanj,5,LOW,Normal,"Claim FRA0137 from Mayurbhanj, Odisha has a risk score of 5/100 (LOW). No major risk indicators were detected for this claim. Key factors: Multiple previous rejections. Recommended action: No immediate action required. Final decision must be made by the authorized official."
FRA0138,Chhattisgarh,Surguja,20,LOW,Normal,"Claim FRA0138 from Surguja, Chhattisgarh has a risk score of 20/100 (LOW). No major risk indicators were detected for this claim. Key factors: Long processing delay | Multiple previous rejections. Recommended action: No immediate action required. Final decision must be made by the authorized official."
FRA0139,Odisha,Keonjhar,5,LOW,Normal,"Claim FRA0139 from Keonjhar, Odisha has a risk score of 5/100 (LOW). No major risk indicators were detected for this claim. Key factors: Multiple previous rejections. Recommended action: No immediate action required. Final decision must be made by the authorized official."
FRA0140,Odisha,Mayurbhanj,15,LOW,Normal,"Claim FRA0140 from Mayurbhanj, Odisha has a risk score of 15/100 (LOW). No major risk indicators were detected for this claim. Key factors: Moderate claim overlap. Recommended action: No immediate action required. Final decision must be made by the authorized official."
FRA0141,Chhattisgarh,Surguja,35,MEDIUM,Moderate,"Claim FRA0141 from Surguja, Chhattisgarh has a risk score of 35/100 (MEDIUM). This claim has some risk indicators and may require additional verification. Key factors: Long processing delay | Moderate claim overlap | Multiple previous rejections. Recommended action: Perform additional document verification. Final decision must be made by the authorized official."
FRA0142,Madhya Pradesh,Dindori,35,MEDIUM,Moderate,"Claim FRA0142 from Dindori, Madhya Pradesh has a risk score of 35/100 (MEDIUM). This claim has some risk indicators and may require additional verification. Key factors: Long processing delay | Moderate claim overlap | Multiple previous rejections. Recommended action: Perform additional document verification. Final decision must be made by the authorized official."
FRA0143,Jharkhand,Gumla,5,LOW,Normal,"Claim FRA0143 from Gumla, Jharkhand has a risk score of 5/100 (LOW). No major risk indicators were detected for this claim. Key factors: Multiple previous rejections. Recommended action: No immediate action required. Final decision must be made by the authorized official."
FRA0144,Chhattisgarh,Bastar,5,LOW,Normal,"Claim FRA0144 from Bastar, Chhattisgarh has a risk score of 5/100 (LOW). No major risk indicators were detected for this claim. Key factors: Multiple previous rejections. Recommended action: No immediate action required. Final decision must be made by the authorized official."
FRA0145,Jharkhand,Ranchi,15,LOW,Normal,"Claim FRA0145 from Ranchi, Jharkhand has a risk score of 15/100 (LOW). No major risk indicators were detected for this claim. Key factors: Long processing delay. Recommended action: No immediate action required. Final decision must be made by the authorized official."
FRA0146,Odisha,Keonjhar,5,LOW,Normal,"Claim FRA0146 from Keonjhar, Odisha has a risk score of 5/100 (LOW). No major risk indicators were detected for this claim. Key factors: Multiple previous rejections. Recommended action: No immediate action required. Final decision must be made by the authorized official."
FRA0147,Maharashtra,Gadchiroli,55,HIGH,High,"Claim FRA0147 from Gadchiroli, Maharashtra has a risk score of 55/100 (HIGH). This claim shows significant risk indicators and should be reviewed by the concerned authority. Key factors: Large area mismatch | Moderate claim overlap | Multiple previous rejections | ML anomaly detected. Recommended action: Review claim documents and processing history. Final decision must be made by the authorized official."
FRA0148,Madhya Pradesh,Dindori,15,LOW,Normal,"Claim FRA0148 from Dindori, Madhya Pradesh has a risk score of 15/100 (LOW). No major risk indicators were detected for this claim. Key factors: Long processing delay. Recommended action: No immediate action required. Final decision must be made by the authorized official."
FRA0149,Chhattisgarh,Kanker,15,LOW,Normal,"Claim FRA0149 from Kanker, Chhattisgarh has a risk score of 15/100 (LOW). No major risk indicators were detected for this claim. Key factors: Moderate claim overlap. Recommended action: No immediate action required. Final decision must be made by the authorized official."
FRA0150,Odisha,Koraput,40,MEDIUM,Moderate,"Claim FRA0150 from Koraput, Odisha has a risk score of 40/100 (MEDIUM). This claim has some risk indicators and may require additional verification. Key factors: Long processing delay | High claim overlap. Recommended action: Perform additional document verification. Final decision must be made by the authorized official."
FRA0151,Jharkhand,Simdega,25,LOW,Normal,"Claim FRA0151 from Simdega, Jharkhand has a risk score of 25/100 (LOW). No major risk indicators were detected for this claim. Key factors: High claim overlap. Recommended action: No immediate action required. Final decision must be made by the authorized official."
FRA0152,Madhya Pradesh,Mandla,5,LOW,Normal,"Claim FRA0152 from Mandla, Madhya Pradesh has a risk score of 5/100 (LOW). No major risk indicators were detected for this claim. Key factors: Multiple previous rejections. Recommended action: No immediate action required. Final decision must be made by the authorized official."
FRA0153,Maharashtra,Gadchiroli,45,MEDIUM,Moderate,"Claim FRA0153 from Gadchiroli, Maharashtra has a risk score of 45/100 (MEDIUM). This claim has some risk indicators and may require additional verification. Key factors: Long processing delay | High claim overlap | Multiple previous rejections. Recommended action: Perform additional document verification. Final decision must be made by the authorized official."
FRA0154,Madhya Pradesh,Mandla,30,LOW,Normal,"Claim FRA0154 from Mandla, Madhya Pradesh has a risk score of 30/100 (LOW). No major risk indicators were detected for this claim. Key factors: High claim overlap | Multiple previous rejections. Recommended action: No immediate action required. Final decision must be made by the authorized official."
FRA0155,Maharashtra,Nashik,30,LOW,Normal,"Claim FRA0155 from Nashik, Maharashtra has a risk score of 30/100 (LOW). No major risk indicators were detected for this claim. Key factors: Long processing delay | Moderate claim overlap. Recommended action: No immediate action required. Final decision must be made by the authorized official."
FRA0156,Madhya Pradesh,Dindori,25,LOW,Normal,"Claim FRA0156 from Dindori, Madhya Pradesh has a risk score of 25/100 (LOW). No major risk indicators were detected for this claim. Key factors: Long processing delay | ML anomaly detected. Recommended action: No immediate action required. Final decision must be made by the authorized official."
FRA0157,Maharashtra,Nashik,5,LOW,Normal,"Claim FRA0157 from Nashik, Maharashtra has a risk score of 5/100 (LOW). No major risk indicators were detected for this claim. Key factors: Multiple previous rejections. Recommended action: No immediate action required. Final decision must be made by the authorized official."
FRA0158,Madhya Pradesh,Mandla,15,LOW,Normal,"Claim FRA0158 from Mandla, Madhya Pradesh has a risk score of 15/100 (LOW). No major risk indicators were detected for this claim. Key factors: Moderate claim overlap. Recommended action: No immediate action required. Final decision must be made by the authorized official."
FRA0159,Maharashtra,Nashik,10,LOW,Normal,"Claim FRA0159 from Nashik, Maharashtra has a risk score of 10/100 (LOW). No major risk indicators were detected for this claim. Key factors: ML anomaly detected. Recommended action: No immediate action required. Final decision must be made by the authorized official."
FRA0160,Odisha,Mayurbhanj,35,MEDIUM,Moderate,"Claim FRA0160 from Mayurbhanj, Odisha has a risk score of 35/100 (MEDIUM). This claim has some risk indicators and may require additional verification. Key factors: Long processing delay | Moderate claim overlap | Multiple previous rejections. Recommended action: Perform additional document verification. Final decision must be made by the authorized official."
FRA0161,Madhya Pradesh,Balaghat,15,LOW,Normal,"Claim FRA0161 from Balaghat, Madhya Pradesh has a risk score of 15/100 (LOW). No major risk indicators were detected for this claim. Key factors: Long processing delay. Recommended action: No immediate action required. Final decision must be made by the authorized official."
FRA0162,Madhya Pradesh,Mandla,20,LOW,Normal,"Claim FRA0162 from Mandla, Madhya Pradesh has a risk score of 20/100 (LOW). No major risk indicators were detected for this claim. Key factors: Moderate claim overlap | Multiple previous rejections. Recommended action: No immediate action required. Final decision must be made by the authorized official."
FRA0163,Maharashtra,Nandurbar,0,LOW,Normal,"Claim FRA0163 from Nandurbar, Maharashtra has a risk score of 0/100 (LOW). No major risk indicators were detected for this claim. Key factors: . Recommended action: No immediate action required. Final decision must be made by the authorized official."
FRA0164,Chhattisgarh,Surguja,30,LOW,Normal,"Claim FRA0164 from Surguja, Chhattisgarh has a risk score of 30/100 (LOW). No major risk indicators were detected for this claim. Key factors: High claim overlap | Multiple previous rejections. Recommended action: No immediate action required. Final decision must be made by the authorized official."
FRA0165,Maharashtra,Nandurbar,15,LOW,Normal,"Claim FRA0165 from Nandurbar, Maharashtra has a risk score of 15/100 (LOW). No major risk indicators were detected for this claim. Key factors: Long processing delay. Recommended action: No immediate action required. Final decision must be made by the authorized official."
FRA0166,Maharashtra,Nashik,35,MEDIUM,Moderate,"Claim FRA0166 from Nashik, Maharashtra has a risk score of 35/100 (MEDIUM). This claim has some risk indicators and may require additional verification. Key factors: Long processing delay | Moderate claim overlap | Multiple previous rejections. Recommended action: Perform additional document verification. Final decision must be made by the authorized official."
FRA0167,Maharashtra,Gadchiroli,30,LOW,Normal,"Claim FRA0167 from Gadchiroli, Maharashtra has a risk score of 30/100 (LOW). No major risk indicators were detected for this claim. Key factors: High claim overlap | Multiple previous rejections. Recommended action: No immediate action required. Final decision must be made by the authorized official."
FRA0168,Maharashtra,Nashik,30,LOW,Normal,"Claim FRA0168 from Nashik, Maharashtra has a risk score of 30/100 (LOW). No major risk indicators were detected for this claim. Key factors: Long processing delay | Moderate claim overlap. Recommended action: No immediate action required. Final decision must be made by the authorized official."
FRA0169,Maharashtra,Nandurbar,40,MEDIUM,Moderate,"Claim FRA0169 from Nandurbar, Maharashtra has a risk score of 40/100 (MEDIUM). This claim has some risk indicators and may require additional verification. Key factors: Long processing delay | High claim overlap. Recommended action: Perform additional document verification. Final decision must be made by the authorized official."
FRA0170,Chhattisgarh,Bastar,30,LOW,Normal,"Claim FRA0170 from Bastar, Chhattisgarh has a risk score of 30/100 (LOW). No major risk indicators were detected for this claim. Key factors: High claim overlap | Multiple previous rejections. Recommended action: No immediate action required. Final decision must be made by the authorized official."
FRA0171,Jharkhand,Simdega,0,LOW,Normal,"Claim FRA0171 from Simdega, Jharkhand has a risk score of 0/100 (LOW). No major risk indicators were detected for this claim. Key factors: . Recommended action: No immediate action required. Final decision must be made by the authorized official."
FRA0172,Chhattisgarh,Surguja,25,LOW,Normal,"Claim FRA0172 from Surguja, Chhattisgarh has a risk score of 25/100 (LOW). No major risk indicators were detected for this claim. Key factors: High claim overlap. Recommended action: No immediate action required. Final decision must be made by the authorized official."
FRA0173,Maharashtra,Nandurbar,0,LOW,Normal,"Claim FRA0173 from Nandurbar, Maharashtra has a risk score of 0/100 (LOW). No major risk indicators were detected for this claim. Key factors: . Recommended action: No immediate action required. Final decision must be made by the authorized official."
FRA0174,Madhya Pradesh,Dindori,30,LOW,Normal,"Claim FRA0174 from Dindori, Madhya Pradesh has a risk score of 30/100 (LOW). No major risk indicators were detected for this claim. Key factors: Long processing delay | Multiple previous rejections | ML anomaly detected. Recommended action: No immediate action required. Final decision must be made by the authorized official."
FRA0175,Madhya Pradesh,Dindori,15,LOW,Normal,"Claim FRA0175 from Dindori, Madhya Pradesh has a risk score of 15/100 (LOW). No major risk indicators were detected for this claim. Key factors: Long processing delay. Recommended action: No immediate action required. Final decision must be made by the authorized official."
FRA0176,Odisha,Keonjhar,20,LOW,Normal,"Claim FRA0176 from Keonjhar, Odisha has a risk score of 20/100 (LOW). No major risk indicators were detected for this claim. Key factors: Long processing delay | Multiple previous rejections. Recommended action: No immediate action required. Final decision must be made by the authorized official."
FRA0177,Maharashtra,Gadchiroli,25,LOW,Normal,"Claim FRA0177 from Gadchiroli, Maharashtra has a risk score of 25/100 (LOW). No major risk indicators were detected for this claim. Key factors: High claim overlap. Recommended action: No immediate action required. Final decision must be made by the authorized official."
FRA0178,Odisha,Koraput,30,LOW,Normal,"Claim FRA0178 from Koraput, Odisha has a risk score of 30/100 (LOW). No major risk indicators were detected for this claim. Key factors: Long processing delay | Moderate claim overlap. Recommended action: No immediate action required. Final decision must be made by the authorized official."
FRA0179,Maharashtra,Nandurbar,30,LOW,Normal,"Claim FRA0179 from Nandurbar, Maharashtra has a risk score of 30/100 (LOW). No major risk indicators were detected for this claim. Key factors: Long processing delay | Moderate claim overlap. Recommended action: No immediate action required. Final decision must be made by the authorized official."
FRA0180,Madhya Pradesh,Dindori,5,LOW,Normal,"Claim FRA0180 from Dindori, Madhya Pradesh has a risk score of 5/100 (LOW). No major risk indicators were detected for this claim. Key factors: Multiple previous rejections. Recommended action: No immediate action required. Final decision must be made by the authorized official."
FRA0181,Madhya Pradesh,Mandla,15,LOW,Normal,"Claim FRA0181 from Mandla, Madhya Pradesh has a risk score of 15/100 (LOW). No major risk indicators were detected for this claim. Key factors: Long processing delay. Recommended action: No immediate action required. Final decision must be made by the authorized official."
FRA0182,Odisha,Koraput,20,LOW,Normal,"Claim FRA0182 from Koraput, Odisha has a risk score of 20/100 (LOW). No major risk indicators were detected for this claim. Key factors: Moderate claim overlap | Multiple previous rejections. Recommended action: No immediate action required. Final decision must be made by the authorized official."
FRA0183,Maharashtra,Nandurbar,20,LOW,Normal,"Claim FRA0183 from Nandurbar, Maharashtra has a risk score of 20/100 (LOW). No major risk indicators were detected for this claim. Key factors: Moderate claim overlap | Multiple previous rejections. Recommended action: No immediate action required. Final decision must be made by the authorized official."
FRA0184,Odisha,Mayurbhanj,0,LOW,Normal,"Claim FRA0184 from Mayurbhanj, Odisha has a risk score of 0/100 (LOW). No major risk indicators were detected for this claim. Key factors: . Recommended action: No immediate action required. Final decision must be made by the authorized official."
FRA0185,Maharashtra,Nandurbar,15,LOW,Normal,"Claim FRA0185 from Nandurbar, Maharashtra has a risk score of 15/100 (LOW). No major risk indicators were detected for this claim. Key factors: Long processing delay. Recommended action: No immediate action required. Final decision must be made by the authorized official."
FRA0186,Chhattisgarh,Bastar,20,LOW,Normal,"Claim FRA0186 from Bastar, Chhattisgarh has a risk score of 20/100 (LOW). No major risk indicators were detected for this claim. Key factors: Moderate claim overlap | Multiple previous rejections. Recommended action: No immediate action required. Final decision must be made by the authorized official."
FRA0187,Madhya Pradesh,Mandla,30,LOW,Normal,"Claim FRA0187 from Mandla, Madhya Pradesh has a risk score of 30/100 (LOW). No major risk indicators were detected for this claim. Key factors: Long processing delay | Moderate claim overlap. Recommended action: No immediate action required. Final decision must be made by the authorized official."
FRA0188,Madhya Pradesh,Mandla,35,MEDIUM,Moderate,"Claim FRA0188 from Mandla, Madhya Pradesh has a risk score of 35/100 (MEDIUM). This claim has some risk indicators and may require additional verification. Key factors: Long processing delay | Moderate claim overlap | Multiple previous rejections. Recommended action: Perform additional document verification. Final decision must be made by the authorized official."
FRA0189,Odisha,Koraput,15,LOW,Normal,"Claim FRA0189 from Koraput, Odisha has a risk score of 15/100 (LOW). No major risk indicators were detected for this claim. Key factors: Moderate claim overlap. Recommended action: No immediate action required. Final decision must be made by the authorized official."
FRA0190,Jharkhand,Simdega,20,LOW,Normal,"Claim FRA0190 from Simdega, Jharkhand has a risk score of 20/100 (LOW). No major risk indicators were detected for this claim. Key factors: Moderate claim overlap | Multiple previous rejections. Recommended action: No immediate action required. Final decision must be made by the authorized official."
FRA0191,Odisha,Mayurbhanj,5,LOW,Normal,"Claim FRA0191 from Mayurbhanj, Odisha has a risk score of 5/100 (LOW). No major risk indicators were detected for this claim. Key factors: Multiple previous rejections. Recommended action: No immediate action required. Final decision must be made by the authorized official."
FRA0192,Odisha,Mayurbhanj,35,MEDIUM,Moderate,"Claim FRA0192 from Mayurbhanj, Odisha has a risk score of 35/100 (MEDIUM). This claim has some risk indicators and may require additional verification. Key factors: Long processing delay | Moderate claim overlap | Multiple previous rejections. Recommended action: Perform additional document verification. Final decision must be made by the authorized official."
FRA0193,Chhattisgarh,Bastar,15,LOW,Normal,"Claim FRA0193 from Bastar, Chhattisgarh has a risk score of 15/100 (LOW). No major risk indicators were detected for this claim. Key factors: Long processing delay. Recommended action: No immediate action required. Final decision must be made by the authorized official."
FRA0194,Jharkhand,Gumla,25,LOW,Normal,"Claim FRA0194 from Gumla, Jharkhand has a risk score of 25/100 (LOW). No major risk indicators were detected for this claim. Key factors: High claim overlap. Recommended action: No immediate action required. Final decision must be made by the authorized official."
FRA0195,Madhya Pradesh,Mandla,20,LOW,Normal,"Claim FRA0195 from Mandla, Madhya Pradesh has a risk score of 20/100 (LOW). No major risk indicators were detected for this claim. Key factors: Moderate claim overlap | Multiple previous rejections. Recommended action: No immediate action required. Final decision must be made by the authorized official."
FRA0196,Jharkhand,Simdega,5,LOW,Normal,"Claim FRA0196 from Simdega, Jharkhand has a risk score of 5/100 (LOW). No major risk indicators were detected for this claim. Key factors: Multiple previous rejections. Recommended action: No immediate action required. Final decision must be made by the authorized official."
FRA0197,Chhattisgarh,Bastar,40,MEDIUM,Moderate,"Claim FRA0197 from Bastar, Chhattisgarh has a risk score of 40/100 (MEDIUM). This claim has some risk indicators and may require additional verification. Key factors: Long processing delay | High claim overlap. Recommended action: Perform additional document verification. Final decision must be made by the authorized official."
FRA0198,Jharkhand,Simdega,35,MEDIUM,Moderate,"Claim FRA0198 from Simdega, Jharkhand has a risk score of 35/100 (MEDIUM). This claim has some risk indicators and may require additional verification. Key factors: Long processing delay | Moderate claim overlap | Multiple previous rejections. Recommended action: Perform additional document verification. Final decision must be made by the authorized official."
FRA0199,Madhya Pradesh,Mandla,25,LOW,Normal,"Claim FRA0199 from Mandla, Madhya Pradesh has a risk score of 25/100 (LOW). No major risk indicators were detected for this claim. Key factors: High claim overlap. Recommended action: No immediate action required. Final decision must be made by the authorized official."
FRA0200,Madhya Pradesh,Dindori,5,LOW,Normal,"Claim FRA0200 from Dindori, Madhya Pradesh has a risk score of 5/100 (LOW). No major risk indicators were detected for this claim. Key factors: Multiple previous rejections. Recommended action: No immediate action required. Final decision must be made by the authorized official."
FRA0201,Odisha,Mayurbhanj,0,LOW,Normal,"Claim FRA0201 from Mayurbhanj, Odisha has a risk score of 0/100 (LOW). No major risk indicators were detected for this claim. Key factors: . Recommended action: No immediate action required. Final decision must be made by the authorized official."
FRA0202,Madhya Pradesh,Balaghat,30,LOW,Normal,"Claim FRA0202 from Balaghat, Madhya Pradesh has a risk score of 30/100 (LOW). No major risk indicators were detected for this claim. Key factors: High claim overlap | Multiple previous rejections. Recommended action: No immediate action required. Final decision must be made by the authorized official."
FRA0203,Odisha,Keonjhar,20,LOW,Normal,"Claim FRA0203 from Keonjhar, Odisha has a risk score of 20/100 (LOW). No major risk indicators were detected for this claim. Key factors: Moderate claim overlap | Multiple previous rejections. Recommended action: No immediate action required. Final decision must be made by the authorized official."
FRA0204,Chhattisgarh,Bastar,30,LOW,Normal,"Claim FRA0204 from Bastar, Chhattisgarh has a risk score of 30/100 (LOW). No major risk indicators were detected for this claim. Key factors: High claim overlap | Multiple previous rejections. Recommended action: No immediate action required. Final decision must be made by the authorized official."
FRA0205,Madhya Pradesh,Balaghat,15,LOW,Normal,"Claim FRA0205 from Balaghat, Madhya Pradesh has a risk score of 15/100 (LOW). No major risk indicators were detected for this claim. Key factors: Moderate claim overlap. Recommended action: No immediate action required. Final decision must be made by the authorized official."
FRA0206,Jharkhand,Gumla,5,LOW,Normal,"Claim FRA0206 from Gumla, Jharkhand has a risk score of 5/100 (LOW). No major risk indicators were detected for this claim. Key factors: Multiple previous rejections. Recommended action: No immediate action required. Final decision must be made by the authorized official."
FRA0207,Odisha,Keonjhar,0,LOW,Normal,"Claim FRA0207 from Keonjhar, Odisha has a risk score of 0/100 (LOW). No major risk indicators were detected for this claim. Key factors: . Recommended action: No immediate action required. Final decision must be made by the authorized official."
FRA0208,Jharkhand,Ranchi,20,LOW,Normal,"Claim FRA0208 from Ranchi, Jharkhand has a risk score of 20/100 (LOW). No major risk indicators were detected for this claim. Key factors: Long processing delay | Multiple previous rejections. Recommended action: No immediate action required. Final decision must be made by the authorized official."
FRA0209,Odisha,Keonjhar,5,LOW,Normal,"Claim FRA0209 from Keonjhar, Odisha has a risk score of 5/100 (LOW). No major risk indicators were detected for this claim. Key factors: Multiple previous rejections. Recommended action: No immediate action required. Final decision must be made by the authorized official."
FRA0210,Madhya Pradesh,Balaghat,15,LOW,Normal,"Claim FRA0210 from Balaghat, Madhya Pradesh has a risk score of 15/100 (LOW). No major risk indicators were detected for this claim. Key factors: Moderate claim overlap. Recommended action: No immediate action required. Final decision must be made by the authorized official."
FRA0211,Chhattisgarh,Surguja,15,LOW,Normal,"Claim FRA0211 from Surguja, Chhattisgarh has a risk score of 15/100 (LOW). No major risk indicators were detected for this claim. Key factors: Moderate claim overlap. Recommended action: No immediate action required. Final decision must be made by the authorized official."
FRA0212,Odisha,Mayurbhanj,15,LOW,Normal,"Claim FRA0212 from Mayurbhanj, Odisha has a risk score of 15/100 (LOW). No major risk indicators were detected for this claim. Key factors: Moderate claim overlap. Recommended action: No immediate action required. Final decision must be made by the authorized official."
FRA0213,Odisha,Koraput,20,LOW,Normal,"Claim FRA0213 from Koraput, Odisha has a risk score of 20/100 (LOW). No major risk indicators were detected for this claim. Key factors: Long processing delay | Multiple previous rejections. Recommended action: No immediate action required. Final decision must be made by the authorized official."
FRA0214,Madhya Pradesh,Balaghat,5,LOW,Normal,"Claim FRA0214 from Balaghat, Madhya Pradesh has a risk score of 5/100 (LOW). No major risk indicators were detected for this claim. Key factors: Multiple previous rejections. Recommended action: No immediate action required. Final decision must be made by the authorized official."
FRA0215,Chhattisgarh,Surguja,35,MEDIUM,Moderate,"Claim FRA0215 from Surguja, Chhattisgarh has a risk score of 35/100 (MEDIUM). This claim has some risk indicators and may require additional verification. Key factors: Long processing delay | Moderate claim overlap | Multiple previous rejections. Recommended action: Perform additional document verification. Final decision must be made by the authorized official."
FRA0216,Jharkhand,Ranchi,25,LOW,Normal,"Claim FRA0216 from Ranchi, Jharkhand has a risk score of 25/100 (LOW). No major risk indicators were detected for this claim. Key factors: High claim overlap. Recommended action: No immediate action required. Final decision must be made by the authorized official."
FRA0217,Jharkhand,Ranchi,20,LOW,Normal,"Claim FRA0217 from Ranchi, Jharkhand has a risk score of 20/100 (LOW). No major risk indicators were detected for this claim. Key factors: Moderate claim overlap | Multiple previous rejections. Recommended action: No immediate action required. Final decision must be made by the authorized official."
FRA0218,Maharashtra,Nandurbar,15,LOW,Normal,"Claim FRA0218 from Nandurbar, Maharashtra has a risk score of 15/100 (LOW). No major risk indicators were detected for this claim. Key factors: Long processing delay. Recommended action: No immediate action required. Final decision must be made by the authorized official."
FRA0219,Jharkhand,Ranchi,30,LOW,Normal,"Claim FRA0219 from Ranchi, Jharkhand has a risk score of 30/100 (LOW). No major risk indicators were detected for this claim. Key factors: Long processing delay | Moderate claim overlap. Recommended action: No immediate action required. Final decision must be made by the authorized official."
FRA0220,Chhattisgarh,Kanker,15,LOW,Normal,"Claim FRA0220 from Kanker, Chhattisgarh has a risk score of 15/100 (LOW). No major risk indicators were detected for this claim. Key factors: Long processing delay. Recommended action: No immediate action required. Final decision must be made by the authorized official."
FRA0221,Chhattisgarh,Bastar,25,LOW,Normal,"Claim FRA0221 from Bastar, Chhattisgarh has a risk score of 25/100 (LOW). No major risk indicators were detected for this claim. Key factors: High claim overlap. Recommended action: No immediate action required. Final decision must be made by the authorized official."
FRA0222,Jharkhand,Ranchi,15,LOW,Normal,"Claim FRA0222 from Ranchi, Jharkhand has a risk score of 15/100 (LOW). No major risk indicators were detected for this claim. Key factors: Moderate claim overlap. Recommended action: No immediate action required. Final decision must be made by the authorized official."
FRA0223,Maharashtra,Gadchiroli,5,LOW,Normal,"Claim FRA0223 from Gadchiroli, Maharashtra has a risk score of 5/100 (LOW). No major risk indicators were detected for this claim. Key factors: Multiple previous rejections. Recommended action: No immediate action required. Final decision must be made by the authorized official."
FRA0224,Maharashtra,Nashik,15,LOW,Normal,"Claim FRA0224 from Nashik, Maharashtra has a risk score of 15/100 (LOW). No major risk indicators were detected for this claim. Key factors: Moderate claim overlap. Recommended action: No immediate action required. Final decision must be made by the authorized official."
FRA0225,Jharkhand,Ranchi,15,LOW,Normal,"Claim FRA0225 from Ranchi, Jharkhand has a risk score of 15/100 (LOW). No major risk indicators were detected for this claim. Key factors: Moderate claim overlap. Recommended action: No immediate action required. Final decision must be made by the authorized official."
FRA0226,Chhattisgarh,Bastar,25,LOW,Normal,"Claim FRA0226 from Bastar, Chhattisgarh has a risk score of 25/100 (LOW). No major risk indicators were detected for this claim. Key factors: High claim overlap. Recommended action: No immediate action required. Final decision must be made by the authorized official."
FRA0227,Madhya Pradesh,Balaghat,15,LOW,Normal,"Claim FRA0227 from Balaghat, Madhya Pradesh has a risk score of 15/100 (LOW). No major risk indicators were detected for this claim. Key factors: Long processing delay. Recommended action: No immediate action required. Final decision must be made by the authorized official."
FRA0228,Jharkhand,Ranchi,20,LOW,Normal,"Claim FRA0228 from Ranchi, Jharkhand has a risk score of 20/100 (LOW). No major risk indicators were detected for this claim. Key factors: Moderate claim overlap | Multiple previous rejections. Recommended action: No immediate action required. Final decision must be made by the authorized official."
FRA0229,Jharkhand,Ranchi,5,LOW,Normal,"Claim FRA0229 from Ranchi, Jharkhand has a risk score of 5/100 (LOW). No major risk indicators were detected for this claim. Key factors: Multiple previous rejections. Recommended action: No immediate action required. Final decision must be made by the authorized official."
FRA0230,Maharashtra,Nashik,5,LOW,Normal,"Claim FRA0230 from Nashik, Maharashtra has a risk score of 5/100 (LOW). No major risk indicators were detected for this claim. Key factors: Multiple previous rejections. Recommended action: No immediate action required. Final decision must be made by the authorized official."
FRA0231,Madhya Pradesh,Balaghat,5,LOW,Normal,"Claim FRA0231 from Balaghat, Madhya Pradesh has a risk score of 5/100 (LOW). No major risk indicators were detected for this claim. Key factors: Multiple previous rejections. Recommended action: No immediate action required. Final decision must be made by the authorized official."
FRA0232,Chhattisgarh,Bastar,35,MEDIUM,Moderate,"Claim FRA0232 from Bastar, Chhattisgarh has a risk score of 35/100 (MEDIUM). This claim has some risk indicators and may require additional verification. Key factors: Long processing delay | Moderate claim overlap | Multiple previous rejections. Recommended action: Perform additional document verification. Final decision must be made by the authorized official."
FRA0233,Madhya Pradesh,Dindori,20,LOW,Normal,"Claim FRA0233 from Dindori, Madhya Pradesh has a risk score of 20/100 (LOW). No major risk indicators were detected for this claim. Key factors: Moderate claim overlap | Multiple previous rejections. Recommended action: No immediate action required. Final decision must be made by the authorized official."
FRA0234,Madhya Pradesh,Dindori,20,LOW,Normal,"Claim FRA0234 from Dindori, Madhya Pradesh has a risk score of 20/100 (LOW). No major risk indicators were detected for this claim. Key factors: Moderate claim overlap | Multiple previous rejections. Recommended action: No immediate action required. Final decision must be made by the authorized official."
FRA0235,Chhattisgarh,Surguja,20,LOW,Normal,"Claim FRA0235 from Surguja, Chhattisgarh has a risk score of 20/100 (LOW). No major risk indicators were detected for this claim. Key factors: Long processing delay | Multiple previous rejections. Recommended action: No immediate action required. Final decision must be made by the authorized official."
FRA0236,Jharkhand,Gumla,5,LOW,Normal,"Claim FRA0236 from Gumla, Jharkhand has a risk score of 5/100 (LOW). No major risk indicators were detected for this claim. Key factors: Multiple previous rejections. Recommended action: No immediate action required. Final decision must be made by the authorized official."
FRA0237,Chhattisgarh,Surguja,5,LOW,Normal,"Claim FRA0237 from Surguja, Chhattisgarh has a risk score of 5/100 (LOW). No major risk indicators were detected for this claim. Key factors: Multiple previous rejections. Recommended action: No immediate action required. Final decision must be made by the authorized official."
FRA0238,Chhattisgarh,Surguja,35,MEDIUM,Moderate,"Claim FRA0238 from Surguja, Chhattisgarh has a risk score of 35/100 (MEDIUM). This claim has some risk indicators and may require additional verification. Key factors: Long processing delay | Moderate claim overlap | Multiple previous rejections. Recommended action: Perform additional document verification. Final decision must be made by the authorized official."
FRA0239,Jharkhand,Gumla,0,LOW,Normal,"Claim FRA0239 from Gumla, Jharkhand has a risk score of 0/100 (LOW). No major risk indicators were detected for this claim. Key factors: . Recommended action: No immediate action required. Final decision must be made by the authorized official."
FRA0240,Madhya Pradesh,Balaghat,20,LOW,Normal,"Claim FRA0240 from Balaghat, Madhya Pradesh has a risk score of 20/100 (LOW). No major risk indicators were detected for this claim. Key factors: Long processing delay | Multiple previous rejections. Recommended action: No immediate action required. Final decision must be made by the authorized official."
FRA0241,Maharashtra,Nandurbar,30,LOW,Normal,"Claim FRA0241 from Nandurbar, Maharashtra has a risk score of 30/100 (LOW). No major risk indicators were detected for this claim. Key factors: Long processing delay | Moderate claim overlap. Recommended action: No immediate action required. Final decision must be made by the authorized official."
FRA0242,Madhya Pradesh,Balaghat,35,MEDIUM,Moderate,"Claim FRA0242 from Balaghat, Madhya Pradesh has a risk score of 35/100 (MEDIUM). This claim has some risk indicators and may require additional verification. Key factors: Long processing delay | Moderate claim overlap | Multiple previous rejections. Recommended action: Perform additional document verification. Final decision must be made by the authorized official."
FRA0243,Odisha,Keonjhar,30,LOW,Normal,"Claim FRA0243 from Keonjhar, Odisha has a risk score of 30/100 (LOW). No major risk indicators were detected for this claim. Key factors: High claim overlap | Multiple previous rejections. Recommended action: No immediate action required. Final decision must be made by the authorized official."
FRA0244,Maharashtra,Nashik,15,LOW,Normal,"Claim FRA0244 from Nashik, Maharashtra has a risk score of 15/100 (LOW). No major risk indicators were detected for this claim. Key factors: Moderate claim overlap. Recommended action: No immediate action required. Final decision must be made by the authorized official."
FRA0245,Maharashtra,Nashik,30,LOW,Normal,"Claim FRA0245 from Nashik, Maharashtra has a risk score of 30/100 (LOW). No major risk indicators were detected for this claim. Key factors: Long processing delay | Moderate claim overlap. Recommended action: No immediate action required. Final decision must be made by the authorized official."
FRA0246,Jharkhand,Ranchi,20,LOW,Normal,"Claim FRA0246 from Ranchi, Jharkhand has a risk score of 20/100 (LOW). No major risk indicators were detected for this claim. Key factors: Long processing delay | Multiple previous rejections. Recommended action: No immediate action required. Final decision must be made by the authorized official."
FRA0247,Odisha,Mayurbhanj,35,MEDIUM,Moderate,"Claim FRA0247 from Mayurbhanj, Odisha has a risk score of 35/100 (MEDIUM). This claim has some risk indicators and may require additional verification. Key factors: High claim overlap | ML anomaly detected. Recommended action: Perform additional document verification. Final decision must be made by the authorized official."
FRA0248,Maharashtra,Gadchiroli,15,LOW,Normal,"Claim FRA0248 from Gadchiroli, Maharashtra has a risk score of 15/100 (LOW). No major risk indicators were detected for this claim. Key factors: Moderate claim overlap. Recommended action: No immediate action required. Final decision must be made by the authorized official."
FRA0249,Madhya Pradesh,Balaghat,35,MEDIUM,Moderate,"Claim FRA0249 from Balaghat, Madhya Pradesh has a risk score of 35/100 (MEDIUM). This claim has some risk indicators and may require additional verification. Key factors: Long processing delay | Moderate claim overlap | Multiple previous rejections. Recommended action: Perform additional document verification. Final decision must be made by the authorized official."
FRA0250,Odisha,Keonjhar,20,LOW,Normal,"Claim FRA0250 from Keonjhar, Odisha has a risk score of 20/100 (LOW). No major risk indicators were detected for this claim. Key factors: Moderate claim overlap | Multiple previous rejections. Recommended action: No immediate action required. Final decision must be made by the authorized official."
FRA0251,Jharkhand,Gumla,20,LOW,Normal,"Claim FRA0251 from Gumla, Jharkhand has a risk score of 20/100 (LOW). No major risk indicators were detected for this claim. Key factors: Long processing delay | Multiple previous rejections. Recommended action: No immediate action required. Final decision must be made by the authorized official."
FRA0252,Chhattisgarh,Kanker,35,MEDIUM,Moderate,"Claim FRA0252 from Kanker, Chhattisgarh has a risk score of 35/100 (MEDIUM). This claim has some risk indicators and may require additional verification. Key factors: High claim overlap | ML anomaly detected. Recommended action: Perform additional document verification. Final decision must be made by the authorized official."
FRA0253,Jharkhand,Ranchi,25,LOW,Normal,"Claim FRA0253 from Ranchi, Jharkhand has a risk score of 25/100 (LOW). No major risk indicators were detected for this claim. Key factors: High claim overlap. Recommended action: No immediate action required. Final decision must be made by the authorized official."
FRA0254,Odisha,Keonjhar,15,LOW,Normal,"Claim FRA0254 from Keonjhar, Odisha has a risk score of 15/100 (LOW). No major risk indicators were detected for this claim. Key factors: Moderate claim overlap. Recommended action: No immediate action required. Final decision must be made by the authorized official."
FRA0255,Odisha,Keonjhar,35,MEDIUM,Moderate,"Claim FRA0255 from Keonjhar, Odisha has a risk score of 35/100 (MEDIUM). This claim has some risk indicators and may require additional verification. Key factors: Long processing delay | Moderate claim overlap | Multiple previous rejections. Recommended action: Perform additional document verification. Final decision must be made by the authorized official."
FRA0256,Maharashtra,Nashik,5,LOW,Normal,"Claim FRA0256 from Nashik, Maharashtra has a risk score of 5/100 (LOW). No major risk indicators were detected for this claim. Key factors: Multiple previous rejections. Recommended action: No immediate action required. Final decision must be made by the authorized official."
FRA0257,Madhya Pradesh,Balaghat,40,MEDIUM,Moderate,"Claim FRA0257 from Balaghat, Madhya Pradesh has a risk score of 40/100 (MEDIUM). This claim has some risk indicators and may require additional verification. Key factors: High claim overlap | Multiple previous rejections | ML anomaly detected. Recommended action: Perform additional document verification. Final decision must be made by the authorized official."
FRA0258,Odisha,Mayurbhanj,5,LOW,Normal,"Claim FRA0258 from Mayurbhanj, Odisha has a risk score of 5/100 (LOW). No major risk indicators were detected for this claim. Key factors: Multiple previous rejections. Recommended action: No immediate action required. Final decision must be made by the authorized official."
FRA0259,Madhya Pradesh,Mandla,5,LOW,Normal,"Claim FRA0259 from Mandla, Madhya Pradesh has a risk score of 5/100 (LOW). No major risk indicators were detected for this claim. Key factors: Multiple previous rejections. Recommended action: No immediate action required. Final decision must be made by the authorized official."
FRA0260,Chhattisgarh,Surguja,0,LOW,Normal,"Claim FRA0260 from Surguja, Chhattisgarh has a risk score of 0/100 (LOW). No major risk indicators were detected for this claim. Key factors: . Recommended action: No immediate action required. Final decision must be made by the authorized official."
FRA0261,Madhya Pradesh,Mandla,40,MEDIUM,Moderate,"Claim FRA0261 from Mandla, Madhya Pradesh has a risk score of 40/100 (MEDIUM). This claim has some risk indicators and may require additional verification. Key factors: Long processing delay | High claim overlap. Recommended action: Perform additional document verification. Final decision must be made by the authorized official."
FRA0262,Madhya Pradesh,Dindori,0,LOW,Normal,"Claim FRA0262 from Dindori, Madhya Pradesh has a risk score of 0/100 (LOW). No major risk indicators were detected for this claim. Key factors: . Recommended action: No immediate action required. Final decision must be made by the authorized official."
FRA0263,Maharashtra,Nandurbar,40,MEDIUM,Moderate,"Claim FRA0263 from Nandurbar, Maharashtra has a risk score of 40/100 (MEDIUM). This claim has some risk indicators and may require additional verification. Key factors: Long processing delay | High claim overlap. Recommended action: Perform additional document verification. Final decision must be made by the authorized official."
FRA0264,Chhattisgarh,Kanker,20,LOW,Normal,"Claim FRA0264 from Kanker, Chhattisgarh has a risk score of 20/100 (LOW). No major risk indicators were detected for this claim. Key factors: Moderate claim overlap | Multiple previous rejections. Recommended action: No immediate action required. Final decision must be made by the authorized official."
FRA0265,Madhya Pradesh,Dindori,25,LOW,Normal,"Claim FRA0265 from Dindori, Madhya Pradesh has a risk score of 25/100 (LOW). No major risk indicators were detected for this claim. Key factors: High claim overlap. Recommended action: No immediate action required. Final decision must be made by the authorized official."
FRA0266,Jharkhand,Gumla,20,LOW,Normal,"Claim FRA0266 from Gumla, Jharkhand has a risk score of 20/100 (LOW). No major risk indicators were detected for this claim. Key factors: Moderate claim overlap | Multiple previous rejections. Recommended action: No immediate action required. Final decision must be made by the authorized official."
FRA0267,Odisha,Koraput,5,LOW,Normal,"Claim FRA0267 from Koraput, Odisha has a risk score of 5/100 (LOW). No major risk indicators were detected for this claim. Key factors: Multiple previous rejections. Recommended action: No immediate action required. Final decision must be made by the authorized official."
FRA0268,Madhya Pradesh,Dindori,15,LOW,Normal,"Claim FRA0268 from Dindori, Madhya Pradesh has a risk score of 15/100 (LOW). No major risk indicators were detected for this claim. Key factors: Moderate claim overlap. Recommended action: No immediate action required. Final decision must be made by the authorized official."
FRA0269,Maharashtra,Nandurbar,0,LOW,Normal,"Claim FRA0269 from Nandurbar, Maharashtra has a risk score of 0/100 (LOW). No major risk indicators were detected for this claim. Key factors: . Recommended action: No immediate action required. Final decision must be made by the authorized official."
FRA0270,Madhya Pradesh,Dindori,5,LOW,Normal,"Claim FRA0270 from Dindori, Madhya Pradesh has a risk score of 5/100 (LOW). No major risk indicators were detected for this claim. Key factors: Multiple previous rejections. Recommended action: No immediate action required. Final decision must be made by the authorized official."
FRA0271,Maharashtra,Nashik,0,LOW,Normal,"Claim FRA0271 from Nashik, Maharashtra has a risk score of 0/100 (LOW). No major risk indicators were detected for this claim. Key factors: . Recommended action: No immediate action required. Final decision must be made by the authorized official."
FRA0272,Chhattisgarh,Bastar,30,LOW,Normal,"Claim FRA0272 from Bastar, Chhattisgarh has a risk score of 30/100 (LOW). No major risk indicators were detected for this claim. Key factors: High claim overlap | Multiple previous rejections. Recommended action: No immediate action required. Final decision must be made by the authorized official."
FRA0273,Odisha,Keonjhar,40,MEDIUM,Moderate,"Claim FRA0273 from Keonjhar, Odisha has a risk score of 40/100 (MEDIUM). This claim has some risk indicators and may require additional verification. Key factors: Long processing delay | High claim overlap. Recommended action: Perform additional document verification. Final decision must be made by the authorized official."
FRA0274,Maharashtra,Gadchiroli,25,LOW,Normal,"Claim FRA0274 from Gadchiroli, Maharashtra has a risk score of 25/100 (LOW). No major risk indicators were detected for this claim. Key factors: High claim overlap. Recommended action: No immediate action required. Final decision must be made by the authorized official."
FRA0275,Jharkhand,Simdega,45,MEDIUM,Moderate,"Claim FRA0275 from Simdega, Jharkhand has a risk score of 45/100 (MEDIUM). This claim has some risk indicators and may require additional verification. Key factors: Long processing delay | High claim overlap | Multiple previous rejections. Recommended action: Perform additional document verification. Final decision must be made by the authorized official."
FRA0276,Chhattisgarh,Kanker,15,LOW,Normal,"Claim FRA0276 from Kanker, Chhattisgarh has a risk score of 15/100 (LOW). No major risk indicators were detected for this claim. Key factors: Moderate claim overlap. Recommended action: No immediate action required. Final decision must be made by the authorized official."
FRA0277,Chhattisgarh,Bastar,45,MEDIUM,Moderate,"Claim FRA0277 from Bastar, Chhattisgarh has a risk score of 45/100 (MEDIUM). This claim has some risk indicators and may require additional verification. Key factors: Long processing delay | High claim overlap | Multiple previous rejections. Recommended action: Perform additional document verification. Final decision must be made by the authorized official."
FRA0278,Odisha,Mayurbhanj,15,LOW,Normal,"Claim FRA0278 from Mayurbhanj, Odisha has a risk score of 15/100 (LOW). No major risk indicators were detected for this claim. Key factors: Moderate claim overlap. Recommended action: No immediate action required. Final decision must be made by the authorized official."
FRA0279,Jharkhand,Ranchi,15,LOW,Normal,"Claim FRA0279 from Ranchi, Jharkhand has a risk score of 15/100 (LOW). No major risk indicators were detected for this claim. Key factors: Long processing delay. Recommended action: No immediate action required. Final decision must be made by the authorized official."
FRA0280,Jharkhand,Gumla,30,LOW,Normal,"Claim FRA0280 from Gumla, Jharkhand has a risk score of 30/100 (LOW). No major risk indicators were detected for this claim. Key factors: High claim overlap | Multiple previous rejections. Recommended action: No immediate action required. Final decision must be made by the authorized official."
FRA0281,Maharashtra,Nashik,0,LOW,Normal,"Claim FRA0281 from Nashik, Maharashtra has a risk score of 0/100 (LOW). No major risk indicators were detected for this claim. Key factors: . Recommended action: No immediate action required. Final decision must be made by the authorized official."
FRA0282,Odisha,Koraput,35,MEDIUM,Moderate,"Claim FRA0282 from Koraput, Odisha has a risk score of 35/100 (MEDIUM). This claim has some risk indicators and may require additional verification. Key factors: Long processing delay | Moderate claim overlap | Multiple previous rejections. Recommended action: Perform additional document verification. Final decision must be made by the authorized official."
FRA0283,Maharashtra,Nashik,15,LOW,Normal,"Claim FRA0283 from Nashik, Maharashtra has a risk score of 15/100 (LOW). No major risk indicators were detected for this claim. Key factors: Long processing delay. Recommended action: No immediate action required. Final decision must be made by the authorized official."
FRA0284,Odisha,Keonjhar,20,LOW,Normal,"Claim FRA0284 from Keonjhar, Odisha has a risk score of 20/100 (LOW). No major risk indicators were detected for this claim. Key factors: Long processing delay | Multiple previous rejections. Recommended action: No immediate action required. Final decision must be made by the authorized official."
FRA0285,Madhya Pradesh,Mandla,0,LOW,Normal,"Claim FRA0285 from Mandla, Madhya Pradesh has a risk score of 0/100 (LOW). No major risk indicators were detected for this claim. Key factors: . Recommended action: No immediate action required. Final decision must be made by the authorized official."
FRA0286,Madhya Pradesh,Dindori,0,LOW,Normal,"Claim FRA0286 from Dindori, Madhya Pradesh has a risk score of 0/100 (LOW). No major risk indicators were detected for this claim. Key factors: . Recommended action: No immediate action required. Final decision must be made by the authorized official."
FRA0287,Jharkhand,Ranchi,25,LOW,Normal,"Claim FRA0287 from Ranchi, Jharkhand has a risk score of 25/100 (LOW). No major risk indicators were detected for this claim. Key factors: High claim overlap. Recommended action: No immediate action required. Final decision must be made by the authorized official."
FRA0288,Madhya Pradesh,Mandla,0,LOW,Normal,"Claim FRA0288 from Mandla, Madhya Pradesh has a risk score of 0/100 (LOW). No major risk indicators were detected for this claim. Key factors: . Recommended action: No immediate action required. Final decision must be made by the authorized official."
FRA0289,Maharashtra,Nashik,45,MEDIUM,Moderate,"Claim FRA0289 from Nashik, Maharashtra has a risk score of 45/100 (MEDIUM). This claim has some risk indicators and may require additional verification. Key factors: Long processing delay | High claim overlap | Multiple previous rejections. Recommended action: Perform additional document verification. Final decision must be made by the authorized official."
FRA0290,Chhattisgarh,Surguja,30,LOW,Normal,"Claim FRA0290 from Surguja, Chhattisgarh has a risk score of 30/100 (LOW). No major risk indicators were detected for this claim. Key factors: High claim overlap | Multiple previous rejections. Recommended action: No immediate action required. Final decision must be made by the authorized official."
FRA0291,Chhattisgarh,Bastar,25,LOW,Normal,"Claim FRA0291 from Bastar, Chhattisgarh has a risk score of 25/100 (LOW). No major risk indicators were detected for this claim. Key factors: High claim overlap. Recommended action: No immediate action required. Final decision must be made by the authorized official."
FRA0292,Maharashtra,Nandurbar,0,LOW,Normal,"Claim FRA0292 from Nandurbar, Maharashtra has a risk score of 0/100 (LOW). No major risk indicators were detected for this claim. Key factors: . Recommended action: No immediate action required. Final decision must be made by the authorized official."
FRA0293,Madhya Pradesh,Mandla,15,LOW,Normal,"Claim FRA0293 from Mandla, Madhya Pradesh has a risk score of 15/100 (LOW). No major risk indicators were detected for this claim. Key factors: Moderate claim overlap. Recommended action: No immediate action required. Final decision must be made by the authorized official."
FRA0294,Jharkhand,Ranchi,20,LOW,Normal,"Claim FRA0294 from Ranchi, Jharkhand has a risk score of 20/100 (LOW). No major risk indicators were detected for this claim. Key factors: Moderate claim overlap | Multiple previous rejections. Recommended action: No immediate action required. Final decision must be made by the authorized official."
FRA0295,Jharkhand,Gumla,20,LOW,Normal,"Claim FRA0295 from Gumla, Jharkhand has a risk score of 20/100 (LOW). No major risk indicators were detected for this claim. Key factors: Moderate claim overlap | Multiple previous rejections. Recommended action: No immediate action required. Final decision must be made by the authorized official."
FRA0296,Odisha,Koraput,5,LOW,Normal,"Claim FRA0296 from Koraput, Odisha has a risk score of 5/100 (LOW). No major risk indicators were detected for this claim. Key factors: Multiple previous rejections. Recommended action: No immediate action required. Final decision must be made by the authorized official."
FRA0297,Maharashtra,Nandurbar,25,LOW,Normal,"Claim FRA0297 from Nandurbar, Maharashtra has a risk score of 25/100 (LOW). No major risk indicators were detected for this claim. Key factors: High claim overlap. Recommended action: No immediate action required. Final decision must be made by the authorized official."
FRA0298,Jharkhand,Ranchi,15,LOW,Normal,"Claim FRA0298 from Ranchi, Jharkhand has a risk score of 15/100 (LOW). No major risk indicators were detected for this claim. Key factors: Long processing delay. Recommended action: No immediate action required. Final decision must be made by the authorized official."
FRA0299,Madhya Pradesh,Mandla,15,LOW,Normal,"Claim FRA0299 from Mandla, Madhya Pradesh has a risk score of 15/100 (LOW). No major risk indicators were detected for this claim. Key factors: Moderate claim overlap. Recommended action: No immediate action required. Final decision must be made by the authorized official."
FRA0300,Maharashtra,Gadchiroli,5,LOW,Normal,"Claim FRA0300 from Gadchiroli, Maharashtra has a risk score of 5/100 (LOW). No major risk indicators were detected for this claim. Key factors: Multiple previous rejections. Recommended action: No immediate action required. Final decision must be made by the authorized official."
FRA0301,Odisha,Koraput,20,LOW,Normal,"Claim FRA0301 from Koraput, Odisha has a risk score of 20/100 (LOW). No major risk indicators were detected for this claim. Key factors: Moderate claim overlap | Multiple previous rejections. Recommended action: No immediate action required. Final decision must be made by the authorized official."
FRA0302,Odisha,Koraput,0,LOW,Normal,"Claim FRA0302 from Koraput, Odisha has a risk score of 0/100 (LOW). No major risk indicators were detected for this claim. Key factors: . Recommended action: No immediate action required. Final decision must be made by the authorized official."
FRA0303,Chhattisgarh,Surguja,15,LOW,Normal,"Claim FRA0303 from Surguja, Chhattisgarh has a risk score of 15/100 (LOW). No major risk indicators were detected for this claim. Key factors: Long processing delay. Recommended action: No immediate action required. Final decision must be made by the authorized official."
FRA0304,Jharkhand,Ranchi,20,LOW,Normal,"Claim FRA0304 from Ranchi, Jharkhand has a risk score of 20/100 (LOW). No major risk indicators were detected for this claim. Key factors: Moderate claim overlap | Multiple previous rejections. Recommended action: No immediate action required. Final decision must be made by the authorized official."
FRA0305,Maharashtra,Gadchiroli,5,LOW,Normal,"Claim FRA0305 from Gadchiroli, Maharashtra has a risk score of 5/100 (LOW). No major risk indicators were detected for this claim. Key factors: Multiple previous rejections. Recommended action: No immediate action required. Final decision must be made by the authorized official."
FRA0306,Chhattisgarh,Surguja,35,MEDIUM,Moderate,"Claim FRA0306 from Surguja, Chhattisgarh has a risk score of 35/100 (MEDIUM). This claim has some risk indicators and may require additional verification. Key factors: Long processing delay | Moderate claim overlap | Multiple previous rejections. Recommended action: Perform additional document verification. Final decision must be made by the authorized official."
FRA0307,Chhattisgarh,Bastar,30,LOW,Normal,"Claim FRA0307 from Bastar, Chhattisgarh has a risk score of 30/100 (LOW). No major risk indicators were detected for this claim. Key factors: Long processing delay | Moderate claim overlap. Recommended action: No immediate action required. Final decision must be made by the authorized official."
FRA0308,Odisha,Mayurbhanj,35,MEDIUM,Moderate,"Claim FRA0308 from Mayurbhanj, Odisha has a risk score of 35/100 (MEDIUM). This claim has some risk indicators and may require additional verification. Key factors: Long processing delay | Moderate claim overlap | Multiple previous rejections. Recommended action: Perform additional document verification. Final decision must be made by the authorized official."
FRA0309,Jharkhand,Gumla,25,LOW,Normal,"Claim FRA0309 from Gumla, Jharkhand has a risk score of 25/100 (LOW). No major risk indicators were detected for this claim. Key factors: High claim overlap. Recommended action: No immediate action required. Final decision must be made by the authorized official."
FRA0310,Odisha,Koraput,25,LOW,Normal,"Claim FRA0310 from Koraput, Odisha has a risk score of 25/100 (LOW). No major risk indicators were detected for this claim. Key factors: High claim overlap. Recommended action: No immediate action required. Final decision must be made by the authorized official."
FRA0311,Maharashtra,Nashik,25,LOW,Normal,"Claim FRA0311 from Nashik, Maharashtra has a risk score of 25/100 (LOW). No major risk indicators were detected for this claim. Key factors: High claim overlap. Recommended action: No immediate action required. Final decision must be made by the authorized official."
FRA0312,Odisha,Keonjhar,20,LOW,Normal,"Claim FRA0312 from Keonjhar, Odisha has a risk score of 20/100 (LOW). No major risk indicators were detected for this claim. Key factors: Moderate claim overlap | Multiple previous rejections. Recommended action: No immediate action required. Final decision must be made by the authorized official."
FRA0313,Jharkhand,Ranchi,40,MEDIUM,Moderate,"Claim FRA0313 from Ranchi, Jharkhand has a risk score of 40/100 (MEDIUM). This claim has some risk indicators and may require additional verification. Key factors: Long processing delay | High claim overlap. Recommended action: Perform additional document verification. Final decision must be made by the authorized official."
FRA0314,Madhya Pradesh,Balaghat,5,LOW,Normal,"Claim FRA0314 from Balaghat, Madhya Pradesh has a risk score of 5/100 (LOW). No major risk indicators were detected for this claim. Key factors: Multiple previous rejections. Recommended action: No immediate action required. Final decision must be made by the authorized official."
FRA0315,Chhattisgarh,Bastar,0,LOW,Normal,"Claim FRA0315 from Bastar, Chhattisgarh has a risk score of 0/100 (LOW). No major risk indicators were detected for this claim. Key factors: . Recommended action: No immediate action required. Final decision must be made by the authorized official."
FRA0316,Jharkhand,Gumla,35,MEDIUM,Moderate,"Claim FRA0316 from Gumla, Jharkhand has a risk score of 35/100 (MEDIUM). This claim has some risk indicators and may require additional verification. Key factors: Long processing delay | Moderate claim overlap | Multiple previous rejections. Recommended action: Perform additional document verification. Final decision must be made by the authorized official."
FRA0317,Madhya Pradesh,Balaghat,35,MEDIUM,Moderate,"Claim FRA0317 from Balaghat, Madhya Pradesh has a risk score of 35/100 (MEDIUM). This claim has some risk indicators and may require additional verification. Key factors: Long processing delay | Moderate claim overlap | Multiple previous rejections. Recommended action: Perform additional document verification. Final decision must be made by the authorized official."
FRA0318,Madhya Pradesh,Balaghat,30,LOW,Normal,"Claim FRA0318 from Balaghat, Madhya Pradesh has a risk score of 30/100 (LOW). No major risk indicators were detected for this claim. Key factors: High claim overlap | Multiple previous rejections. Recommended action: No immediate action required. Final decision must be made by the authorized official."
FRA0319,Madhya Pradesh,Dindori,15,LOW,Normal,"Claim FRA0319 from Dindori, Madhya Pradesh has a risk score of 15/100 (LOW). No major risk indicators were detected for this claim. Key factors: Long processing delay. Recommended action: No immediate action required. Final decision must be made by the authorized official."
FRA0320,Madhya Pradesh,Balaghat,40,MEDIUM,Moderate,"Claim FRA0320 from Balaghat, Madhya Pradesh has a risk score of 40/100 (MEDIUM). This claim has some risk indicators and may require additional verification. Key factors: Long processing delay | High claim overlap. Recommended action: Perform additional document verification. Final decision must be made by the authorized official."
FRA0321,Maharashtra,Gadchiroli,0,LOW,Normal,"Claim FRA0321 from Gadchiroli, Maharashtra has a risk score of 0/100 (LOW). No major risk indicators were detected for this claim. Key factors: . Recommended action: No immediate action required. Final decision must be made by the authorized official."
FRA0322,Jharkhand,Simdega,20,LOW,Normal,"Claim FRA0322 from Simdega, Jharkhand has a risk score of 20/100 (LOW). No major risk indicators were detected for this claim. Key factors: Moderate claim overlap | Multiple previous rejections. Recommended action: No immediate action required. Final decision must be made by the authorized official."
FRA0323,Chhattisgarh,Bastar,40,MEDIUM,Moderate,"Claim FRA0323 from Bastar, Chhattisgarh has a risk score of 40/100 (MEDIUM). This claim has some risk indicators and may require additional verification. Key factors: Long processing delay | High claim overlap. Recommended action: Perform additional document verification. Final decision must be made by the authorized official."
FRA0324,Odisha,Mayurbhanj,45,MEDIUM,Moderate,"Claim FRA0324 from Mayurbhanj, Odisha has a risk score of 45/100 (MEDIUM). This claim has some risk indicators and may require additional verification. Key factors: Long processing delay | High claim overlap | Multiple previous rejections. Recommended action: Perform additional document verification. Final decision must be made by the authorized official."
FRA0325,Chhattisgarh,Surguja,30,LOW,Normal,"Claim FRA0325 from Surguja, Chhattisgarh has a risk score of 30/100 (LOW). No major risk indicators were detected for this claim. Key factors: Long processing delay | Moderate claim overlap. Recommended action: No immediate action required. Final decision must be made by the authorized official."
FRA0326,Jharkhand,Gumla,15,LOW,Normal,"Claim FRA0326 from Gumla, Jharkhand has a risk score of 15/100 (LOW). No major risk indicators were detected for this claim. Key factors: Long processing delay. Recommended action: No immediate action required. Final decision must be made by the authorized official."
FRA0327,Chhattisgarh,Kanker,0,LOW,Normal,"Claim FRA0327 from Kanker, Chhattisgarh has a risk score of 0/100 (LOW). No major risk indicators were detected for this claim. Key factors: . Recommended action: No immediate action required. Final decision must be made by the authorized official."
FRA0328,Madhya Pradesh,Mandla,30,LOW,Normal,"Claim FRA0328 from Mandla, Madhya Pradesh has a risk score of 30/100 (LOW). No major risk indicators were detected for this claim. Key factors: High claim overlap | Multiple previous rejections. Recommended action: No immediate action required. Final decision must be made by the authorized official."
FRA0329,Odisha,Keonjhar,10,LOW,Normal,"Claim FRA0329 from Keonjhar, Odisha has a risk score of 10/100 (LOW). No major risk indicators were detected for this claim. Key factors: ML anomaly detected. Recommended action: No immediate action required. Final decision must be made by the authorized official."
FRA0330,Maharashtra,Nashik,20,LOW,Normal,"Claim FRA0330 from Nashik, Maharashtra has a risk score of 20/100 (LOW). No major risk indicators were detected for this claim. Key factors: Moderate claim overlap | Multiple previous rejections. Recommended action: No immediate action required. Final decision must be made by the authorized official."
FRA0331,Jharkhand,Simdega,0,LOW,Normal,"Claim FRA0331 from Simdega, Jharkhand has a risk score of 0/100 (LOW). No major risk indicators were detected for this claim. Key factors: . Recommended action: No immediate action required. Final decision must be made by the authorized official."
FRA0332,Madhya Pradesh,Mandla,5,LOW,Normal,"Claim FRA0332 from Mandla, Madhya Pradesh has a risk score of 5/100 (LOW). No major risk indicators were detected for this claim. Key factors: Multiple previous rejections. Recommended action: No immediate action required. Final decision must be made by the authorized official."
FRA0333,Madhya Pradesh,Balaghat,0,LOW,Normal,"Claim FRA0333 from Balaghat, Madhya Pradesh has a risk score of 0/100 (LOW). No major risk indicators were detected for this claim. Key factors: . Recommended action: No immediate action required. Final decision must be made by the authorized official."
FRA0334,Chhattisgarh,Bastar,30,LOW,Normal,"Claim FRA0334 from Bastar, Chhattisgarh has a risk score of 30/100 (LOW). No major risk indicators were detected for this claim. Key factors: High claim overlap | Multiple previous rejections. Recommended action: No immediate action required. Final decision must be made by the authorized official."
FRA0335,Jharkhand,Ranchi,5,LOW,Normal,"Claim FRA0335 from Ranchi, Jharkhand has a risk score of 5/100 (LOW). No major risk indicators were detected for this claim. Key factors: Multiple previous rejections. Recommended action: No immediate action required. Final decision must be made by the authorized official."
FRA0336,Maharashtra,Nashik,30,LOW,Normal,"Claim FRA0336 from Nashik, Maharashtra has a risk score of 30/100 (LOW). No major risk indicators were detected for this claim. Key factors: Long processing delay | Moderate claim overlap. Recommended action: No immediate action required. Final decision must be made by the authorized official."
FRA0337,Chhattisgarh,Surguja,0,LOW,Normal,"Claim FRA0337 from Surguja, Chhattisgarh has a risk score of 0/100 (LOW). No major risk indicators were detected for this claim. Key factors: . Recommended action: No immediate action required. Final decision must be made by the authorized official."
FRA0338,Madhya Pradesh,Mandla,30,LOW,Normal,"Claim FRA0338 from Mandla, Madhya Pradesh has a risk score of 30/100 (LOW). No major risk indicators were detected for this claim. Key factors: High claim overlap | Multiple previous rejections. Recommended action: No immediate action required. Final decision must be made by the authorized official."
FRA0339,Maharashtra,Nashik,0,LOW,Normal,"Claim FRA0339 from Nashik, Maharashtra has a risk score of 0/100 (LOW). No major risk indicators were detected for this claim. Key factors: . Recommended action: No immediate action required. Final decision must be made by the authorized official."
FRA0340,Chhattisgarh,Bastar,30,LOW,Normal,"Claim FRA0340 from Bastar, Chhattisgarh has a risk score of 30/100 (LOW). No major risk indicators were detected for this claim. Key factors: Long processing delay | Multiple previous rejections | ML anomaly detected. Recommended action: No immediate action required. Final decision must be made by the authorized official."
FRA0341,Chhattisgarh,Bastar,20,LOW,Normal,"Claim FRA0341 from Bastar, Chhattisgarh has a risk score of 20/100 (LOW). No major risk indicators were detected for this claim. Key factors: Long processing delay | Multiple previous rejections. Recommended action: No immediate action required. Final decision must be made by the authorized official."
FRA0342,Jharkhand,Ranchi,0,LOW,Normal,"Claim FRA0342 from Ranchi, Jharkhand has a risk score of 0/100 (LOW). No major risk indicators were detected for this claim. Key factors: . Recommended action: No immediate action required. Final decision must be made by the authorized official."
FRA0343,Maharashtra,Nandurbar,40,MEDIUM,Moderate,"Claim FRA0343 from Nandurbar, Maharashtra has a risk score of 40/100 (MEDIUM). This claim has some risk indicators and may require additional verification. Key factors: Long processing delay | High claim overlap. Recommended action: Perform additional document verification. Final decision must be made by the authorized official."
FRA0344,Chhattisgarh,Surguja,20,LOW,Normal,"Claim FRA0344 from Surguja, Chhattisgarh has a risk score of 20/100 (LOW). No major risk indicators were detected for this claim. Key factors: Moderate claim overlap | Multiple previous rejections. Recommended action: No immediate action required. Final decision must be made by the authorized official."
FRA0345,Jharkhand,Ranchi,30,LOW,Normal,"Claim FRA0345 from Ranchi, Jharkhand has a risk score of 30/100 (LOW). No major risk indicators were detected for this claim. Key factors: Long processing delay | Moderate claim overlap. Recommended action: No immediate action required. Final decision must be made by the authorized official."
FRA0346,Chhattisgarh,Surguja,25,LOW,Normal,"Claim FRA0346 from Surguja, Chhattisgarh has a risk score of 25/100 (LOW). No major risk indicators were detected for this claim. Key factors: High claim overlap. Recommended action: No immediate action required. Final decision must be made by the authorized official."
FRA0347,Jharkhand,Gumla,20,LOW,Normal,"Claim FRA0347 from Gumla, Jharkhand has a risk score of 20/100 (LOW). No major risk indicators were detected for this claim. Key factors: Moderate claim overlap | Multiple previous rejections. Recommended action: No immediate action required. Final decision must be made by the authorized official."
FRA0348,Jharkhand,Simdega,0,LOW,Normal,"Claim FRA0348 from Simdega, Jharkhand has a risk score of 0/100 (LOW). No major risk indicators were detected for this claim. Key factors: . Recommended action: No immediate action required. Final decision must be made by the authorized official."
FRA0349,Jharkhand,Ranchi,35,MEDIUM,Moderate,"Claim FRA0349 from Ranchi, Jharkhand has a risk score of 35/100 (MEDIUM). This claim has some risk indicators and may require additional verification. Key factors: Long processing delay | Moderate claim overlap | Multiple previous rejections. Recommended action: Perform additional document verification. Final decision must be made by the authorized official."
FRA0350,Chhattisgarh,Bastar,15,LOW,Normal,"Claim FRA0350 from Bastar, Chhattisgarh has a risk score of 15/100 (LOW). No major risk indicators were detected for this claim. Key factors: Moderate claim overlap. Recommended action: No immediate action required. Final decision must be made by the authorized official."
FRA0351,Chhattisgarh,Bastar,20,LOW,Normal,"Claim FRA0351 from Bastar, Chhattisgarh has a risk score of 20/100 (LOW). No major risk indicators were detected for this claim. Key factors: Long processing delay | Multiple previous rejections. Recommended action: No immediate action required. Final decision must be made by the authorized official."
FRA0352,Odisha,Koraput,15,LOW,Normal,"Claim FRA0352 from Koraput, Odisha has a risk score of 15/100 (LOW). No major risk indicators were detected for this claim. Key factors: Moderate claim overlap. Recommended action: No immediate action required. Final decision must be made by the authorized official."
FRA0353,Chhattisgarh,Kanker,25,LOW,Normal,"Claim FRA0353 from Kanker, Chhattisgarh has a risk score of 25/100 (LOW). No major risk indicators were detected for this claim. Key factors: High claim overlap. Recommended action: No immediate action required. Final decision must be made by the authorized official."
FRA0354,Odisha,Keonjhar,35,MEDIUM,Moderate,"Claim FRA0354 from Keonjhar, Odisha has a risk score of 35/100 (MEDIUM). This claim has some risk indicators and may require additional verification. Key factors: Long processing delay | Moderate claim overlap | Multiple previous rejections. Recommended action: Perform additional document verification. Final decision must be made by the authorized official."
FRA0355,Chhattisgarh,Bastar,15,LOW,Normal,"Claim FRA0355 from Bastar, Chhattisgarh has a risk score of 15/100 (LOW). No major risk indicators were detected for this claim. Key factors: Moderate claim overlap. Recommended action: No immediate action required. Final decision must be made by the authorized official."
FRA0356,Madhya Pradesh,Mandla,35,MEDIUM,Moderate,"Claim FRA0356 from Mandla, Madhya Pradesh has a risk score of 35/100 (MEDIUM). This claim has some risk indicators and may require additional verification. Key factors: Long processing delay | Moderate claim overlap | Multiple previous rejections. Recommended action: Perform additional document verification. Final decision must be made by the authorized official."
FRA0357,Chhattisgarh,Surguja,35,MEDIUM,Moderate,"Claim FRA0357 from Surguja, Chhattisgarh has a risk score of 35/100 (MEDIUM). This claim has some risk indicators and may require additional verification. Key factors: Long processing delay | Moderate claim overlap | Multiple previous rejections. Recommended action: Perform additional document verification. Final decision must be made by the authorized official."
FRA0358,Madhya Pradesh,Mandla,5,LOW,Normal,"Claim FRA0358 from Mandla, Madhya Pradesh has a risk score of 5/100 (LOW). No major risk indicators were detected for this claim. Key factors: Multiple previous rejections. Recommended action: No immediate action required. Final decision must be made by the authorized official."
FRA0359,Odisha,Keonjhar,15,LOW,Normal,"Claim FRA0359 from Keonjhar, Odisha has a risk score of 15/100 (LOW). No major risk indicators were detected for this claim. Key factors: Moderate claim overlap. Recommended action: No immediate action required. Final decision must be made by the authorized official."
FRA0360,Odisha,Mayurbhanj,35,MEDIUM,Moderate,"Claim FRA0360 from Mayurbhanj, Odisha has a risk score of 35/100 (MEDIUM). This claim has some risk indicators and may require additional verification. Key factors: Long processing delay | Moderate claim overlap | Multiple previous rejections. Recommended action: Perform additional document verification. Final decision must be made by the authorized official."
FRA0361,Maharashtra,Nandurbar,30,LOW,Normal,"Claim FRA0361 from Nandurbar, Maharashtra has a risk score of 30/100 (LOW). No major risk indicators were detected for this claim. Key factors: High claim overlap | Multiple previous rejections. Recommended action: No immediate action required. Final decision must be made by the authorized official."
FRA0362,Jharkhand,Ranchi,0,LOW,Normal,"Claim FRA0362 from Ranchi, Jharkhand has a risk score of 0/100 (LOW). No major risk indicators were detected for this claim. Key factors: . Recommended action: No immediate action required. Final decision must be made by the authorized official."
FRA0363,Maharashtra,Gadchiroli,5,LOW,Normal,"Claim FRA0363 from Gadchiroli, Maharashtra has a risk score of 5/100 (LOW). No major risk indicators were detected for this claim. Key factors: Multiple previous rejections. Recommended action: No immediate action required. Final decision must be made by the authorized official."
FRA0364,Maharashtra,Nandurbar,5,LOW,Normal,"Claim FRA0364 from Nandurbar, Maharashtra has a risk score of 5/100 (LOW). No major risk indicators were detected for this claim. Key factors: Multiple previous rejections. Recommended action: No immediate action required. Final decision must be made by the authorized official."
FRA0365,Jharkhand,Simdega,5,LOW,Normal,"Claim FRA0365 from Simdega, Jharkhand has a risk score of 5/100 (LOW). No major risk indicators were detected for this claim. Key factors: Multiple previous rejections. Recommended action: No immediate action required. Final decision must be made by the authorized official."
FRA0366,Madhya Pradesh,Balaghat,20,LOW,Normal,"Claim FRA0366 from Balaghat, Madhya Pradesh has a risk score of 20/100 (LOW). No major risk indicators were detected for this claim. Key factors: Moderate claim overlap | Multiple previous rejections. Recommended action: No immediate action required. Final decision must be made by the authorized official."
FRA0367,Chhattisgarh,Bastar,0,LOW,Normal,"Claim FRA0367 from Bastar, Chhattisgarh has a risk score of 0/100 (LOW). No major risk indicators were detected for this claim. Key factors: . Recommended action: No immediate action required. Final decision must be made by the authorized official."
FRA0368,Madhya Pradesh,Balaghat,20,LOW,Normal,"Claim FRA0368 from Balaghat, Madhya Pradesh has a risk score of 20/100 (LOW). No major risk indicators were detected for this claim. Key factors: Long processing delay | Multiple previous rejections. Recommended action: No immediate action required. Final decision must be made by the authorized official."
FRA0369,Madhya Pradesh,Balaghat,35,MEDIUM,Moderate,"Claim FRA0369 from Balaghat, Madhya Pradesh has a risk score of 35/100 (MEDIUM). This claim has some risk indicators and may require additional verification. Key factors: Long processing delay | Moderate claim overlap | Multiple previous rejections. Recommended action: Perform additional document verification. Final decision must be made by the authorized official."
FRA0370,Chhattisgarh,Surguja,15,LOW,Normal,"Claim FRA0370 from Surguja, Chhattisgarh has a risk score of 15/100 (LOW). No major risk indicators were detected for this claim. Key factors: Moderate claim overlap. Recommended action: No immediate action required. Final decision must be made by the authorized official."
FRA0371,Chhattisgarh,Surguja,20,LOW,Normal,"Claim FRA0371 from Surguja, Chhattisgarh has a risk score of 20/100 (LOW). No major risk indicators were detected for this claim. Key factors: Moderate claim overlap | Multiple previous rejections. Recommended action: No immediate action required. Final decision must be made by the authorized official."
FRA0372,Jharkhand,Ranchi,0,LOW,Normal,"Claim FRA0372 from Ranchi, Jharkhand has a risk score of 0/100 (LOW). No major risk indicators were detected for this claim. Key factors: . Recommended action: No immediate action required. Final decision must be made by the authorized official."
FRA0373,Odisha,Mayurbhanj,5,LOW,Normal,"Claim FRA0373 from Mayurbhanj, Odisha has a risk score of 5/100 (LOW). No major risk indicators were detected for this claim. Key factors: Multiple previous rejections. Recommended action: No immediate action required. Final decision must be made by the authorized official."
FRA0374,Jharkhand,Ranchi,0,LOW,Normal,"Claim FRA0374 from Ranchi, Jharkhand has a risk score of 0/100 (LOW). No major risk indicators were detected for this claim. Key factors: . Recommended action: No immediate action required. Final decision must be made by the authorized official."
FRA0375,Chhattisgarh,Surguja,20,LOW,Normal,"Claim FRA0375 from Surguja, Chhattisgarh has a risk score of 20/100 (LOW). No major risk indicators were detected for this claim. Key factors: Moderate claim overlap | Multiple previous rejections. Recommended action: No immediate action required. Final decision must be made by the authorized official."
FRA0376,Jharkhand,Gumla,5,LOW,Normal,"Claim FRA0376 from Gumla, Jharkhand has a risk score of 5/100 (LOW). No major risk indicators were detected for this claim. Key factors: Multiple previous rejections. Recommended action: No immediate action required. Final decision must be made by the authorized official."
FRA0377,Maharashtra,Nandurbar,20,LOW,Normal,"Claim FRA0377 from Nandurbar, Maharashtra has a risk score of 20/100 (LOW). No major risk indicators were detected for this claim. Key factors: Long processing delay | Multiple previous rejections. Recommended action: No immediate action required. Final decision must be made by the authorized official."
FRA0378,Madhya Pradesh,Dindori,40,MEDIUM,Moderate,"Claim FRA0378 from Dindori, Madhya Pradesh has a risk score of 40/100 (MEDIUM). This claim has some risk indicators and may require additional verification. Key factors: Long processing delay | High claim overlap. Recommended action: Perform additional document verification. Final decision must be made by the authorized official."
FRA0379,Maharashtra,Nandurbar,5,LOW,Normal,"Claim FRA0379 from Nandurbar, Maharashtra has a risk score of 5/100 (LOW). No major risk indicators were detected for this claim. Key factors: Multiple previous rejections. Recommended action: No immediate action required. Final decision must be made by the authorized official."
FRA0380,Chhattisgarh,Bastar,25,LOW,Normal,"Claim FRA0380 from Bastar, Chhattisgarh has a risk score of 25/100 (LOW). No major risk indicators were detected for this claim. Key factors: High claim overlap. Recommended action: No immediate action required. Final decision must be made by the authorized official."
FRA0381,Odisha,Mayurbhanj,50,MEDIUM,Moderate,"Claim FRA0381 from Mayurbhanj, Odisha has a risk score of 50/100 (MEDIUM). This claim has some risk indicators and may require additional verification. Key factors: Long processing delay | High claim overlap | ML anomaly detected. Recommended action: Perform additional document verification. Final decision must be made by the authorized official."
FRA0382,Odisha,Mayurbhanj,15,LOW,Normal,"Claim FRA0382 from Mayurbhanj, Odisha has a risk score of 15/100 (LOW). No major risk indicators were detected for this claim. Key factors: Moderate claim overlap. Recommended action: No immediate action required. Final decision must be made by the authorized official."
FRA0383,Madhya Pradesh,Dindori,20,LOW,Normal,"Claim FRA0383 from Dindori, Madhya Pradesh has a risk score of 20/100 (LOW). No major risk indicators were detected for this claim. Key factors: Long processing delay | Multiple previous rejections. Recommended action: No immediate action required. Final decision must be made by the authorized official."
FRA0384,Maharashtra,Gadchiroli,5,LOW,Normal,"Claim FRA0384 from Gadchiroli, Maharashtra has a risk score of 5/100 (LOW). No major risk indicators were detected for this claim. Key factors: Multiple previous rejections. Recommended action: No immediate action required. Final decision must be made by the authorized official."
FRA0385,Madhya Pradesh,Balaghat,25,LOW,Normal,"Claim FRA0385 from Balaghat, Madhya Pradesh has a risk score of 25/100 (LOW). No major risk indicators were detected for this claim. Key factors: High claim overlap. Recommended action: No immediate action required. Final decision must be made by the authorized official."
FRA0386,Jharkhand,Gumla,15,LOW,Normal,"Claim FRA0386 from Gumla, Jharkhand has a risk score of 15/100 (LOW). No major risk indicators were detected for this claim. Key factors: Moderate claim overlap. Recommended action: No immediate action required. Final decision must be made by the authorized official."
FRA0387,Jharkhand,Simdega,0,LOW,Normal,"Claim FRA0387 from Simdega, Jharkhand has a risk score of 0/100 (LOW). No major risk indicators were detected for this claim. Key factors: . Recommended action: No immediate action required. Final decision must be made by the authorized official."
FRA0388,Chhattisgarh,Kanker,15,LOW,Normal,"Claim FRA0388 from Kanker, Chhattisgarh has a risk score of 15/100 (LOW). No major risk indicators were detected for this claim. Key factors: Moderate claim overlap. Recommended action: No immediate action required. Final decision must be made by the authorized official."
FRA0389,Chhattisgarh,Bastar,20,LOW,Normal,"Claim FRA0389 from Bastar, Chhattisgarh has a risk score of 20/100 (LOW). No major risk indicators were detected for this claim. Key factors: Moderate claim overlap | Multiple previous rejections. Recommended action: No immediate action required. Final decision must be made by the authorized official."
FRA0390,Chhattisgarh,Kanker,0,LOW,Normal,"Claim FRA0390 from Kanker, Chhattisgarh has a risk score of 0/100 (LOW). No major risk indicators were detected for this claim. Key factors: . Recommended action: No immediate action required. Final decision must be made by the authorized official."
FRA0391,Jharkhand,Ranchi,30,LOW,Normal,"Claim FRA0391 from Ranchi, Jharkhand has a risk score of 30/100 (LOW). No major risk indicators were detected for this claim. Key factors: Long processing delay | Moderate claim overlap. Recommended action: No immediate action required. Final decision must be made by the authorized official."
FRA0392,Madhya Pradesh,Mandla,35,MEDIUM,Moderate,"Claim FRA0392 from Mandla, Madhya Pradesh has a risk score of 35/100 (MEDIUM). This claim has some risk indicators and may require additional verification. Key factors: Long processing delay | Moderate claim overlap | Multiple previous rejections. Recommended action: Perform additional document verification. Final decision must be made by the authorized official."
FRA0393,Maharashtra,Nashik,5,LOW,Normal,"Claim FRA0393 from Nashik, Maharashtra has a risk score of 5/100 (LOW). No major risk indicators were detected for this claim. Key factors: Multiple previous rejections. Recommended action: No immediate action required. Final decision must be made by the authorized official."
FRA0394,Odisha,Keonjhar,15,LOW,Normal,"Claim FRA0394 from Keonjhar, Odisha has a risk score of 15/100 (LOW). No major risk indicators were detected for this claim. Key factors: Moderate claim overlap. Recommended action: No immediate action required. Final decision must be made by the authorized official."
FRA0395,Chhattisgarh,Bastar,20,LOW,Normal,"Claim FRA0395 from Bastar, Chhattisgarh has a risk score of 20/100 (LOW). No major risk indicators were detected for this claim. Key factors: Long processing delay | Multiple previous rejections. Recommended action: No immediate action required. Final decision must be made by the authorized official."
FRA0396,Maharashtra,Gadchiroli,10,LOW,Normal,"Claim FRA0396 from Gadchiroli, Maharashtra has a risk score of 10/100 (LOW). No major risk indicators were detected for this claim. Key factors: ML anomaly detected. Recommended action: No immediate action required. Final decision must be made by the authorized official."
FRA0397,Maharashtra,Gadchiroli,30,LOW,Normal,"Claim FRA0397 from Gadchiroli, Maharashtra has a risk score of 30/100 (LOW). No major risk indicators were detected for this claim. Key factors: Long processing delay | Moderate claim overlap. Recommended action: No immediate action required. Final decision must be made by the authorized official."
FRA0398,Madhya Pradesh,Mandla,15,LOW,Normal,"Claim FRA0398 from Mandla, Madhya Pradesh has a risk score of 15/100 (LOW). No major risk indicators were detected for this claim. Key factors: Long processing delay. Recommended action: No immediate action required. Final decision must be made by the authorized official."
FRA0399,Chhattisgarh,Bastar,10,LOW,Normal,"Claim FRA0399 from Bastar, Chhattisgarh has a risk score of 10/100 (LOW). No major risk indicators were detected for this claim. Key factors: ML anomaly detected. Recommended action: No immediate action required. Final decision must be made by the authorized official."
FRA0400,Chhattisgarh,Kanker,25,LOW,Normal,"Claim FRA0400 from Kanker, Chhattisgarh has a risk score of 25/100 (LOW). No major risk indicators were detected for this claim. Key factors: High claim overlap. Recommended action: No immediate action required. Final decision must be made by the authorized official."
FRA0401,Chhattisgarh,Bastar,40,MEDIUM,Moderate,"Claim FRA0401 from Bastar, Chhattisgarh has a risk score of 40/100 (MEDIUM). This claim has some risk indicators and may require additional verification. Key factors: Long processing delay | High claim overlap. Recommended action: Perform additional document verification. Final decision must be made by the authorized official."
FRA0402,Chhattisgarh,Kanker,15,LOW,Normal,"Claim FRA0402 from Kanker, Chhattisgarh has a risk score of 15/100 (LOW). No major risk indicators were detected for this claim. Key factors: Moderate claim overlap. Recommended action: No immediate action required. Final decision must be made by the authorized official."
FRA0403,Maharashtra,Gadchiroli,20,LOW,Normal,"Claim FRA0403 from Gadchiroli, Maharashtra has a risk score of 20/100 (LOW). No major risk indicators were detected for this claim. Key factors: Long processing delay | Multiple previous rejections. Recommended action: No immediate action required. Final decision must be made by the authorized official."
FRA0404,Odisha,Koraput,5,LOW,Normal,"Claim FRA0404 from Koraput, Odisha has a risk score of 5/100 (LOW). No major risk indicators were detected for this claim. Key factors: Multiple previous rejections. Recommended action: No immediate action required. Final decision must be made by the authorized official."
FRA0405,Chhattisgarh,Surguja,20,LOW,Normal,"Claim FRA0405 from Surguja, Chhattisgarh has a risk score of 20/100 (LOW). No major risk indicators were detected for this claim. Key factors: Moderate claim overlap | Multiple previous rejections. Recommended action: No immediate action required. Final decision must be made by the authorized official."
FRA0406,Maharashtra,Nashik,5,LOW,Normal,"Claim FRA0406 from Nashik, Maharashtra has a risk score of 5/100 (LOW). No major risk indicators were detected for this claim. Key factors: Multiple previous rejections. Recommended action: No immediate action required. Final decision must be made by the authorized official."
FRA0407,Madhya Pradesh,Balaghat,5,LOW,Normal,"Claim FRA0407 from Balaghat, Madhya Pradesh has a risk score of 5/100 (LOW). No major risk indicators were detected for this claim. Key factors: Multiple previous rejections. Recommended action: No immediate action required. Final decision must be made by the authorized official."
FRA0408,Jharkhand,Gumla,20,LOW,Normal,"Claim FRA0408 from Gumla, Jharkhand has a risk score of 20/100 (LOW). No major risk indicators were detected for this claim. Key factors: Moderate claim overlap | Multiple previous rejections. Recommended action: No immediate action required. Final decision must be made by the authorized official."
FRA0409,Maharashtra,Nashik,15,LOW,Normal,"Claim FRA0409 from Nashik, Maharashtra has a risk score of 15/100 (LOW). No major risk indicators were detected for this claim. Key factors: Moderate claim overlap. Recommended action: No immediate action required. Final decision must be made by the authorized official."
FRA0410,Maharashtra,Gadchiroli,0,LOW,Normal,"Claim FRA0410 from Gadchiroli, Maharashtra has a risk score of 0/100 (LOW). No major risk indicators were detected for this claim. Key factors: . Recommended action: No immediate action required. Final decision must be made by the authorized official."
FRA0411,Madhya Pradesh,Dindori,15,LOW,Normal,"Claim FRA0411 from Dindori, Madhya Pradesh has a risk score of 15/100 (LOW). No major risk indicators were detected for this claim. Key factors: Moderate claim overlap. Recommended action: No immediate action required. Final decision must be made by the authorized official."
FRA0412,Madhya Pradesh,Balaghat,20,LOW,Normal,"Claim FRA0412 from Balaghat, Madhya Pradesh has a risk score of 20/100 (LOW). No major risk indicators were detected for this claim. Key factors: Moderate claim overlap | Multiple previous rejections. Recommended action: No immediate action required. Final decision must be made by the authorized official."
FRA0413,Chhattisgarh,Bastar,30,LOW,Normal,"Claim FRA0413 from Bastar, Chhattisgarh has a risk score of 30/100 (LOW). No major risk indicators were detected for this claim. Key factors: High claim overlap | Multiple previous rejections. Recommended action: No immediate action required. Final decision must be made by the authorized official."
FRA0414,Madhya Pradesh,Dindori,40,MEDIUM,Moderate,"Claim FRA0414 from Dindori, Madhya Pradesh has a risk score of 40/100 (MEDIUM). This claim has some risk indicators and may require additional verification. Key factors: Long processing delay | High claim overlap. Recommended action: Perform additional document verification. Final decision must be made by the authorized official."
FRA0415,Maharashtra,Nandurbar,15,LOW,Normal,"Claim FRA0415 from Nandurbar, Maharashtra has a risk score of 15/100 (LOW). No major risk indicators were detected for this claim. Key factors: Long processing delay. Recommended action: No immediate action required. Final decision must be made by the authorized official."
FRA0416,Jharkhand,Ranchi,25,LOW,Normal,"Claim FRA0416 from Ranchi, Jharkhand has a risk score of 25/100 (LOW). No major risk indicators were detected for this claim. Key factors: High claim overlap. Recommended action: No immediate action required. Final decision must be made by the authorized official."
FRA0417,Chhattisgarh,Bastar,0,LOW,Normal,"Claim FRA0417 from Bastar, Chhattisgarh has a risk score of 0/100 (LOW). No major risk indicators were detected for this claim. Key factors: . Recommended action: No immediate action required. Final decision must be made by the authorized official."
FRA0418,Maharashtra,Nashik,15,LOW,Normal,"Claim FRA0418 from Nashik, Maharashtra has a risk score of 15/100 (LOW). No major risk indicators were detected for this claim. Key factors: Moderate claim overlap. Recommended action: No immediate action required. Final decision must be made by the authorized official."
FRA0419,Maharashtra,Gadchiroli,35,MEDIUM,Moderate,"Claim FRA0419 from Gadchiroli, Maharashtra has a risk score of 35/100 (MEDIUM). This claim has some risk indicators and may require additional verification. Key factors: Long processing delay | Moderate claim overlap | Multiple previous rejections. Recommended action: Perform additional document verification. Final decision must be made by the authorized official."
FRA0420,Maharashtra,Gadchiroli,15,LOW,Normal,"Claim FRA0420 from Gadchiroli, Maharashtra has a risk score of 15/100 (LOW). No major risk indicators were detected for this claim. Key factors: Moderate claim overlap. Recommended action: No immediate action required. Final decision must be made by the authorized official."
FRA0421,Odisha,Mayurbhanj,5,LOW,Normal,"Claim FRA0421 from Mayurbhanj, Odisha has a risk score of 5/100 (LOW). No major risk indicators were detected for this claim. Key factors: Multiple previous rejections. Recommended action: No immediate action required. Final decision must be made by the authorized official."
FRA0422,Chhattisgarh,Kanker,5,LOW,Normal,"Claim FRA0422 from Kanker, Chhattisgarh has a risk score of 5/100 (LOW). No major risk indicators were detected for this claim. Key factors: Multiple previous rejections. Recommended action: No immediate action required. Final decision must be made by the authorized official."
FRA0423,Odisha,Mayurbhanj,5,LOW,Normal,"Claim FRA0423 from Mayurbhanj, Odisha has a risk score of 5/100 (LOW). No major risk indicators were detected for this claim. Key factors: Multiple previous rejections. Recommended action: No immediate action required. Final decision must be made by the authorized official."
FRA0424,Odisha,Koraput,15,LOW,Normal,"Claim FRA0424 from Koraput, Odisha has a risk score of 15/100 (LOW). No major risk indicators were detected for this claim. Key factors: Moderate claim overlap. Recommended action: No immediate action required. Final decision must be made by the authorized official."
FRA0425,Madhya Pradesh,Dindori,20,LOW,Normal,"Claim FRA0425 from Dindori, Madhya Pradesh has a risk score of 20/100 (LOW). No major risk indicators were detected for this claim. Key factors: Long processing delay | Multiple previous rejections. Recommended action: No immediate action required. Final decision must be made by the authorized official."
FRA0426,Odisha,Mayurbhanj,35,MEDIUM,Moderate,"Claim FRA0426 from Mayurbhanj, Odisha has a risk score of 35/100 (MEDIUM). This claim has some risk indicators and may require additional verification. Key factors: Long processing delay | Moderate claim overlap | Multiple previous rejections. Recommended action: Perform additional document verification. Final decision must be made by the authorized official."
FRA0427,Chhattisgarh,Surguja,0,LOW,Normal,"Claim FRA0427 from Surguja, Chhattisgarh has a risk score of 0/100 (LOW). No major risk indicators were detected for this claim. Key factors: . Recommended action: No immediate action required. Final decision must be made by the authorized official."
FRA0428,Odisha,Koraput,5,LOW,Normal,"Claim FRA0428 from Koraput, Odisha has a risk score of 5/100 (LOW). No major risk indicators were detected for this claim. Key factors: Multiple previous rejections. Recommended action: No immediate action required. Final decision must be made by the authorized official."
FRA0429,Madhya Pradesh,Dindori,20,LOW,Normal,"Claim FRA0429 from Dindori, Madhya Pradesh has a risk score of 20/100 (LOW). No major risk indicators were detected for this claim. Key factors: Moderate claim overlap | Multiple previous rejections. Recommended action: No immediate action required. Final decision must be made by the authorized official."
FRA0430,Madhya Pradesh,Dindori,35,MEDIUM,Moderate,"Claim FRA0430 from Dindori, Madhya Pradesh has a risk score of 35/100 (MEDIUM). This claim has some risk indicators and may require additional verification. Key factors: Long processing delay | Moderate claim overlap | Multiple previous rejections. Recommended action: Perform additional document verification. Final decision must be made by the authorized official."
FRA0431,Madhya Pradesh,Balaghat,5,LOW,Normal,"Claim FRA0431 from Balaghat, Madhya Pradesh has a risk score of 5/100 (LOW). No major risk indicators were detected for this claim. Key factors: Multiple previous rejections. Recommended action: No immediate action required. Final decision must be made by the authorized official."
FRA0432,Maharashtra,Gadchiroli,5,LOW,Normal,"Claim FRA0432 from Gadchiroli, Maharashtra has a risk score of 5/100 (LOW). No major risk indicators were detected for this claim. Key factors: Multiple previous rejections. Recommended action: No immediate action required. Final decision must be made by the authorized official."
FRA0433,Madhya Pradesh,Balaghat,15,LOW,Normal,"Claim FRA0433 from Balaghat, Madhya Pradesh has a risk score of 15/100 (LOW). No major risk indicators were detected for this claim. Key factors: Moderate claim overlap. Recommended action: No immediate action required. Final decision must be made by the authorized official."
FRA0434,Maharashtra,Gadchiroli,20,LOW,Normal,"Claim FRA0434 from Gadchiroli, Maharashtra has a risk score of 20/100 (LOW). No major risk indicators were detected for this claim. Key factors: Moderate claim overlap | Multiple previous rejections. Recommended action: No immediate action required. Final decision must be made by the authorized official."
FRA0435,Odisha,Keonjhar,0,LOW,Normal,"Claim FRA0435 from Keonjhar, Odisha has a risk score of 0/100 (LOW). No major risk indicators were detected for this claim. Key factors: . Recommended action: No immediate action required. Final decision must be made by the authorized official."
FRA0436,Chhattisgarh,Kanker,5,LOW,Normal,"Claim FRA0436 from Kanker, Chhattisgarh has a risk score of 5/100 (LOW). No major risk indicators were detected for this claim. Key factors: Multiple previous rejections. Recommended action: No immediate action required. Final decision must be made by the authorized official."
FRA0437,Maharashtra,Gadchiroli,15,LOW,Normal,"Claim FRA0437 from Gadchiroli, Maharashtra has a risk score of 15/100 (LOW). No major risk indicators were detected for this claim. Key factors: Long processing delay. Recommended action: No immediate action required. Final decision must be made by the authorized official."
FRA0438,Odisha,Mayurbhanj,25,LOW,Normal,"Claim FRA0438 from Mayurbhanj, Odisha has a risk score of 25/100 (LOW). No major risk indicators were detected for this claim. Key factors: High claim overlap. Recommended action: No immediate action required. Final decision must be made by the authorized official."
FRA0439,Madhya Pradesh,Balaghat,5,LOW,Normal,"Claim FRA0439 from Balaghat, Madhya Pradesh has a risk score of 5/100 (LOW). No major risk indicators were detected for this claim. Key factors: Multiple previous rejections. Recommended action: No immediate action required. Final decision must be made by the authorized official."
FRA0440,Maharashtra,Gadchiroli,30,LOW,Normal,"Claim FRA0440 from Gadchiroli, Maharashtra has a risk score of 30/100 (LOW). No major risk indicators were detected for this claim. Key factors: High claim overlap | Multiple previous rejections. Recommended action: No immediate action required. Final decision must be made by the authorized official."
FRA0441,Odisha,Mayurbhanj,25,LOW,Normal,"Claim FRA0441 from Mayurbhanj, Odisha has a risk score of 25/100 (LOW). No major risk indicators were detected for this claim. Key factors: High claim overlap. Recommended action: No immediate action required. Final decision must be made by the authorized official."
FRA0442,Jharkhand,Ranchi,30,LOW,Normal,"Claim FRA0442 from Ranchi, Jharkhand has a risk score of 30/100 (LOW). No major risk indicators were detected for this claim. Key factors: High claim overlap | Multiple previous rejections. Recommended action: No immediate action required. Final decision must be made by the authorized official."
FRA0443,Madhya Pradesh,Dindori,20,LOW,Normal,"Claim FRA0443 from Dindori, Madhya Pradesh has a risk score of 20/100 (LOW). No major risk indicators were detected for this claim. Key factors: Long processing delay | Multiple previous rejections. Recommended action: No immediate action required. Final decision must be made by the authorized official."
FRA0444,Jharkhand,Gumla,30,LOW,Normal,"Claim FRA0444 from Gumla, Jharkhand has a risk score of 30/100 (LOW). No major risk indicators were detected for this claim. Key factors: Long processing delay | Multiple previous rejections | ML anomaly detected. Recommended action: No immediate action required. Final decision must be made by the authorized official."
FRA0445,Maharashtra,Nandurbar,5,LOW,Normal,"Claim FRA0445 from Nandurbar, Maharashtra has a risk score of 5/100 (LOW). No major risk indicators were detected for this claim. Key factors: Multiple previous rejections. Recommended action: No immediate action required. Final decision must be made by the authorized official."
FRA0446,Chhattisgarh,Kanker,0,LOW,Normal,"Claim FRA0446 from Kanker, Chhattisgarh has a risk score of 0/100 (LOW). No major risk indicators were detected for this claim. Key factors: . Recommended action: No immediate action required. Final decision must be made by the authorized official."
FRA0447,Odisha,Koraput,90,CRITICAL,Immediate,"Claim FRA0447 from Koraput, Odisha has a risk score of 90/100 (CRITICAL). This claim requires immediate attention because multiple risk indicators have been detected. Key factors: Severe processing delay | Large area mismatch | High claim overlap | Multiple previous rejections | ML anomaly detected. Recommended action: Conduct field verification and verify land records. Final decision must be made by the authorized official."
FRA0448,Chhattisgarh,Bastar,35,MEDIUM,Moderate,"Claim FRA0448 from Bastar, Chhattisgarh has a risk score of 35/100 (MEDIUM). This claim has some risk indicators and may require additional verification. Key factors: Long processing delay | Moderate claim overlap | Multiple previous rejections. Recommended action: Perform additional document verification. Final decision must be made by the authorized official."
FRA0449,Odisha,Keonjhar,30,LOW,Normal,"Claim FRA0449 from Keonjhar, Odisha has a risk score of 30/100 (LOW). No major risk indicators were detected for this claim. Key factors: Moderate claim overlap | Multiple previous rejections | ML anomaly detected. Recommended action: No immediate action required. Final decision must be made by the authorized official."
FRA0450,Maharashtra,Gadchiroli,5,LOW,Normal,"Claim FRA0450 from Gadchiroli, Maharashtra has a risk score of 5/100 (LOW). No major risk indicators were detected for this claim. Key factors: Multiple previous rejections. Recommended action: No immediate action required. Final decision must be made by the authorized official."
FRA0451,Maharashtra,Nandurbar,20,LOW,Normal,"Claim FRA0451 from Nandurbar, Maharashtra has a risk score of 20/100 (LOW). No major risk indicators were detected for this claim. Key factors: Moderate claim overlap | Multiple previous rejections. Recommended action: No immediate action required. Final decision must be made by the authorized official."
FRA0452,Odisha,Keonjhar,25,LOW,Normal,"Claim FRA0452 from Keonjhar, Odisha has a risk score of 25/100 (LOW). No major risk indicators were detected for this claim. Key factors: High claim overlap. Recommended action: No immediate action required. Final decision must be made by the authorized official."
FRA0453,Jharkhand,Gumla,20,LOW,Normal,"Claim FRA0453 from Gumla, Jharkhand has a risk score of 20/100 (LOW). No major risk indicators were detected for this claim. Key factors: Moderate claim overlap | Multiple previous rejections. Recommended action: No immediate action required. Final decision must be made by the authorized official."
FRA0454,Chhattisgarh,Kanker,20,LOW,Normal,"Claim FRA0454 from Kanker, Chhattisgarh has a risk score of 20/100 (LOW). No major risk indicators were detected for this claim. Key factors: Moderate claim overlap | Multiple previous rejections. Recommended action: No immediate action required. Final decision must be made by the authorized official."
FRA0455,Chhattisgarh,Kanker,15,LOW,Normal,"Claim FRA0455 from Kanker, Chhattisgarh has a risk score of 15/100 (LOW). No major risk indicators were detected for this claim. Key factors: Long processing delay. Recommended action: No immediate action required. Final decision must be made by the authorized official."
FRA0456,Chhattisgarh,Bastar,5,LOW,Normal,"Claim FRA0456 from Bastar, Chhattisgarh has a risk score of 5/100 (LOW). No major risk indicators were detected for this claim. Key factors: Multiple previous rejections. Recommended action: No immediate action required. Final decision must be made by the authorized official."
FRA0457,Maharashtra,Gadchiroli,15,LOW,Normal,"Claim FRA0457 from Gadchiroli, Maharashtra has a risk score of 15/100 (LOW). No major risk indicators were detected for this claim. Key factors: Moderate claim overlap. Recommended action: No immediate action required. Final decision must be made by the authorized official."
FRA0458,Chhattisgarh,Surguja,0,LOW,Normal,"Claim FRA0458 from Surguja, Chhattisgarh has a risk score of 0/100 (LOW). No major risk indicators were detected for this claim. Key factors: . Recommended action: No immediate action required. Final decision must be made by the authorized official."
FRA0459,Odisha,Mayurbhanj,5,LOW,Normal,"Claim FRA0459 from Mayurbhanj, Odisha has a risk score of 5/100 (LOW). No major risk indicators were detected for this claim. Key factors: Multiple previous rejections. Recommended action: No immediate action required. Final decision must be made by the authorized official."
FRA0460,Odisha,Mayurbhanj,15,LOW,Normal,"Claim FRA0460 from Mayurbhanj, Odisha has a risk score of 15/100 (LOW). No major risk indicators were detected for this claim. Key factors: Moderate claim overlap. Recommended action: No immediate action required. Final decision must be made by the authorized official."
FRA0461,Odisha,Mayurbhanj,45,MEDIUM,Moderate,"Claim FRA0461 from Mayurbhanj, Odisha has a risk score of 45/100 (MEDIUM). This claim has some risk indicators and may require additional verification. Key factors: Long processing delay | High claim overlap | Multiple previous rejections. Recommended action: Perform additional document verification. Final decision must be made by the authorized official."
FRA0462,Jharkhand,Ranchi,20,LOW,Normal,"Claim FRA0462 from Ranchi, Jharkhand has a risk score of 20/100 (LOW). No major risk indicators were detected for this claim. Key factors: Long processing delay | Multiple previous rejections. Recommended action: No immediate action required. Final decision must be made by the authorized official."
FRA0463,Odisha,Mayurbhanj,20,LOW,Normal,"Claim FRA0463 from Mayurbhanj, Odisha has a risk score of 20/100 (LOW). No major risk indicators were detected for this claim. Key factors: Long processing delay | Multiple previous rejections. Recommended action: No immediate action required. Final decision must be made by the authorized official."
FRA0464,Odisha,Koraput,15,LOW,Normal,"Claim FRA0464 from Koraput, Odisha has a risk score of 15/100 (LOW). No major risk indicators were detected for this claim. Key factors: Moderate claim overlap. Recommended action: No immediate action required. Final decision must be made by the authorized official."
FRA0465,Madhya Pradesh,Mandla,45,MEDIUM,Moderate,"Claim FRA0465 from Mandla, Madhya Pradesh has a risk score of 45/100 (MEDIUM). This claim has some risk indicators and may require additional verification. Key factors: Long processing delay | High claim overlap | Multiple previous rejections. Recommended action: Perform additional document verification. Final decision must be made by the authorized official."
FRA0466,Chhattisgarh,Kanker,15,LOW,Normal,"Claim FRA0466 from Kanker, Chhattisgarh has a risk score of 15/100 (LOW). No major risk indicators were detected for this claim. Key factors: Moderate claim overlap. Recommended action: No immediate action required. Final decision must be made by the authorized official."
FRA0467,Madhya Pradesh,Dindori,5,LOW,Normal,"Claim FRA0467 from Dindori, Madhya Pradesh has a risk score of 5/100 (LOW). No major risk indicators were detected for this claim. Key factors: Multiple previous rejections. Recommended action: No immediate action required. Final decision must be made by the authorized official."
FRA0468,Chhattisgarh,Kanker,35,MEDIUM,Moderate,"Claim FRA0468 from Kanker, Chhattisgarh has a risk score of 35/100 (MEDIUM). This claim has some risk indicators and may require additional verification. Key factors: Long processing delay | Moderate claim overlap | Multiple previous rejections. Recommended action: Perform additional document verification. Final decision must be made by the authorized official."
FRA0469,Jharkhand,Gumla,0,LOW,Normal,"Claim FRA0469 from Gumla, Jharkhand has a risk score of 0/100 (LOW). No major risk indicators were detected for this claim. Key factors: . Recommended action: No immediate action required. Final decision must be made by the authorized official."
FRA0470,Chhattisgarh,Bastar,25,LOW,Normal,"Claim FRA0470 from Bastar, Chhattisgarh has a risk score of 25/100 (LOW). No major risk indicators were detected for this claim. Key factors: High claim overlap. Recommended action: No immediate action required. Final decision must be made by the authorized official."
FRA0471,Maharashtra,Gadchiroli,15,LOW,Normal,"Claim FRA0471 from Gadchiroli, Maharashtra has a risk score of 15/100 (LOW). No major risk indicators were detected for this claim. Key factors: Long processing delay. Recommended action: No immediate action required. Final decision must be made by the authorized official."
FRA0472,Madhya Pradesh,Mandla,0,LOW,Normal,"Claim FRA0472 from Mandla, Madhya Pradesh has a risk score of 0/100 (LOW). No major risk indicators were detected for this claim. Key factors: . Recommended action: No immediate action required. Final decision must be made by the authorized official."
FRA0473,Odisha,Koraput,15,LOW,Normal,"Claim FRA0473 from Koraput, Odisha has a risk score of 15/100 (LOW). No major risk indicators were detected for this claim. Key factors: Moderate claim overlap. Recommended action: No immediate action required. Final decision must be made by the authorized official."
FRA0474,Chhattisgarh,Bastar,20,LOW,Normal,"Claim FRA0474 from Bastar, Chhattisgarh has a risk score of 20/100 (LOW). No major risk indicators were detected for this claim. Key factors: Long processing delay | Multiple previous rejections. Recommended action: No immediate action required. Final decision must be made by the authorized official."
FRA0475,Jharkhand,Gumla,15,LOW,Normal,"Claim FRA0475 from Gumla, Jharkhand has a risk score of 15/100 (LOW). No major risk indicators were detected for this claim. Key factors: Long processing delay. Recommended action: No immediate action required. Final decision must be made by the authorized official."
FRA0476,Chhattisgarh,Surguja,15,LOW,Normal,"Claim FRA0476 from Surguja, Chhattisgarh has a risk score of 15/100 (LOW). No major risk indicators were detected for this claim. Key factors: Moderate claim overlap. Recommended action: No immediate action required. Final decision must be made by the authorized official."
FRA0477,Maharashtra,Nandurbar,15,LOW,Normal,"Claim FRA0477 from Nandurbar, Maharashtra has a risk score of 15/100 (LOW). No major risk indicators were detected for this claim. Key factors: Moderate claim overlap. Recommended action: No immediate action required. Final decision must be made by the authorized official."
FRA0478,Madhya Pradesh,Mandla,0,LOW,Normal,"Claim FRA0478 from Mandla, Madhya Pradesh has a risk score of 0/100 (LOW). No major risk indicators were detected for this claim. Key factors: . Recommended action: No immediate action required. Final decision must be made by the authorized official."
FRA0479,Odisha,Koraput,35,MEDIUM,Moderate,"Claim FRA0479 from Koraput, Odisha has a risk score of 35/100 (MEDIUM). This claim has some risk indicators and may require additional verification. Key factors: Long processing delay | Moderate claim overlap | Multiple previous rejections. Recommended action: Perform additional document verification. Final decision must be made by the authorized official."
FRA0480,Madhya Pradesh,Mandla,15,LOW,Normal,"Claim FRA0480 from Mandla, Madhya Pradesh has a risk score of 15/100 (LOW). No major risk indicators were detected for this claim. Key factors: Multiple previous rejections | ML anomaly detected. Recommended action: No immediate action required. Final decision must be made by the authorized official."
FRA0481,Jharkhand,Gumla,25,LOW,Normal,"Claim FRA0481 from Gumla, Jharkhand has a risk score of 25/100 (LOW). No major risk indicators were detected for this claim. Key factors: High claim overlap. Recommended action: No immediate action required. Final decision must be made by the authorized official."
FRA0482,Maharashtra,Nandurbar,35,MEDIUM,Moderate,"Claim FRA0482 from Nandurbar, Maharashtra has a risk score of 35/100 (MEDIUM). This claim has some risk indicators and may require additional verification. Key factors: Long processing delay | Moderate claim overlap | Multiple previous rejections. Recommended action: Perform additional document verification. Final decision must be made by the authorized official."
FRA0483,Maharashtra,Nashik,20,LOW,Normal,"Claim FRA0483 from Nashik, Maharashtra has a risk score of 20/100 (LOW). No major risk indicators were detected for this claim. Key factors: Moderate claim overlap | Multiple previous rejections. Recommended action: No immediate action required. Final decision must be made by the authorized official."
FRA0484,Chhattisgarh,Kanker,40,MEDIUM,Moderate,"Claim FRA0484 from Kanker, Chhattisgarh has a risk score of 40/100 (MEDIUM). This claim has some risk indicators and may require additional verification. Key factors: Long processing delay | High claim overlap. Recommended action: Perform additional document verification. Final decision must be made by the authorized official."
FRA0485,Odisha,Keonjhar,5,LOW,Normal,"Claim FRA0485 from Keonjhar, Odisha has a risk score of 5/100 (LOW). No major risk indicators were detected for this claim. Key factors: Multiple previous rejections. Recommended action: No immediate action required. Final decision must be made by the authorized official."
FRA0486,Madhya Pradesh,Dindori,30,LOW,Normal,"Claim FRA0486 from Dindori, Madhya Pradesh has a risk score of 30/100 (LOW). No major risk indicators were detected for this claim. Key factors: Long processing delay | Moderate claim overlap. Recommended action: No immediate action required. Final decision must be made by the authorized official."
FRA0487,Madhya Pradesh,Dindori,20,LOW,Normal,"Claim FRA0487 from Dindori, Madhya Pradesh has a risk score of 20/100 (LOW). No major risk indicators were detected for this claim. Key factors: Long processing delay | Multiple previous rejections. Recommended action: No immediate action required. Final decision must be made by the authorized official."
FRA0488,Maharashtra,Gadchiroli,0,LOW,Normal,"Claim FRA0488 from Gadchiroli, Maharashtra has a risk score of 0/100 (LOW). No major risk indicators were detected for this claim. Key factors: . Recommended action: No immediate action required. Final decision must be made by the authorized official."
FRA0489,Chhattisgarh,Bastar,0,LOW,Normal,"Claim FRA0489 from Bastar, Chhattisgarh has a risk score of 0/100 (LOW). No major risk indicators were detected for this claim. Key factors: . Recommended action: No immediate action required. Final decision must be made by the authorized official."
FRA0490,Jharkhand,Ranchi,0,LOW,Normal,"Claim FRA0490 from Ranchi, Jharkhand has a risk score of 0/100 (LOW). No major risk indicators were detected for this claim. Key factors: . Recommended action: No immediate action required. Final decision must be made by the authorized official."
FRA0491,Madhya Pradesh,Balaghat,30,LOW,Normal,"Claim FRA0491 from Balaghat, Madhya Pradesh has a risk score of 30/100 (LOW). No major risk indicators were detected for this claim. Key factors: High claim overlap | Multiple previous rejections. Recommended action: No immediate action required. Final decision must be made by the authorized official."
FRA0492,Jharkhand,Gumla,30,LOW,Normal,"Claim FRA0492 from Gumla, Jharkhand has a risk score of 30/100 (LOW). No major risk indicators were detected for this claim. Key factors: Long processing delay | Moderate claim overlap. Recommended action: No immediate action required. Final decision must be made by the authorized official."
FRA0493,Madhya Pradesh,Balaghat,15,LOW,Normal,"Claim FRA0493 from Balaghat, Madhya Pradesh has a risk score of 15/100 (LOW). No major risk indicators were detected for this claim. Key factors: Long processing delay. Recommended action: No immediate action required. Final decision must be made by the authorized official."
FRA0494,Chhattisgarh,Kanker,5,LOW,Normal,"Claim FRA0494 from Kanker, Chhattisgarh has a risk score of 5/100 (LOW). No major risk indicators were detected for this claim. Key factors: Multiple previous rejections. Recommended action: No immediate action required. Final decision must be made by the authorized official."
FRA0495,Maharashtra,Nashik,30,LOW,Normal,"Claim FRA0495 from Nashik, Maharashtra has a risk score of 30/100 (LOW). No major risk indicators were detected for this claim. Key factors: Long processing delay | Moderate claim overlap. Recommended action: No immediate action required. Final decision must be made by the authorized official."
FRA0496,Jharkhand,Simdega,40,MEDIUM,Moderate,"Claim FRA0496 from Simdega, Jharkhand has a risk score of 40/100 (MEDIUM). This claim has some risk indicators and may require additional verification. Key factors: Long processing delay | High claim overlap. Recommended action: Perform additional document verification. Final decision must be made by the authorized official."
FRA0497,Maharashtra,Gadchiroli,30,LOW,Normal,"Claim FRA0497 from Gadchiroli, Maharashtra has a risk score of 30/100 (LOW). No major risk indicators were detected for this claim. Key factors: High claim overlap | Multiple previous rejections. Recommended action: No immediate action required. Final decision must be made by the authorized official."
FRA0498,Madhya Pradesh,Dindori,5,LOW,Normal,"Claim FRA0498 from Dindori, Madhya Pradesh has a risk score of 5/100 (LOW). No major risk indicators were detected for this claim. Key factors: Multiple previous rejections. Recommended action: No immediate action required. Final decision must be made by the authorized official."
FRA0499,Odisha,Mayurbhanj,5,LOW,Normal,"Claim FRA0499 from Mayurbhanj, Odisha has a risk score of 5/100 (LOW). No major risk indicators were detected for this claim. Key factors: Multiple previous rejections. Recommended action: No immediate action required. Final decision must be made by the authorized official."
FRA0500,Jharkhand,Gumla,20,LOW,Normal,"Claim FRA0500 from Gumla, Jharkhand has a risk score of 20/100 (LOW). No major risk indicators were detected for this claim. Key factors: Moderate claim overlap | Multiple previous rejections. Recommended action: No immediate action required. Final decision must be made by the authorized official."
FRA0501,Odisha,Koraput,30,LOW,Normal,"Claim FRA0501 from Koraput, Odisha has a risk score of 30/100 (LOW). No major risk indicators were detected for this claim. Key factors: High claim overlap | Multiple previous rejections. Recommended action: No immediate action required. Final decision must be made by the authorized official."
FRA0502,Madhya Pradesh,Dindori,20,LOW,Normal,"Claim FRA0502 from Dindori, Madhya Pradesh has a risk score of 20/100 (LOW). No major risk indicators were detected for this claim. Key factors: Moderate claim overlap | Multiple previous rejections. Recommended action: No immediate action required. Final decision must be made by the authorized official."
FRA0503,Madhya Pradesh,Balaghat,5,LOW,Normal,"Claim FRA0503 from Balaghat, Madhya Pradesh has a risk score of 5/100 (LOW). No major risk indicators were detected for this claim. Key factors: Multiple previous rejections. Recommended action: No immediate action required. Final decision must be made by the authorized official."
FRA0504,Madhya Pradesh,Dindori,5,LOW,Normal,"Claim FRA0504 from Dindori, Madhya Pradesh has a risk score of 5/100 (LOW). No major risk indicators were detected for this claim. Key factors: Multiple previous rejections. Recommended action: No immediate action required. Final decision must be made by the authorized official."
FRA0505,Maharashtra,Nandurbar,15,LOW,Normal,"Claim FRA0505 from Nandurbar, Maharashtra has a risk score of 15/100 (LOW). No major risk indicators were detected for this claim. Key factors: Moderate claim overlap. Recommended action: No immediate action required. Final decision must be made by the authorized official."
FRA0506,Chhattisgarh,Surguja,20,LOW,Normal,"Claim FRA0506 from Surguja, Chhattisgarh has a risk score of 20/100 (LOW). No major risk indicators were detected for this claim. Key factors: Long processing delay | Multiple previous rejections. Recommended action: No immediate action required. Final decision must be made by the authorized official."
FRA0507,Chhattisgarh,Kanker,20,LOW,Normal,"Claim FRA0507 from Kanker, Chhattisgarh has a risk score of 20/100 (LOW). No major risk indicators were detected for this claim. Key factors: Moderate claim overlap | Multiple previous rejections. Recommended action: No immediate action required. Final decision must be made by the authorized official."
FRA0508,Madhya Pradesh,Balaghat,40,MEDIUM,Moderate,"Claim FRA0508 from Balaghat, Madhya Pradesh has a risk score of 40/100 (MEDIUM). This claim has some risk indicators and may require additional verification. Key factors: Long processing delay | High claim overlap. Recommended action: Perform additional document verification. Final decision must be made by the authorized official."
FRA0509,Chhattisgarh,Bastar,30,LOW,Normal,"Claim FRA0509 from Bastar, Chhattisgarh has a risk score of 30/100 (LOW). No major risk indicators were detected for this claim. Key factors: Long processing delay | Moderate claim overlap. Recommended action: No immediate action required. Final decision must be made by the authorized official."
FRA0510,Madhya Pradesh,Mandla,25,LOW,Normal,"Claim FRA0510 from Mandla, Madhya Pradesh has a risk score of 25/100 (LOW). No major risk indicators were detected for this claim. Key factors: High claim overlap. Recommended action: No immediate action required. Final decision must be made by the authorized official."
FRA0511,Jharkhand,Gumla,0,LOW,Normal,"Claim FRA0511 from Gumla, Jharkhand has a risk score of 0/100 (LOW). No major risk indicators were detected for this claim. Key factors: . Recommended action: No immediate action required. Final decision must be made by the authorized official."
FRA0512,Madhya Pradesh,Balaghat,10,LOW,Normal,"Claim FRA0512 from Balaghat, Madhya Pradesh has a risk score of 10/100 (LOW). No major risk indicators were detected for this claim. Key factors: ML anomaly detected. Recommended action: No immediate action required. Final decision must be made by the authorized official."
FRA0513,Chhattisgarh,Surguja,5,LOW,Normal,"Claim FRA0513 from Surguja, Chhattisgarh has a risk score of 5/100 (LOW). No major risk indicators were detected for this claim. Key factors: Multiple previous rejections. Recommended action: No immediate action required. Final decision must be made by the authorized official."
FRA0514,Chhattisgarh,Kanker,15,LOW,Normal,"Claim FRA0514 from Kanker, Chhattisgarh has a risk score of 15/100 (LOW). No major risk indicators were detected for this claim. Key factors: Moderate claim overlap. Recommended action: No immediate action required. Final decision must be made by the authorized official."
FRA0515,Jharkhand,Gumla,15,LOW,Normal,"Claim FRA0515 from Gumla, Jharkhand has a risk score of 15/100 (LOW). No major risk indicators were detected for this claim. Key factors: Moderate claim overlap. Recommended action: No immediate action required. Final decision must be made by the authorized official."
FRA0516,Madhya Pradesh,Balaghat,35,MEDIUM,Moderate,"Claim FRA0516 from Balaghat, Madhya Pradesh has a risk score of 35/100 (MEDIUM). This claim has some risk indicators and may require additional verification. Key factors: Long processing delay | Moderate claim overlap | Multiple previous rejections. Recommended action: Perform additional document verification. Final decision must be made by the authorized official."
FRA0517,Jharkhand,Simdega,5,LOW,Normal,"Claim FRA0517 from Simdega, Jharkhand has a risk score of 5/100 (LOW). No major risk indicators were detected for this claim. Key factors: Multiple previous rejections. Recommended action: No immediate action required. Final decision must be made by the authorized official."
FRA0518,Madhya Pradesh,Mandla,35,MEDIUM,Moderate,"Claim FRA0518 from Mandla, Madhya Pradesh has a risk score of 35/100 (MEDIUM). This claim has some risk indicators and may require additional verification. Key factors: Long processing delay | Moderate claim overlap | Multiple previous rejections. Recommended action: Perform additional document verification. Final decision must be made by the authorized official."
FRA0519,Maharashtra,Nashik,15,LOW,Normal,"Claim FRA0519 from Nashik, Maharashtra has a risk score of 15/100 (LOW). No major risk indicators were detected for this claim. Key factors: Moderate claim overlap. Recommended action: No immediate action required. Final decision must be made by the authorized official."
FRA0520,Madhya Pradesh,Dindori,5,LOW,Normal,"Claim FRA0520 from Dindori, Madhya Pradesh has a risk score of 5/100 (LOW). No major risk indicators were detected for this claim. Key factors: Multiple previous rejections. Recommended action: No immediate action required. Final decision must be made by the authorized official."
FRA0521,Odisha,Mayurbhanj,15,LOW,Normal,"Claim FRA0521 from Mayurbhanj, Odisha has a risk score of 15/100 (LOW). No major risk indicators were detected for this claim. Key factors: Moderate claim overlap. Recommended action: No immediate action required. Final decision must be made by the authorized official."
FRA0522,Chhattisgarh,Bastar,25,LOW,Normal,"Claim FRA0522 from Bastar, Chhattisgarh has a risk score of 25/100 (LOW). No major risk indicators were detected for this claim. Key factors: High claim overlap. Recommended action: No immediate action required. Final decision must be made by the authorized official."
FRA0523,Jharkhand,Simdega,40,MEDIUM,Moderate,"Claim FRA0523 from Simdega, Jharkhand has a risk score of 40/100 (MEDIUM). This claim has some risk indicators and may require additional verification. Key factors: Long processing delay | High claim overlap. Recommended action: Perform additional document verification. Final decision must be made by the authorized official."
FRA0524,Maharashtra,Nashik,15,LOW,Normal,"Claim FRA0524 from Nashik, Maharashtra has a risk score of 15/100 (LOW). No major risk indicators were detected for this claim. Key factors: Long processing delay. Recommended action: No immediate action required. Final decision must be made by the authorized official."
FRA0525,Odisha,Koraput,25,LOW,Normal,"Claim FRA0525 from Koraput, Odisha has a risk score of 25/100 (LOW). No major risk indicators were detected for this claim. Key factors: High claim overlap. Recommended action: No immediate action required. Final decision must be made by the authorized official."
FRA0526,Jharkhand,Ranchi,20,LOW,Normal,"Claim FRA0526 from Ranchi, Jharkhand has a risk score of 20/100 (LOW). No major risk indicators were detected for this claim. Key factors: Long processing delay | Multiple previous rejections. Recommended action: No immediate action required. Final decision must be made by the authorized official."
FRA0527,Madhya Pradesh,Balaghat,5,LOW,Normal,"Claim FRA0527 from Balaghat, Madhya Pradesh has a risk score of 5/100 (LOW). No major risk indicators were detected for this claim. Key factors: Multiple previous rejections. Recommended action: No immediate action required. Final decision must be made by the authorized official."
FRA0528,Maharashtra,Nandurbar,35,MEDIUM,Moderate,"Claim FRA0528 from Nandurbar, Maharashtra has a risk score of 35/100 (MEDIUM). This claim has some risk indicators and may require additional verification. Key factors: Long processing delay | Moderate claim overlap | Multiple previous rejections. Recommended action: Perform additional document verification. Final decision must be made by the authorized official."
FRA0529,Chhattisgarh,Surguja,0,LOW,Normal,"Claim FRA0529 from Surguja, Chhattisgarh has a risk score of 0/100 (LOW). No major risk indicators were detected for this claim. Key factors: . Recommended action: No immediate action required. Final decision must be made by the authorized official."
FRA0530,Jharkhand,Gumla,45,MEDIUM,Moderate,"Claim FRA0530 from Gumla, Jharkhand has a risk score of 45/100 (MEDIUM). This claim has some risk indicators and may require additional verification. Key factors: Long processing delay | High claim overlap | Multiple previous rejections. Recommended action: Perform additional document verification. Final decision must be made by the authorized official."
FRA0531,Chhattisgarh,Kanker,30,LOW,Normal,"Claim FRA0531 from Kanker, Chhattisgarh has a risk score of 30/100 (LOW). No major risk indicators were detected for this claim. Key factors: Long processing delay | Moderate claim overlap. Recommended action: No immediate action required. Final decision must be made by the authorized official."
FRA0532,Chhattisgarh,Kanker,0,LOW,Normal,"Claim FRA0532 from Kanker, Chhattisgarh has a risk score of 0/100 (LOW). No major risk indicators were detected for this claim. Key factors: . Recommended action: No immediate action required. Final decision must be made by the authorized official."
FRA0533,Maharashtra,Nashik,30,LOW,Normal,"Claim FRA0533 from Nashik, Maharashtra has a risk score of 30/100 (LOW). No major risk indicators were detected for this claim. Key factors: High claim overlap | Multiple previous rejections. Recommended action: No immediate action required. Final decision must be made by the authorized official."
FRA0534,Chhattisgarh,Kanker,15,LOW,Normal,"Claim FRA0534 from Kanker, Chhattisgarh has a risk score of 15/100 (LOW). No major risk indicators were detected for this claim. Key factors: Long processing delay. Recommended action: No immediate action required. Final decision must be made by the authorized official."
FRA0535,Madhya Pradesh,Balaghat,15,LOW,Normal,"Claim FRA0535 from Balaghat, Madhya Pradesh has a risk score of 15/100 (LOW). No major risk indicators were detected for this claim. Key factors: Long processing delay. Recommended action: No immediate action required. Final decision must be made by the authorized official."
FRA0536,Chhattisgarh,Kanker,20,LOW,Normal,"Claim FRA0536 from Kanker, Chhattisgarh has a risk score of 20/100 (LOW). No major risk indicators were detected for this claim. Key factors: Moderate claim overlap | Multiple previous rejections. Recommended action: No immediate action required. Final decision must be made by the authorized official."
FRA0537,Odisha,Mayurbhanj,30,LOW,Normal,"Claim FRA0537 from Mayurbhanj, Odisha has a risk score of 30/100 (LOW). No major risk indicators were detected for this claim. Key factors: Long processing delay | Moderate claim overlap. Recommended action: No immediate action required. Final decision must be made by the authorized official."
FRA0538,Maharashtra,Gadchiroli,15,LOW,Normal,"Claim FRA0538 from Gadchiroli, Maharashtra has a risk score of 15/100 (LOW). No major risk indicators were detected for this claim. Key factors: Moderate claim overlap. Recommended action: No immediate action required. Final decision must be made by the authorized official."
FRA0539,Jharkhand,Simdega,15,LOW,Normal,"Claim FRA0539 from Simdega, Jharkhand has a risk score of 15/100 (LOW). No major risk indicators were detected for this claim. Key factors: Long processing delay. Recommended action: No immediate action required. Final decision must be made by the authorized official."
FRA0540,Maharashtra,Nashik,5,LOW,Normal,"Claim FRA0540 from Nashik, Maharashtra has a risk score of 5/100 (LOW). No major risk indicators were detected for this claim. Key factors: Multiple previous rejections. Recommended action: No immediate action required. Final decision must be made by the authorized official."
FRA0541,Chhattisgarh,Kanker,35,MEDIUM,Moderate,"Claim FRA0541 from Kanker, Chhattisgarh has a risk score of 35/100 (MEDIUM). This claim has some risk indicators and may require additional verification. Key factors: Long processing delay | Moderate claim overlap | Multiple previous rejections. Recommended action: Perform additional document verification. Final decision must be made by the authorized official."
FRA0542,Chhattisgarh,Kanker,45,MEDIUM,Moderate,"Claim FRA0542 from Kanker, Chhattisgarh has a risk score of 45/100 (MEDIUM). This claim has some risk indicators and may require additional verification. Key factors: Long processing delay | High claim overlap | Multiple previous rejections. Recommended action: Perform additional document verification. Final decision must be made by the authorized official."
FRA0543,Maharashtra,Gadchiroli,0,LOW,Normal,"Claim FRA0543 from Gadchiroli, Maharashtra has a risk score of 0/100 (LOW). No major risk indicators were detected for this claim. Key factors: . Recommended action: No immediate action required. Final decision must be made by the authorized official."
FRA0544,Chhattisgarh,Kanker,15,LOW,Normal,"Claim FRA0544 from Kanker, Chhattisgarh has a risk score of 15/100 (LOW). No major risk indicators were detected for this claim. Key factors: Long processing delay. Recommended action: No immediate action required. Final decision must be made by the authorized official."
FRA0545,Jharkhand,Ranchi,15,LOW,Normal,"Claim FRA0545 from Ranchi, Jharkhand has a risk score of 15/100 (LOW). No major risk indicators were detected for this claim. Key factors: Long processing delay. Recommended action: No immediate action required. Final decision must be made by the authorized official."
FRA0546,Madhya Pradesh,Balaghat,5,LOW,Normal,"Claim FRA0546 from Balaghat, Madhya Pradesh has a risk score of 5/100 (LOW). No major risk indicators were detected for this claim. Key factors: Multiple previous rejections. Recommended action: No immediate action required. Final decision must be made by the authorized official."
FRA0547,Jharkhand,Ranchi,15,LOW,Normal,"Claim FRA0547 from Ranchi, Jharkhand has a risk score of 15/100 (LOW). No major risk indicators were detected for this claim. Key factors: Moderate claim overlap. Recommended action: No immediate action required. Final decision must be made by the authorized official."
FRA0548,Jharkhand,Ranchi,0,LOW,Normal,"Claim FRA0548 from Ranchi, Jharkhand has a risk score of 0/100 (LOW). No major risk indicators were detected for this claim. Key factors: . Recommended action: No immediate action required. Final decision must be made by the authorized official."
FRA0549,Maharashtra,Nashik,30,LOW,Normal,"Claim FRA0549 from Nashik, Maharashtra has a risk score of 30/100 (LOW). No major risk indicators were detected for this claim. Key factors: High claim overlap | Multiple previous rejections. Recommended action: No immediate action required. Final decision must be made by the authorized official."
FRA0550,Jharkhand,Ranchi,5,LOW,Normal,"Claim FRA0550 from Ranchi, Jharkhand has a risk score of 5/100 (LOW). No major risk indicators were detected for this claim. Key factors: Multiple previous rejections. Recommended action: No immediate action required. Final decision must be made by the authorized official."
FRA0551,Chhattisgarh,Bastar,5,LOW,Normal,"Claim FRA0551 from Bastar, Chhattisgarh has a risk score of 5/100 (LOW). No major risk indicators were detected for this claim. Key factors: Multiple previous rejections. Recommended action: No immediate action required. Final decision must be made by the authorized official."
FRA0552,Odisha,Koraput,30,LOW,Normal,"Claim FRA0552 from Koraput, Odisha has a risk score of 30/100 (LOW). No major risk indicators were detected for this claim. Key factors: High claim overlap | Multiple previous rejections. Recommended action: No immediate action required. Final decision must be made by the authorized official."
FRA0553,Jharkhand,Ranchi,5,LOW,Normal,"Claim FRA0553 from Ranchi, Jharkhand has a risk score of 5/100 (LOW). No major risk indicators were detected for this claim. Key factors: Multiple previous rejections. Recommended action: No immediate action required. Final decision must be made by the authorized official."
FRA0554,Maharashtra,Nandurbar,25,LOW,Normal,"Claim FRA0554 from Nandurbar, Maharashtra has a risk score of 25/100 (LOW). No major risk indicators were detected for this claim. Key factors: High claim overlap. Recommended action: No immediate action required. Final decision must be made by the authorized official."
FRA0555,Odisha,Mayurbhanj,5,LOW,Normal,"Claim FRA0555 from Mayurbhanj, Odisha has a risk score of 5/100 (LOW). No major risk indicators were detected for this claim. Key factors: Multiple previous rejections. Recommended action: No immediate action required. Final decision must be made by the authorized official."
FRA0556,Madhya Pradesh,Dindori,30,LOW,Normal,"Claim FRA0556 from Dindori, Madhya Pradesh has a risk score of 30/100 (LOW). No major risk indicators were detected for this claim. Key factors: High claim overlap | Multiple previous rejections. Recommended action: No immediate action required. Final decision must be made by the authorized official."
FRA0557,Odisha,Keonjhar,30,LOW,Normal,"Claim FRA0557 from Keonjhar, Odisha has a risk score of 30/100 (LOW). No major risk indicators were detected for this claim. Key factors: Long processing delay | Moderate claim overlap. Recommended action: No immediate action required. Final decision must be made by the authorized official."
FRA0558,Odisha,Koraput,25,LOW,Normal,"Claim FRA0558 from Koraput, Odisha has a risk score of 25/100 (LOW). No major risk indicators were detected for this claim. Key factors: High claim overlap. Recommended action: No immediate action required. Final decision must be made by the authorized official."
FRA0559,Odisha,Mayurbhanj,40,MEDIUM,Moderate,"Claim FRA0559 from Mayurbhanj, Odisha has a risk score of 40/100 (MEDIUM). This claim has some risk indicators and may require additional verification. Key factors: Long processing delay | High claim overlap. Recommended action: Perform additional document verification. Final decision must be made by the authorized official."
FRA0560,Chhattisgarh,Bastar,20,LOW,Normal,"Claim FRA0560 from Bastar, Chhattisgarh has a risk score of 20/100 (LOW). No major risk indicators were detected for this claim. Key factors: Long processing delay | Multiple previous rejections. Recommended action: No immediate action required. Final decision must be made by the authorized official."
FRA0561,Jharkhand,Ranchi,45,MEDIUM,Moderate,"Claim FRA0561 from Ranchi, Jharkhand has a risk score of 45/100 (MEDIUM). This claim has some risk indicators and may require additional verification. Key factors: Long processing delay | High claim overlap | Multiple previous rejections. Recommended action: Perform additional document verification. Final decision must be made by the authorized official."
FRA0562,Madhya Pradesh,Mandla,0,LOW,Normal,"Claim FRA0562 from Mandla, Madhya Pradesh has a risk score of 0/100 (LOW). No major risk indicators were detected for this claim. Key factors: . Recommended action: No immediate action required. Final decision must be made by the authorized official."
FRA0563,Odisha,Keonjhar,0,LOW,Normal,"Claim FRA0563 from Keonjhar, Odisha has a risk score of 0/100 (LOW). No major risk indicators were detected for this claim. Key factors: . Recommended action: No immediate action required. Final decision must be made by the authorized official."
FRA0564,Odisha,Koraput,30,LOW,Normal,"Claim FRA0564 from Koraput, Odisha has a risk score of 30/100 (LOW). No major risk indicators were detected for this claim. Key factors: Long processing delay | Moderate claim overlap. Recommended action: No immediate action required. Final decision must be made by the authorized official."
FRA0565,Jharkhand,Ranchi,15,LOW,Normal,"Claim FRA0565 from Ranchi, Jharkhand has a risk score of 15/100 (LOW). No major risk indicators were detected for this claim. Key factors: Moderate claim overlap. Recommended action: No immediate action required. Final decision must be made by the authorized official."
FRA0566,Jharkhand,Gumla,0,LOW,Normal,"Claim FRA0566 from Gumla, Jharkhand has a risk score of 0/100 (LOW). No major risk indicators were detected for this claim. Key factors: . Recommended action: No immediate action required. Final decision must be made by the authorized official."
FRA0567,Chhattisgarh,Bastar,45,MEDIUM,Moderate,"Claim FRA0567 from Bastar, Chhattisgarh has a risk score of 45/100 (MEDIUM). This claim has some risk indicators and may require additional verification. Key factors: Long processing delay | High claim overlap | Multiple previous rejections. Recommended action: Perform additional document verification. Final decision must be made by the authorized official."
FRA0568,Maharashtra,Gadchiroli,20,LOW,Normal,"Claim FRA0568 from Gadchiroli, Maharashtra has a risk score of 20/100 (LOW). No major risk indicators were detected for this claim. Key factors: Moderate claim overlap | Multiple previous rejections. Recommended action: No immediate action required. Final decision must be made by the authorized official."
FRA0569,Jharkhand,Gumla,35,MEDIUM,Moderate,"Claim FRA0569 from Gumla, Jharkhand has a risk score of 35/100 (MEDIUM). This claim has some risk indicators and may require additional verification. Key factors: Long processing delay | Moderate claim overlap | Multiple previous rejections. Recommended action: Perform additional document verification. Final decision must be made by the authorized official."
FRA0570,Maharashtra,Nashik,30,LOW,Normal,"Claim FRA0570 from Nashik, Maharashtra has a risk score of 30/100 (LOW). No major risk indicators were detected for this claim. Key factors: Long processing delay | Moderate claim overlap. Recommended action: No immediate action required. Final decision must be made by the authorized official."
FRA0571,Chhattisgarh,Bastar,45,MEDIUM,Moderate,"Claim FRA0571 from Bastar, Chhattisgarh has a risk score of 45/100 (MEDIUM). This claim has some risk indicators and may require additional verification. Key factors: Long processing delay | High claim overlap | Multiple previous rejections. Recommended action: Perform additional document verification. Final decision must be made by the authorized official."
FRA0572,Chhattisgarh,Bastar,5,LOW,Normal,"Claim FRA0572 from Bastar, Chhattisgarh has a risk score of 5/100 (LOW). No major risk indicators were detected for this claim. Key factors: Multiple previous rejections. Recommended action: No immediate action required. Final decision must be made by the authorized official."
FRA0573,Chhattisgarh,Kanker,0,LOW,Normal,"Claim FRA0573 from Kanker, Chhattisgarh has a risk score of 0/100 (LOW). No major risk indicators were detected for this claim. Key factors: . Recommended action: No immediate action required. Final decision must be made by the authorized official."
FRA0574,Odisha,Keonjhar,30,LOW,Normal,"Claim FRA0574 from Keonjhar, Odisha has a risk score of 30/100 (LOW). No major risk indicators were detected for this claim. Key factors: Long processing delay | Moderate claim overlap. Recommended action: No immediate action required. Final decision must be made by the authorized official."
FRA0575,Chhattisgarh,Surguja,15,LOW,Normal,"Claim FRA0575 from Surguja, Chhattisgarh has a risk score of 15/100 (LOW). No major risk indicators were detected for this claim. Key factors: Moderate claim overlap. Recommended action: No immediate action required. Final decision must be made by the authorized official."
FRA0576,Odisha,Koraput,25,LOW,Normal,"Claim FRA0576 from Koraput, Odisha has a risk score of 25/100 (LOW). No major risk indicators were detected for this claim. Key factors: High claim overlap. Recommended action: No immediate action required. Final decision must be made by the authorized official."
FRA0577,Odisha,Keonjhar,0,LOW,Normal,"Claim FRA0577 from Keonjhar, Odisha has a risk score of 0/100 (LOW). No major risk indicators were detected for this claim. Key factors: . Recommended action: No immediate action required. Final decision must be made by the authorized official."
FRA0578,Maharashtra,Nashik,40,MEDIUM,Moderate,"Claim FRA0578 from Nashik, Maharashtra has a risk score of 40/100 (MEDIUM). This claim has some risk indicators and may require additional verification. Key factors: Long processing delay | High claim overlap. Recommended action: Perform additional document verification. Final decision must be made by the authorized official."
FRA0579,Chhattisgarh,Kanker,20,LOW,Normal,"Claim FRA0579 from Kanker, Chhattisgarh has a risk score of 20/100 (LOW). No major risk indicators were detected for this claim. Key factors: Moderate claim overlap | Multiple previous rejections. Recommended action: No immediate action required. Final decision must be made by the authorized official."
FRA0580,Madhya Pradesh,Dindori,0,LOW,Normal,"Claim FRA0580 from Dindori, Madhya Pradesh has a risk score of 0/100 (LOW). No major risk indicators were detected for this claim. Key factors: . Recommended action: No immediate action required. Final decision must be made by the authorized official."
FRA0581,Madhya Pradesh,Dindori,0,LOW,Normal,"Claim FRA0581 from Dindori, Madhya Pradesh has a risk score of 0/100 (LOW). No major risk indicators were detected for this claim. Key factors: . Recommended action: No immediate action required. Final decision must be made by the authorized official."
FRA0582,Odisha,Mayurbhanj,0,LOW,Normal,"Claim FRA0582 from Mayurbhanj, Odisha has a risk score of 0/100 (LOW). No major risk indicators were detected for this claim. Key factors: . Recommended action: No immediate action required. Final decision must be made by the authorized official."
FRA0583,Maharashtra,Nashik,40,MEDIUM,Moderate,"Claim FRA0583 from Nashik, Maharashtra has a risk score of 40/100 (MEDIUM). This claim has some risk indicators and may require additional verification. Key factors: Long processing delay | High claim overlap. Recommended action: Perform additional document verification. Final decision must be made by the authorized official."
FRA0584,Madhya Pradesh,Dindori,25,LOW,Normal,"Claim FRA0584 from Dindori, Madhya Pradesh has a risk score of 25/100 (LOW). No major risk indicators were detected for this claim. Key factors: High claim overlap. Recommended action: No immediate action required. Final decision must be made by the authorized official."
FRA0585,Madhya Pradesh,Dindori,30,LOW,Normal,"Claim FRA0585 from Dindori, Madhya Pradesh has a risk score of 30/100 (LOW). No major risk indicators were detected for this claim. Key factors: High claim overlap | Multiple previous rejections. Recommended action: No immediate action required. Final decision must be made by the authorized official."
FRA0586,Maharashtra,Gadchiroli,20,LOW,Normal,"Claim FRA0586 from Gadchiroli, Maharashtra has a risk score of 20/100 (LOW). No major risk indicators were detected for this claim. Key factors: Moderate claim overlap | Multiple previous rejections. Recommended action: No immediate action required. Final decision must be made by the authorized official."
FRA0587,Odisha,Mayurbhanj,15,LOW,Normal,"Claim FRA0587 from Mayurbhanj, Odisha has a risk score of 15/100 (LOW). No major risk indicators were detected for this claim. Key factors: Long processing delay. Recommended action: No immediate action required. Final decision must be made by the authorized official."
FRA0588,Jharkhand,Gumla,20,LOW,Normal,"Claim FRA0588 from Gumla, Jharkhand has a risk score of 20/100 (LOW). No major risk indicators were detected for this claim. Key factors: Long processing delay | Multiple previous rejections. Recommended action: No immediate action required. Final decision must be made by the authorized official."
FRA0589,Maharashtra,Nandurbar,20,LOW,Normal,"Claim FRA0589 from Nandurbar, Maharashtra has a risk score of 20/100 (LOW). No major risk indicators were detected for this claim. Key factors: Long processing delay | Multiple previous rejections. Recommended action: No immediate action required. Final decision must be made by the authorized official."
FRA0590,Odisha,Koraput,15,LOW,Normal,"Claim FRA0590 from Koraput, Odisha has a risk score of 15/100 (LOW). No major risk indicators were detected for this claim. Key factors: Moderate claim overlap. Recommended action: No immediate action required. Final decision must be made by the authorized official."
FRA0591,Jharkhand,Simdega,15,LOW,Normal,"Claim FRA0591 from Simdega, Jharkhand has a risk score of 15/100 (LOW). No major risk indicators were detected for this claim. Key factors: Moderate claim overlap. Recommended action: No immediate action required. Final decision must be made by the authorized official."
FRA0592,Chhattisgarh,Bastar,15,LOW,Normal,"Claim FRA0592 from Bastar, Chhattisgarh has a risk score of 15/100 (LOW). No major risk indicators were detected for this claim. Key factors: Long processing delay. Recommended action: No immediate action required. Final decision must be made by the authorized official."
FRA0593,Odisha,Mayurbhanj,25,LOW,Normal,"Claim FRA0593 from Mayurbhanj, Odisha has a risk score of 25/100 (LOW). No major risk indicators were detected for this claim. Key factors: High claim overlap. Recommended action: No immediate action required. Final decision must be made by the authorized official."
FRA0594,Odisha,Mayurbhanj,20,LOW,Normal,"Claim FRA0594 from Mayurbhanj, Odisha has a risk score of 20/100 (LOW). No major risk indicators were detected for this claim. Key factors: Moderate claim overlap | Multiple previous rejections. Recommended action: No immediate action required. Final decision must be made by the authorized official."
FRA0595,Maharashtra,Nandurbar,20,LOW,Normal,"Claim FRA0595 from Nandurbar, Maharashtra has a risk score of 20/100 (LOW). No major risk indicators were detected for this claim. Key factors: Long processing delay | Multiple previous rejections. Recommended action: No immediate action required. Final decision must be made by the authorized official."
FRA0596,Odisha,Keonjhar,20,LOW,Normal,"Claim FRA0596 from Keonjhar, Odisha has a risk score of 20/100 (LOW). No major risk indicators were detected for this claim. Key factors: Moderate claim overlap | Multiple previous rejections. Recommended action: No immediate action required. Final decision must be made by the authorized official."
FRA0597,Odisha,Mayurbhanj,55,HIGH,High,"Claim FRA0597 from Mayurbhanj, Odisha has a risk score of 55/100 (HIGH). This claim shows significant risk indicators and should be reviewed by the concerned authority. Key factors: Long processing delay | High claim overlap | Multiple previous rejections | ML anomaly detected. Recommended action: Review claim documents and processing history. Final decision must be made by the authorized official."
FRA0598,Odisha,Keonjhar,25,LOW,Normal,"Claim FRA0598 from Keonjhar, Odisha has a risk score of 25/100 (LOW). No major risk indicators were detected for this claim. Key factors: High claim overlap. Recommended action: No immediate action required. Final decision must be made by the authorized official."
FRA0599,Odisha,Koraput,0,LOW,Normal,"Claim FRA0599 from Koraput, Odisha has a risk score of 0/100 (LOW). No major risk indicators were detected for this claim. Key factors: . Recommended action: No immediate action required. Final decision must be made by the authorized official."
FRA0600,Maharashtra,Nandurbar,20,LOW,Normal,"Claim FRA0600 from Nandurbar, Maharashtra has a risk score of 20/100 (LOW). No major risk indicators were detected for this claim. Key factors: Moderate claim overlap | Multiple previous rejections. Recommended action: No immediate action required. Final decision must be made by the authorized official."
FRA0601,Chhattisgarh,Kanker,5,LOW,Normal,"Claim FRA0601 from Kanker, Chhattisgarh has a risk score of 5/100 (LOW). No major risk indicators were detected for this claim. Key factors: Multiple previous rejections. Recommended action: No immediate action required. Final decision must be made by the authorized official."
FRA0602,Maharashtra,Gadchiroli,5,LOW,Normal,"Claim FRA0602 from Gadchiroli, Maharashtra has a risk score of 5/100 (LOW). No major risk indicators were detected for this claim. Key factors: Multiple previous rejections. Recommended action: No immediate action required. Final decision must be made by the authorized official."
FRA0603,Jharkhand,Ranchi,15,LOW,Normal,"Claim FRA0603 from Ranchi, Jharkhand has a risk score of 15/100 (LOW). No major risk indicators were detected for this claim. Key factors: Moderate claim overlap. Recommended action: No immediate action required. Final decision must be made by the authorized official."
FRA0604,Chhattisgarh,Bastar,20,LOW,Normal,"Claim FRA0604 from Bastar, Chhattisgarh has a risk score of 20/100 (LOW). No major risk indicators were detected for this claim. Key factors: Moderate claim overlap | Multiple previous rejections. Recommended action: No immediate action required. Final decision must be made by the authorized official."
FRA0605,Madhya Pradesh,Dindori,25,LOW,Normal,"Claim FRA0605 from Dindori, Madhya Pradesh has a risk score of 25/100 (LOW). No major risk indicators were detected for this claim. Key factors: High claim overlap. Recommended action: No immediate action required. Final decision must be made by the authorized official."
FRA0606,Chhattisgarh,Kanker,45,MEDIUM,Moderate,"Claim FRA0606 from Kanker, Chhattisgarh has a risk score of 45/100 (MEDIUM). This claim has some risk indicators and may require additional verification. Key factors: Long processing delay | High claim overlap | Multiple previous rejections. Recommended action: Perform additional document verification. Final decision must be made by the authorized official."
FRA0607,Maharashtra,Nandurbar,30,LOW,Normal,"Claim FRA0607 from Nandurbar, Maharashtra has a risk score of 30/100 (LOW). No major risk indicators were detected for this claim. Key factors: High claim overlap | Multiple previous rejections. Recommended action: No immediate action required. Final decision must be made by the authorized official."
FRA0608,Jharkhand,Simdega,5,LOW,Normal,"Claim FRA0608 from Simdega, Jharkhand has a risk score of 5/100 (LOW). No major risk indicators were detected for this claim. Key factors: Multiple previous rejections. Recommended action: No immediate action required. Final decision must be made by the authorized official."
FRA0609,Maharashtra,Nashik,5,LOW,Normal,"Claim FRA0609 from Nashik, Maharashtra has a risk score of 5/100 (LOW). No major risk indicators were detected for this claim. Key factors: Multiple previous rejections. Recommended action: No immediate action required. Final decision must be made by the authorized official."
FRA0610,Jharkhand,Ranchi,5,LOW,Normal,"Claim FRA0610 from Ranchi, Jharkhand has a risk score of 5/100 (LOW). No major risk indicators were detected for this claim. Key factors: Multiple previous rejections. Recommended action: No immediate action required. Final decision must be made by the authorized official."
FRA0611,Chhattisgarh,Kanker,20,LOW,Normal,"Claim FRA0611 from Kanker, Chhattisgarh has a risk score of 20/100 (LOW). No major risk indicators were detected for this claim. Key factors: Moderate claim overlap | Multiple previous rejections. Recommended action: No immediate action required. Final decision must be made by the authorized official."
FRA0612,Jharkhand,Gumla,15,LOW,Normal,"Claim FRA0612 from Gumla, Jharkhand has a risk score of 15/100 (LOW). No major risk indicators were detected for this claim. Key factors: Long processing delay. Recommended action: No immediate action required. Final decision must be made by the authorized official."
FRA0613,Odisha,Koraput,0,LOW,Normal,"Claim FRA0613 from Koraput, Odisha has a risk score of 0/100 (LOW). No major risk indicators were detected for this claim. Key factors: . Recommended action: No immediate action required. Final decision must be made by the authorized official."
FRA0614,Odisha,Mayurbhanj,30,LOW,Normal,"Claim FRA0614 from Mayurbhanj, Odisha has a risk score of 30/100 (LOW). No major risk indicators were detected for this claim. Key factors: Long processing delay | Moderate claim overlap. Recommended action: No immediate action required. Final decision must be made by the authorized official."
FRA0615,Odisha,Mayurbhanj,15,LOW,Normal,"Claim FRA0615 from Mayurbhanj, Odisha has a risk score of 15/100 (LOW). No major risk indicators were detected for this claim. Key factors: Moderate claim overlap. Recommended action: No immediate action required. Final decision must be made by the authorized official."
FRA0616,Maharashtra,Nashik,20,LOW,Normal,"Claim FRA0616 from Nashik, Maharashtra has a risk score of 20/100 (LOW). No major risk indicators were detected for this claim. Key factors: Moderate claim overlap | Multiple previous rejections. Recommended action: No immediate action required. Final decision must be made by the authorized official."
FRA0617,Jharkhand,Ranchi,5,LOW,Normal,"Claim FRA0617 from Ranchi, Jharkhand has a risk score of 5/100 (LOW). No major risk indicators were detected for this claim. Key factors: Multiple previous rejections. Recommended action: No immediate action required. Final decision must be made by the authorized official."
FRA0618,Jharkhand,Ranchi,25,LOW,Normal,"Claim FRA0618 from Ranchi, Jharkhand has a risk score of 25/100 (LOW). No major risk indicators were detected for this claim. Key factors: High claim overlap. Recommended action: No immediate action required. Final decision must be made by the authorized official."
FRA0619,Maharashtra,Gadchiroli,0,LOW,Normal,"Claim FRA0619 from Gadchiroli, Maharashtra has a risk score of 0/100 (LOW). No major risk indicators were detected for this claim. Key factors: . Recommended action: No immediate action required. Final decision must be made by the authorized official."
FRA0620,Chhattisgarh,Bastar,15,LOW,Normal,"Claim FRA0620 from Bastar, Chhattisgarh has a risk score of 15/100 (LOW). No major risk indicators were detected for this claim. Key factors: Moderate claim overlap. Recommended action: No immediate action required. Final decision must be made by the authorized official."
FRA0621,Madhya Pradesh,Mandla,25,LOW,Normal,"Claim FRA0621 from Mandla, Madhya Pradesh has a risk score of 25/100 (LOW). No major risk indicators were detected for this claim. Key factors: High claim overlap. Recommended action: No immediate action required. Final decision must be made by the authorized official."
FRA0622,Chhattisgarh,Surguja,5,LOW,Normal,"Claim FRA0622 from Surguja, Chhattisgarh has a risk score of 5/100 (LOW). No major risk indicators were detected for this claim. Key factors: Multiple previous rejections. Recommended action: No immediate action required. Final decision must be made by the authorized official."
FRA0623,Madhya Pradesh,Dindori,5,LOW,Normal,"Claim FRA0623 from Dindori, Madhya Pradesh has a risk score of 5/100 (LOW). No major risk indicators were detected for this claim. Key factors: Multiple previous rejections. Recommended action: No immediate action required. Final decision must be made by the authorized official."
FRA0624,Madhya Pradesh,Dindori,25,LOW,Normal,"Claim FRA0624 from Dindori, Madhya Pradesh has a risk score of 25/100 (LOW). No major risk indicators were detected for this claim. Key factors: High claim overlap. Recommended action: No immediate action required. Final decision must be made by the authorized official."
FRA0625,Chhattisgarh,Bastar,15,LOW,Normal,"Claim FRA0625 from Bastar, Chhattisgarh has a risk score of 15/100 (LOW). No major risk indicators were detected for this claim. Key factors: Moderate claim overlap. Recommended action: No immediate action required. Final decision must be made by the authorized official."
FRA0626,Jharkhand,Simdega,30,LOW,Normal,"Claim FRA0626 from Simdega, Jharkhand has a risk score of 30/100 (LOW). No major risk indicators were detected for this claim. Key factors: Long processing delay | Moderate claim overlap. Recommended action: No immediate action required. Final decision must be made by the authorized official."
FRA0627,Maharashtra,Nashik,0,LOW,Normal,"Claim FRA0627 from Nashik, Maharashtra has a risk score of 0/100 (LOW). No major risk indicators were detected for this claim. Key factors: . Recommended action: No immediate action required. Final decision must be made by the authorized official."
FRA0628,Chhattisgarh,Surguja,35,MEDIUM,Moderate,"Claim FRA0628 from Surguja, Chhattisgarh has a risk score of 35/100 (MEDIUM). This claim has some risk indicators and may require additional verification. Key factors: High claim overlap | ML anomaly detected. Recommended action: Perform additional document verification. Final decision must be made by the authorized official."
FRA0629,Jharkhand,Simdega,15,LOW,Normal,"Claim FRA0629 from Simdega, Jharkhand has a risk score of 15/100 (LOW). No major risk indicators were detected for this claim. Key factors: Multiple previous rejections | ML anomaly detected. Recommended action: No immediate action required. Final decision must be made by the authorized official."
FRA0630,Maharashtra,Nashik,0,LOW,Normal,"Claim FRA0630 from Nashik, Maharashtra has a risk score of 0/100 (LOW). No major risk indicators were detected for this claim. Key factors: . Recommended action: No immediate action required. Final decision must be made by the authorized official."
FRA0631,Madhya Pradesh,Mandla,15,LOW,Normal,"Claim FRA0631 from Mandla, Madhya Pradesh has a risk score of 15/100 (LOW). No major risk indicators were detected for this claim. Key factors: Long processing delay. Recommended action: No immediate action required. Final decision must be made by the authorized official."
FRA0632,Madhya Pradesh,Dindori,20,LOW,Normal,"Claim FRA0632 from Dindori, Madhya Pradesh has a risk score of 20/100 (LOW). No major risk indicators were detected for this claim. Key factors: Long processing delay | Multiple previous rejections. Recommended action: No immediate action required. Final decision must be made by the authorized official."
FRA0633,Jharkhand,Ranchi,30,LOW,Normal,"Claim FRA0633 from Ranchi, Jharkhand has a risk score of 30/100 (LOW). No major risk indicators were detected for this claim. Key factors: Long processing delay | Moderate claim overlap. Recommended action: No immediate action required. Final decision must be made by the authorized official."
FRA0634,Chhattisgarh,Surguja,40,MEDIUM,Moderate,"Claim FRA0634 from Surguja, Chhattisgarh has a risk score of 40/100 (MEDIUM). This claim has some risk indicators and may require additional verification. Key factors: High claim overlap | Multiple previous rejections | ML anomaly detected. Recommended action: Perform additional document verification. Final decision must be made by the authorized official."
FRA0635,Jharkhand,Ranchi,25,LOW,Normal,"Claim FRA0635 from Ranchi, Jharkhand has a risk score of 25/100 (LOW). No major risk indicators were detected for this claim. Key factors: High claim overlap. Recommended action: No immediate action required. Final decision must be made by the authorized official."
FRA0636,Chhattisgarh,Kanker,5,LOW,Normal,"Claim FRA0636 from Kanker, Chhattisgarh has a risk score of 5/100 (LOW). No major risk indicators were detected for this claim. Key factors: Multiple previous rejections. Recommended action: No immediate action required. Final decision must be made by the authorized official."
FRA0637,Madhya Pradesh,Mandla,0,LOW,Normal,"Claim FRA0637 from Mandla, Madhya Pradesh has a risk score of 0/100 (LOW). No major risk indicators were detected for this claim. Key factors: . Recommended action: No immediate action required. Final decision must be made by the authorized official."
FRA0638,Odisha,Koraput,25,LOW,Normal,"Claim FRA0638 from Koraput, Odisha has a risk score of 25/100 (LOW). No major risk indicators were detected for this claim. Key factors: High claim overlap. Recommended action: No immediate action required. Final decision must be made by the authorized official."
FRA0639,Chhattisgarh,Kanker,5,LOW,Normal,"Claim FRA0639 from Kanker, Chhattisgarh has a risk score of 5/100 (LOW). No major risk indicators were detected for this claim. Key factors: Multiple previous rejections. Recommended action: No immediate action required. Final decision must be made by the authorized official."
FRA0640,Odisha,Keonjhar,20,LOW,Normal,"Claim FRA0640 from Keonjhar, Odisha has a risk score of 20/100 (LOW). No major risk indicators were detected for this claim. Key factors: Long processing delay | Multiple previous rejections. Recommended action: No immediate action required. Final decision must be made by the authorized official."
FRA0641,Odisha,Koraput,20,LOW,Normal,"Claim FRA0641 from Koraput, Odisha has a risk score of 20/100 (LOW). No major risk indicators were detected for this claim. Key factors: Long processing delay | Multiple previous rejections. Recommended action: No immediate action required. Final decision must be made by the authorized official."
FRA0642,Madhya Pradesh,Balaghat,15,LOW,Normal,"Claim FRA0642 from Balaghat, Madhya Pradesh has a risk score of 15/100 (LOW). No major risk indicators were detected for this claim. Key factors: Moderate claim overlap. Recommended action: No immediate action required. Final decision must be made by the authorized official."
FRA0643,Jharkhand,Ranchi,35,MEDIUM,Moderate,"Claim FRA0643 from Ranchi, Jharkhand has a risk score of 35/100 (MEDIUM). This claim has some risk indicators and may require additional verification. Key factors: Long processing delay | Moderate claim overlap | Multiple previous rejections. Recommended action: Perform additional document verification. Final decision must be made by the authorized official."
FRA0644,Jharkhand,Ranchi,15,LOW,Normal,"Claim FRA0644 from Ranchi, Jharkhand has a risk score of 15/100 (LOW). No major risk indicators were detected for this claim. Key factors: Moderate claim overlap. Recommended action: No immediate action required. Final decision must be made by the authorized official."
FRA0645,Maharashtra,Nandurbar,15,LOW,Normal,"Claim FRA0645 from Nandurbar, Maharashtra has a risk score of 15/100 (LOW). No major risk indicators were detected for this claim. Key factors: Moderate claim overlap. Recommended action: No immediate action required. Final decision must be made by the authorized official."
FRA0646,Maharashtra,Nashik,5,LOW,Normal,"Claim FRA0646 from Nashik, Maharashtra has a risk score of 5/100 (LOW). No major risk indicators were detected for this claim. Key factors: Multiple previous rejections. Recommended action: No immediate action required. Final decision must be made by the authorized official."
FRA0647,Jharkhand,Simdega,30,LOW,Normal,"Claim FRA0647 from Simdega, Jharkhand has a risk score of 30/100 (LOW). No major risk indicators were detected for this claim. Key factors: High claim overlap | Multiple previous rejections. Recommended action: No immediate action required. Final decision must be made by the authorized official."
FRA0648,Madhya Pradesh,Balaghat,35,MEDIUM,Moderate,"Claim FRA0648 from Balaghat, Madhya Pradesh has a risk score of 35/100 (MEDIUM). This claim has some risk indicators and may require additional verification. Key factors: Long processing delay | Moderate claim overlap | Multiple previous rejections. Recommended action: Perform additional document verification. Final decision must be made by the authorized official."
FRA0649,Madhya Pradesh,Dindori,15,LOW,Normal,"Claim FRA0649 from Dindori, Madhya Pradesh has a risk score of 15/100 (LOW). No major risk indicators were detected for this claim. Key factors: Long processing delay. Recommended action: No immediate action required. Final decision must be made by the authorized official."
FRA0650,Jharkhand,Gumla,15,LOW,Normal,"Claim FRA0650 from Gumla, Jharkhand has a risk score of 15/100 (LOW). No major risk indicators were detected for this claim. Key factors: Long processing delay. Recommended action: No immediate action required. Final decision must be made by the authorized official."
FRA0651,Madhya Pradesh,Mandla,5,LOW,Normal,"Claim FRA0651 from Mandla, Madhya Pradesh has a risk score of 5/100 (LOW). No major risk indicators were detected for this claim. Key factors: Multiple previous rejections. Recommended action: No immediate action required. Final decision must be made by the authorized official."
FRA0652,Madhya Pradesh,Mandla,35,MEDIUM,Moderate,"Claim FRA0652 from Mandla, Madhya Pradesh has a risk score of 35/100 (MEDIUM). This claim has some risk indicators and may require additional verification. Key factors: Long processing delay | Moderate claim overlap | Multiple previous rejections. Recommended action: Perform additional document verification. Final decision must be made by the authorized official."
FRA0653,Odisha,Mayurbhanj,25,LOW,Normal,"Claim FRA0653 from Mayurbhanj, Odisha has a risk score of 25/100 (LOW). No major risk indicators were detected for this claim. Key factors: High claim overlap. Recommended action: No immediate action required. Final decision must be made by the authorized official."
FRA0654,Maharashtra,Nashik,35,MEDIUM,Moderate,"Claim FRA0654 from Nashik, Maharashtra has a risk score of 35/100 (MEDIUM). This claim has some risk indicators and may require additional verification. Key factors: Long processing delay | Moderate claim overlap | Multiple previous rejections. Recommended action: Perform additional document verification. Final decision must be made by the authorized official."
FRA0655,Chhattisgarh,Bastar,40,MEDIUM,Moderate,"Claim FRA0655 from Bastar, Chhattisgarh has a risk score of 40/100 (MEDIUM). This claim has some risk indicators and may require additional verification. Key factors: High claim overlap | Multiple previous rejections | ML anomaly detected. Recommended action: Perform additional document verification. Final decision must be made by the authorized official."
FRA0656,Maharashtra,Nashik,35,MEDIUM,Moderate,"Claim FRA0656 from Nashik, Maharashtra has a risk score of 35/100 (MEDIUM). This claim has some risk indicators and may require additional verification. Key factors: Long processing delay | Moderate claim overlap | Multiple previous rejections. Recommended action: Perform additional document verification. Final decision must be made by the authorized official."
FRA0657,Maharashtra,Nandurbar,15,LOW,Normal,"Claim FRA0657 from Nandurbar, Maharashtra has a risk score of 15/100 (LOW). No major risk indicators were detected for this claim. Key factors: Moderate claim overlap. Recommended action: No immediate action required. Final decision must be made by the authorized official."
FRA0658,Madhya Pradesh,Mandla,15,LOW,Normal,"Claim FRA0658 from Mandla, Madhya Pradesh has a risk score of 15/100 (LOW). No major risk indicators were detected for this claim. Key factors: Multiple previous rejections | ML anomaly detected. Recommended action: No immediate action required. Final decision must be made by the authorized official."
FRA0659,Chhattisgarh,Kanker,0,LOW,Normal,"Claim FRA0659 from Kanker, Chhattisgarh has a risk score of 0/100 (LOW). No major risk indicators were detected for this claim. Key factors: . Recommended action: No immediate action required. Final decision must be made by the authorized official."
FRA0660,Jharkhand,Simdega,0,LOW,Normal,"Claim FRA0660 from Simdega, Jharkhand has a risk score of 0/100 (LOW). No major risk indicators were detected for this claim. Key factors: . Recommended action: No immediate action required. Final decision must be made by the authorized official."
FRA0661,Maharashtra,Nandurbar,15,LOW,Normal,"Claim FRA0661 from Nandurbar, Maharashtra has a risk score of 15/100 (LOW). No major risk indicators were detected for this claim. Key factors: Moderate claim overlap. Recommended action: No immediate action required. Final decision must be made by the authorized official."
FRA0662,Chhattisgarh,Surguja,40,MEDIUM,Moderate,"Claim FRA0662 from Surguja, Chhattisgarh has a risk score of 40/100 (MEDIUM). This claim has some risk indicators and may require additional verification. Key factors: Long processing delay | High claim overlap. Recommended action: Perform additional document verification. Final decision must be made by the authorized official."
FRA0663,Jharkhand,Ranchi,40,MEDIUM,Moderate,"Claim FRA0663 from Ranchi, Jharkhand has a risk score of 40/100 (MEDIUM). This claim has some risk indicators and may require additional verification. Key factors: Long processing delay | High claim overlap. Recommended action: Perform additional document verification. Final decision must be made by the authorized official."
FRA0664,Madhya Pradesh,Balaghat,5,LOW,Normal,"Claim FRA0664 from Balaghat, Madhya Pradesh has a risk score of 5/100 (LOW). No major risk indicators were detected for this claim. Key factors: Multiple previous rejections. Recommended action: No immediate action required. Final decision must be made by the authorized official."
FRA0665,Chhattisgarh,Bastar,0,LOW,Normal,"Claim FRA0665 from Bastar, Chhattisgarh has a risk score of 0/100 (LOW). No major risk indicators were detected for this claim. Key factors: . Recommended action: No immediate action required. Final decision must be made by the authorized official."
FRA0666,Madhya Pradesh,Mandla,35,MEDIUM,Moderate,"Claim FRA0666 from Mandla, Madhya Pradesh has a risk score of 35/100 (MEDIUM). This claim has some risk indicators and may require additional verification. Key factors: Long processing delay | Moderate claim overlap | Multiple previous rejections. Recommended action: Perform additional document verification. Final decision must be made by the authorized official."
FRA0667,Jharkhand,Simdega,0,LOW,Normal,"Claim FRA0667 from Simdega, Jharkhand has a risk score of 0/100 (LOW). No major risk indicators were detected for this claim. Key factors: . Recommended action: No immediate action required. Final decision must be made by the authorized official."
FRA0668,Chhattisgarh,Kanker,20,LOW,Normal,"Claim FRA0668 from Kanker, Chhattisgarh has a risk score of 20/100 (LOW). No major risk indicators were detected for this claim. Key factors: Moderate claim overlap | Multiple previous rejections. Recommended action: No immediate action required. Final decision must be made by the authorized official."
FRA0669,Madhya Pradesh,Dindori,40,MEDIUM,Moderate,"Claim FRA0669 from Dindori, Madhya Pradesh has a risk score of 40/100 (MEDIUM). This claim has some risk indicators and may require additional verification. Key factors: Long processing delay | High claim overlap. Recommended action: Perform additional document verification. Final decision must be made by the authorized official."
FRA0670,Chhattisgarh,Bastar,15,LOW,Normal,"Claim FRA0670 from Bastar, Chhattisgarh has a risk score of 15/100 (LOW). No major risk indicators were detected for this claim. Key factors: Long processing delay. Recommended action: No immediate action required. Final decision must be made by the authorized official."
FRA0671,Madhya Pradesh,Mandla,20,LOW,Normal,"Claim FRA0671 from Mandla, Madhya Pradesh has a risk score of 20/100 (LOW). No major risk indicators were detected for this claim. Key factors: Long processing delay | Multiple previous rejections. Recommended action: No immediate action required. Final decision must be made by the authorized official."
FRA0672,Chhattisgarh,Kanker,20,LOW,Normal,"Claim FRA0672 from Kanker, Chhattisgarh has a risk score of 20/100 (LOW). No major risk indicators were detected for this claim. Key factors: Long processing delay | Multiple previous rejections. Recommended action: No immediate action required. Final decision must be made by the authorized official."
FRA0673,Odisha,Koraput,30,LOW,Normal,"Claim FRA0673 from Koraput, Odisha has a risk score of 30/100 (LOW). No major risk indicators were detected for this claim. Key factors: High claim overlap | Multiple previous rejections. Recommended action: No immediate action required. Final decision must be made by the authorized official."
FRA0674,Jharkhand,Ranchi,5,LOW,Normal,"Claim FRA0674 from Ranchi, Jharkhand has a risk score of 5/100 (LOW). No major risk indicators were detected for this claim. Key factors: Multiple previous rejections. Recommended action: No immediate action required. Final decision must be made by the authorized official."
FRA0675,Odisha,Koraput,5,LOW,Normal,"Claim FRA0675 from Koraput, Odisha has a risk score of 5/100 (LOW). No major risk indicators were detected for this claim. Key factors: Multiple previous rejections. Recommended action: No immediate action required. Final decision must be made by the authorized official."
FRA0676,Odisha,Keonjhar,15,LOW,Normal,"Claim FRA0676 from Keonjhar, Odisha has a risk score of 15/100 (LOW). No major risk indicators were detected for this claim. Key factors: Moderate claim overlap. Recommended action: No immediate action required. Final decision must be made by the authorized official."
FRA0677,Madhya Pradesh,Balaghat,40,MEDIUM,Moderate,"Claim FRA0677 from Balaghat, Madhya Pradesh has a risk score of 40/100 (MEDIUM). This claim has some risk indicators and may require additional verification. Key factors: Long processing delay | High claim overlap. Recommended action: Perform additional document verification. Final decision must be made by the authorized official."
FRA0678,Chhattisgarh,Kanker,20,LOW,Normal,"Claim FRA0678 from Kanker, Chhattisgarh has a risk score of 20/100 (LOW). No major risk indicators were detected for this claim. Key factors: Moderate claim overlap | Multiple previous rejections. Recommended action: No immediate action required. Final decision must be made by the authorized official."
FRA0679,Madhya Pradesh,Dindori,15,LOW,Normal,"Claim FRA0679 from Dindori, Madhya Pradesh has a risk score of 15/100 (LOW). No major risk indicators were detected for this claim. Key factors: Moderate claim overlap. Recommended action: No immediate action required. Final decision must be made by the authorized official."
FRA0680,Jharkhand,Simdega,35,MEDIUM,Moderate,"Claim FRA0680 from Simdega, Jharkhand has a risk score of 35/100 (MEDIUM). This claim has some risk indicators and may require additional verification. Key factors: Long processing delay | Moderate claim overlap | Multiple previous rejections. Recommended action: Perform additional document verification. Final decision must be made by the authorized official."
FRA0681,Jharkhand,Simdega,0,LOW,Normal,"Claim FRA0681 from Simdega, Jharkhand has a risk score of 0/100 (LOW). No major risk indicators were detected for this claim. Key factors: . Recommended action: No immediate action required. Final decision must be made by the authorized official."
FRA0682,Chhattisgarh,Surguja,5,LOW,Normal,"Claim FRA0682 from Surguja, Chhattisgarh has a risk score of 5/100 (LOW). No major risk indicators were detected for this claim. Key factors: Multiple previous rejections. Recommended action: No immediate action required. Final decision must be made by the authorized official."
FRA0683,Odisha,Mayurbhanj,30,LOW,Normal,"Claim FRA0683 from Mayurbhanj, Odisha has a risk score of 30/100 (LOW). No major risk indicators were detected for this claim. Key factors: Long processing delay | Moderate claim overlap. Recommended action: No immediate action required. Final decision must be made by the authorized official."
FRA0684,Jharkhand,Gumla,25,LOW,Normal,"Claim FRA0684 from Gumla, Jharkhand has a risk score of 25/100 (LOW). No major risk indicators were detected for this claim. Key factors: High claim overlap. Recommended action: No immediate action required. Final decision must be made by the authorized official."
FRA0685,Maharashtra,Nashik,0,LOW,Normal,"Claim FRA0685 from Nashik, Maharashtra has a risk score of 0/100 (LOW). No major risk indicators were detected for this claim. Key factors: . Recommended action: No immediate action required. Final decision must be made by the authorized official."
FRA0686,Odisha,Mayurbhanj,20,LOW,Normal,"Claim FRA0686 from Mayurbhanj, Odisha has a risk score of 20/100 (LOW). No major risk indicators were detected for this claim. Key factors: Long processing delay | Multiple previous rejections. Recommended action: No immediate action required. Final decision must be made by the authorized official."
FRA0687,Chhattisgarh,Bastar,40,MEDIUM,Moderate,"Claim FRA0687 from Bastar, Chhattisgarh has a risk score of 40/100 (MEDIUM). This claim has some risk indicators and may require additional verification. Key factors: Long processing delay | High claim overlap. Recommended action: Perform additional document verification. Final decision must be made by the authorized official."
FRA0688,Chhattisgarh,Surguja,0,LOW,Normal,"Claim FRA0688 from Surguja, Chhattisgarh has a risk score of 0/100 (LOW). No major risk indicators were detected for this claim. Key factors: . Recommended action: No immediate action required. Final decision must be made by the authorized official."
FRA0689,Madhya Pradesh,Mandla,5,LOW,Normal,"Claim FRA0689 from Mandla, Madhya Pradesh has a risk score of 5/100 (LOW). No major risk indicators were detected for this claim. Key factors: Multiple previous rejections. Recommended action: No immediate action required. Final decision must be made by the authorized official."
FRA0690,Odisha,Keonjhar,20,LOW,Normal,"Claim FRA0690 from Keonjhar, Odisha has a risk score of 20/100 (LOW). No major risk indicators were detected for this claim. Key factors: Moderate claim overlap | Multiple previous rejections. Recommended action: No immediate action required. Final decision must be made by the authorized official."
FRA0691,Maharashtra,Nashik,25,LOW,Normal,"Claim FRA0691 from Nashik, Maharashtra has a risk score of 25/100 (LOW). No major risk indicators were detected for this claim. Key factors: High claim overlap. Recommended action: No immediate action required. Final decision must be made by the authorized official."
FRA0692,Maharashtra,Nandurbar,30,LOW,Normal,"Claim FRA0692 from Nandurbar, Maharashtra has a risk score of 30/100 (LOW). No major risk indicators were detected for this claim. Key factors: High claim overlap | Multiple previous rejections. Recommended action: No immediate action required. Final decision must be made by the authorized official."
FRA0693,Maharashtra,Gadchiroli,0,LOW,Normal,"Claim FRA0693 from Gadchiroli, Maharashtra has a risk score of 0/100 (LOW). No major risk indicators were detected for this claim. Key factors: . Recommended action: No immediate action required. Final decision must be made by the authorized official."
FRA0694,Odisha,Koraput,0,LOW,Normal,"Claim FRA0694 from Koraput, Odisha has a risk score of 0/100 (LOW). No major risk indicators were detected for this claim. Key factors: . Recommended action: No immediate action required. Final decision must be made by the authorized official."
FRA0695,Odisha,Keonjhar,15,LOW,Normal,"Claim FRA0695 from Keonjhar, Odisha has a risk score of 15/100 (LOW). No major risk indicators were detected for this claim. Key factors: Moderate claim overlap. Recommended action: No immediate action required. Final decision must be made by the authorized official."
FRA0696,Odisha,Keonjhar,15,LOW,Normal,"Claim FRA0696 from Keonjhar, Odisha has a risk score of 15/100 (LOW). No major risk indicators were detected for this claim. Key factors: Moderate claim overlap. Recommended action: No immediate action required. Final decision must be made by the authorized official."
FRA0697,Jharkhand,Gumla,20,LOW,Normal,"Claim FRA0697 from Gumla, Jharkhand has a risk score of 20/100 (LOW). No major risk indicators were detected for this claim. Key factors: Moderate claim overlap | Multiple previous rejections. Recommended action: No immediate action required. Final decision must be made by the authorized official."
FRA0698,Chhattisgarh,Bastar,25,LOW,Normal,"Claim FRA0698 from Bastar, Chhattisgarh has a risk score of 25/100 (LOW). No major risk indicators were detected for this claim. Key factors: High claim overlap. Recommended action: No immediate action required. Final decision must be made by the authorized official."
FRA0699,Odisha,Mayurbhanj,20,LOW,Normal,"Claim FRA0699 from Mayurbhanj, Odisha has a risk score of 20/100 (LOW). No major risk indicators were detected for this claim. Key factors: Long processing delay | Multiple previous rejections. Recommended action: No immediate action required. Final decision must be made by the authorized official."
FRA0700,Chhattisgarh,Bastar,30,LOW,Normal,"Claim FRA0700 from Bastar, Chhattisgarh has a risk score of 30/100 (LOW). No major risk indicators were detected for this claim. Key factors: High claim overlap | Multiple previous rejections. Recommended action: No immediate action required. Final decision must be made by the authorized official."
FRA0701,Maharashtra,Nashik,0,LOW,Normal,"Claim FRA0701 from Nashik, Maharashtra has a risk score of 0/100 (LOW). No major risk indicators were detected for this claim. Key factors: . Recommended action: No immediate action required. Final decision must be made by the authorized official."
FRA0702,Odisha,Mayurbhanj,0,LOW,Normal,"Claim FRA0702 from Mayurbhanj, Odisha has a risk score of 0/100 (LOW). No major risk indicators were detected for this claim. Key factors: . Recommended action: No immediate action required. Final decision must be made by the authorized official."
FRA0703,Odisha,Mayurbhanj,30,LOW,Normal,"Claim FRA0703 from Mayurbhanj, Odisha has a risk score of 30/100 (LOW). No major risk indicators were detected for this claim. Key factors: High claim overlap | Multiple previous rejections. Recommended action: No immediate action required. Final decision must be made by the authorized official."
FRA0704,Chhattisgarh,Surguja,0,LOW,Normal,"Claim FRA0704 from Surguja, Chhattisgarh has a risk score of 0/100 (LOW). No major risk indicators were detected for this claim. Key factors: . Recommended action: No immediate action required. Final decision must be made by the authorized official."
FRA0705,Maharashtra,Nashik,0,LOW,Normal,"Claim FRA0705 from Nashik, Maharashtra has a risk score of 0/100 (LOW). No major risk indicators were detected for this claim. Key factors: . Recommended action: No immediate action required. Final decision must be made by the authorized official."
FRA0706,Odisha,Mayurbhanj,40,MEDIUM,Moderate,"Claim FRA0706 from Mayurbhanj, Odisha has a risk score of 40/100 (MEDIUM). This claim has some risk indicators and may require additional verification. Key factors: Long processing delay | High claim overlap. Recommended action: Perform additional document verification. Final decision must be made by the authorized official."
FRA0707,Chhattisgarh,Kanker,30,LOW,Normal,"Claim FRA0707 from Kanker, Chhattisgarh has a risk score of 30/100 (LOW). No major risk indicators were detected for this claim. Key factors: High claim overlap | Multiple previous rejections. Recommended action: No immediate action required. Final decision must be made by the authorized official."
FRA0708,Odisha,Keonjhar,20,LOW,Normal,"Claim FRA0708 from Keonjhar, Odisha has a risk score of 20/100 (LOW). No major risk indicators were detected for this claim. Key factors: Moderate claim overlap | Multiple previous rejections. Recommended action: No immediate action required. Final decision must be made by the authorized official."
FRA0709,Odisha,Mayurbhanj,30,LOW,Normal,"Claim FRA0709 from Mayurbhanj, Odisha has a risk score of 30/100 (LOW). No major risk indicators were detected for this claim. Key factors: Long processing delay | Moderate claim overlap. Recommended action: No immediate action required. Final decision must be made by the authorized official."
FRA0710,Madhya Pradesh,Dindori,15,LOW,Normal,"Claim FRA0710 from Dindori, Madhya Pradesh has a risk score of 15/100 (LOW). No major risk indicators were detected for this claim. Key factors: Long processing delay. Recommended action: No immediate action required. Final decision must be made by the authorized official."
FRA0711,Madhya Pradesh,Balaghat,45,MEDIUM,Moderate,"Claim FRA0711 from Balaghat, Madhya Pradesh has a risk score of 45/100 (MEDIUM). This claim has some risk indicators and may require additional verification. Key factors: Long processing delay | High claim overlap | Multiple previous rejections. Recommended action: Perform additional document verification. Final decision must be made by the authorized official."
FRA0712,Jharkhand,Gumla,30,LOW,Normal,"Claim FRA0712 from Gumla, Jharkhand has a risk score of 30/100 (LOW). No major risk indicators were detected for this claim. Key factors: Long processing delay | Moderate claim overlap. Recommended action: No immediate action required. Final decision must be made by the authorized official."
FRA0713,Chhattisgarh,Surguja,35,MEDIUM,Moderate,"Claim FRA0713 from Surguja, Chhattisgarh has a risk score of 35/100 (MEDIUM). This claim has some risk indicators and may require additional verification. Key factors: Long processing delay | Moderate claim overlap | Multiple previous rejections. Recommended action: Perform additional document verification. Final decision must be made by the authorized official."
FRA0714,Chhattisgarh,Surguja,35,MEDIUM,Moderate,"Claim FRA0714 from Surguja, Chhattisgarh has a risk score of 35/100 (MEDIUM). This claim has some risk indicators and may require additional verification. Key factors: Long processing delay | Moderate claim overlap | Multiple previous rejections. Recommended action: Perform additional document verification. Final decision must be made by the authorized official."
FRA0715,Chhattisgarh,Bastar,15,LOW,Normal,"Claim FRA0715 from Bastar, Chhattisgarh has a risk score of 15/100 (LOW). No major risk indicators were detected for this claim. Key factors: Long processing delay. Recommended action: No immediate action required. Final decision must be made by the authorized official."
FRA0716,Jharkhand,Simdega,15,LOW,Normal,"Claim FRA0716 from Simdega, Jharkhand has a risk score of 15/100 (LOW). No major risk indicators were detected for this claim. Key factors: Moderate claim overlap. Recommended action: No immediate action required. Final decision must be made by the authorized official."
FRA0717,Maharashtra,Nashik,15,LOW,Normal,"Claim FRA0717 from Nashik, Maharashtra has a risk score of 15/100 (LOW). No major risk indicators were detected for this claim. Key factors: Long processing delay. Recommended action: No immediate action required. Final decision must be made by the authorized official."
FRA0718,Jharkhand,Simdega,20,LOW,Normal,"Claim FRA0718 from Simdega, Jharkhand has a risk score of 20/100 (LOW). No major risk indicators were detected for this claim. Key factors: Long processing delay | Multiple previous rejections. Recommended action: No immediate action required. Final decision must be made by the authorized official."
FRA0719,Jharkhand,Gumla,0,LOW,Normal,"Claim FRA0719 from Gumla, Jharkhand has a risk score of 0/100 (LOW). No major risk indicators were detected for this claim. Key factors: . Recommended action: No immediate action required. Final decision must be made by the authorized official."
FRA0720,Maharashtra,Nandurbar,20,LOW,Normal,"Claim FRA0720 from Nandurbar, Maharashtra has a risk score of 20/100 (LOW). No major risk indicators were detected for this claim. Key factors: Long processing delay | Multiple previous rejections. Recommended action: No immediate action required. Final decision must be made by the authorized official."
FRA0721,Chhattisgarh,Kanker,30,LOW,Normal,"Claim FRA0721 from Kanker, Chhattisgarh has a risk score of 30/100 (LOW). No major risk indicators were detected for this claim. Key factors: Long processing delay | Moderate claim overlap. Recommended action: No immediate action required. Final decision must be made by the authorized official."
FRA0722,Maharashtra,Gadchiroli,0,LOW,Normal,"Claim FRA0722 from Gadchiroli, Maharashtra has a risk score of 0/100 (LOW). No major risk indicators were detected for this claim. Key factors: . Recommended action: No immediate action required. Final decision must be made by the authorized official."
FRA0723,Odisha,Koraput,10,LOW,Normal,"Claim FRA0723 from Koraput, Odisha has a risk score of 10/100 (LOW). No major risk indicators were detected for this claim. Key factors: ML anomaly detected. Recommended action: No immediate action required. Final decision must be made by the authorized official."
FRA0724,Madhya Pradesh,Mandla,30,LOW,Normal,"Claim FRA0724 from Mandla, Madhya Pradesh has a risk score of 30/100 (LOW). No major risk indicators were detected for this claim. Key factors: Long processing delay | Moderate claim overlap. Recommended action: No immediate action required. Final decision must be made by the authorized official."
FRA0725,Jharkhand,Gumla,20,LOW,Normal,"Claim FRA0725 from Gumla, Jharkhand has a risk score of 20/100 (LOW). No major risk indicators were detected for this claim. Key factors: Long processing delay | Multiple previous rejections. Recommended action: No immediate action required. Final decision must be made by the authorized official."
FRA0726,Maharashtra,Nandurbar,15,LOW,Normal,"Claim FRA0726 from Nandurbar, Maharashtra has a risk score of 15/100 (LOW). No major risk indicators were detected for this claim. Key factors: Moderate claim overlap. Recommended action: No immediate action required. Final decision must be made by the authorized official."
FRA0727,Odisha,Koraput,0,LOW,Normal,"Claim FRA0727 from Koraput, Odisha has a risk score of 0/100 (LOW). No major risk indicators were detected for this claim. Key factors: . Recommended action: No immediate action required. Final decision must be made by the authorized official."
FRA0728,Madhya Pradesh,Balaghat,45,MEDIUM,Moderate,"Claim FRA0728 from Balaghat, Madhya Pradesh has a risk score of 45/100 (MEDIUM). This claim has some risk indicators and may require additional verification. Key factors: Long processing delay | High claim overlap | Multiple previous rejections. Recommended action: Perform additional document verification. Final decision must be made by the authorized official."
FRA0729,Chhattisgarh,Bastar,30,LOW,Normal,"Claim FRA0729 from Bastar, Chhattisgarh has a risk score of 30/100 (LOW). No major risk indicators were detected for this claim. Key factors: Long processing delay | Multiple previous rejections | ML anomaly detected. Recommended action: No immediate action required. Final decision must be made by the authorized official."
FRA0730,Madhya Pradesh,Mandla,5,LOW,Normal,"Claim FRA0730 from Mandla, Madhya Pradesh has a risk score of 5/100 (LOW). No major risk indicators were detected for this claim. Key factors: Multiple previous rejections. Recommended action: No immediate action required. Final decision must be made by the authorized official."
FRA0731,Chhattisgarh,Bastar,45,MEDIUM,Moderate,"Claim FRA0731 from Bastar, Chhattisgarh has a risk score of 45/100 (MEDIUM). This claim has some risk indicators and may require additional verification. Key factors: Long processing delay | High claim overlap | Multiple previous rejections. Recommended action: Perform additional document verification. Final decision must be made by the authorized official."
FRA0732,Chhattisgarh,Surguja,5,LOW,Normal,"Claim FRA0732 from Surguja, Chhattisgarh has a risk score of 5/100 (LOW). No major risk indicators were detected for this claim. Key factors: Multiple previous rejections. Recommended action: No immediate action required. Final decision must be made by the authorized official."
FRA0733,Chhattisgarh,Bastar,25,LOW,Normal,"Claim FRA0733 from Bastar, Chhattisgarh has a risk score of 25/100 (LOW). No major risk indicators were detected for this claim. Key factors: High claim overlap. Recommended action: No immediate action required. Final decision must be made by the authorized official."
FRA0734,Jharkhand,Ranchi,15,LOW,Normal,"Claim FRA0734 from Ranchi, Jharkhand has a risk score of 15/100 (LOW). No major risk indicators were detected for this claim. Key factors: Long processing delay. Recommended action: No immediate action required. Final decision must be made by the authorized official."
FRA0735,Odisha,Keonjhar,45,MEDIUM,Moderate,"Claim FRA0735 from Keonjhar, Odisha has a risk score of 45/100 (MEDIUM). This claim has some risk indicators and may require additional verification. Key factors: Long processing delay | High claim overlap | Multiple previous rejections. Recommended action: Perform additional document verification. Final decision must be made by the authorized official."
FRA0736,Odisha,Mayurbhanj,15,LOW,Normal,"Claim FRA0736 from Mayurbhanj, Odisha has a risk score of 15/100 (LOW). No major risk indicators were detected for this claim. Key factors: Long processing delay. Recommended action: No immediate action required. Final decision must be made by the authorized official."
FRA0737,Maharashtra,Gadchiroli,20,LOW,Normal,"Claim FRA0737 from Gadchiroli, Maharashtra has a risk score of 20/100 (LOW). No major risk indicators were detected for this claim. Key factors: Moderate claim overlap | Multiple previous rejections. Recommended action: No immediate action required. Final decision must be made by the authorized official."
FRA0738,Madhya Pradesh,Balaghat,20,LOW,Normal,"Claim FRA0738 from Balaghat, Madhya Pradesh has a risk score of 20/100 (LOW). No major risk indicators were detected for this claim. Key factors: Moderate claim overlap | Multiple previous rejections. Recommended action: No immediate action required. Final decision must be made by the authorized official."
FRA0739,Madhya Pradesh,Balaghat,30,LOW,Normal,"Claim FRA0739 from Balaghat, Madhya Pradesh has a risk score of 30/100 (LOW). No major risk indicators were detected for this claim. Key factors: Long processing delay | Moderate claim overlap. Recommended action: No immediate action required. Final decision must be made by the authorized official."
FRA0740,Odisha,Koraput,15,LOW,Normal,"Claim FRA0740 from Koraput, Odisha has a risk score of 15/100 (LOW). No major risk indicators were detected for this claim. Key factors: Long processing delay. Recommended action: No immediate action required. Final decision must be made by the authorized official."
FRA0741,Chhattisgarh,Kanker,15,LOW,Normal,"Claim FRA0741 from Kanker, Chhattisgarh has a risk score of 15/100 (LOW). No major risk indicators were detected for this claim. Key factors: Moderate claim overlap. Recommended action: No immediate action required. Final decision must be made by the authorized official."
FRA0742,Chhattisgarh,Kanker,30,LOW,Normal,"Claim FRA0742 from Kanker, Chhattisgarh has a risk score of 30/100 (LOW). No major risk indicators were detected for this claim. Key factors: High claim overlap | Multiple previous rejections. Recommended action: No immediate action required. Final decision must be made by the authorized official."
FRA0743,Madhya Pradesh,Mandla,5,LOW,Normal,"Claim FRA0743 from Mandla, Madhya Pradesh has a risk score of 5/100 (LOW). No major risk indicators were detected for this claim. Key factors: Multiple previous rejections. Recommended action: No immediate action required. Final decision must be made by the authorized official."
FRA0744,Odisha,Mayurbhanj,45,MEDIUM,Moderate,"Claim FRA0744 from Mayurbhanj, Odisha has a risk score of 45/100 (MEDIUM). This claim has some risk indicators and may require additional verification. Key factors: Long processing delay | High claim overlap | Multiple previous rejections. Recommended action: Perform additional document verification. Final decision must be made by the authorized official."
FRA0745,Jharkhand,Simdega,35,MEDIUM,Moderate,"Claim FRA0745 from Simdega, Jharkhand has a risk score of 35/100 (MEDIUM). This claim has some risk indicators and may require additional verification. Key factors: Long processing delay | Moderate claim overlap | Multiple previous rejections. Recommended action: Perform additional document verification. Final decision must be made by the authorized official."
FRA0746,Madhya Pradesh,Dindori,15,LOW,Normal,"Claim FRA0746 from Dindori, Madhya Pradesh has a risk score of 15/100 (LOW). No major risk indicators were detected for this claim. Key factors: Long processing delay. Recommended action: No immediate action required. Final decision must be made by the authorized official."
FRA0747,Maharashtra,Gadchiroli,35,MEDIUM,Moderate,"Claim FRA0747 from Gadchiroli, Maharashtra has a risk score of 35/100 (MEDIUM). This claim has some risk indicators and may require additional verification. Key factors: Long processing delay | Moderate claim overlap | Multiple previous rejections. Recommended action: Perform additional document verification. Final decision must be made by the authorized official."
FRA0748,Jharkhand,Ranchi,0,LOW,Normal,"Claim FRA0748 from Ranchi, Jharkhand has a risk score of 0/100 (LOW). No major risk indicators were detected for this claim. Key factors: . Recommended action: No immediate action required. Final decision must be made by the authorized official."
FRA0749,Madhya Pradesh,Dindori,35,MEDIUM,Moderate,"Claim FRA0749 from Dindori, Madhya Pradesh has a risk score of 35/100 (MEDIUM). This claim has some risk indicators and may require additional verification. Key factors: Long processing delay | Moderate claim overlap | Multiple previous rejections. Recommended action: Perform additional document verification. Final decision must be made by the authorized official."
FRA0750,Madhya Pradesh,Dindori,20,LOW,Normal,"Claim FRA0750 from Dindori, Madhya Pradesh has a risk score of 20/100 (LOW). No major risk indicators were detected for this claim. Key factors: Moderate claim overlap | Multiple previous rejections. Recommended action: No immediate action required. Final decision must be made by the authorized official."
FRA0751,Chhattisgarh,Surguja,15,LOW,Normal,"Claim FRA0751 from Surguja, Chhattisgarh has a risk score of 15/100 (LOW). No major risk indicators were detected for this claim. Key factors: Moderate claim overlap. Recommended action: No immediate action required. Final decision must be made by the authorized official."
FRA0752,Jharkhand,Simdega,15,LOW,Normal,"Claim FRA0752 from Simdega, Jharkhand has a risk score of 15/100 (LOW). No major risk indicators were detected for this claim. Key factors: Moderate claim overlap. Recommended action: No immediate action required. Final decision must be made by the authorized official."
FRA0753,Chhattisgarh,Surguja,30,LOW,Normal,"Claim FRA0753 from Surguja, Chhattisgarh has a risk score of 30/100 (LOW). No major risk indicators were detected for this claim. Key factors: Long processing delay | Moderate claim overlap. Recommended action: No immediate action required. Final decision must be made by the authorized official."
FRA0754,Chhattisgarh,Kanker,45,MEDIUM,Moderate,"Claim FRA0754 from Kanker, Chhattisgarh has a risk score of 45/100 (MEDIUM). This claim has some risk indicators and may require additional verification. Key factors: Long processing delay | High claim overlap | Multiple previous rejections. Recommended action: Perform additional document verification. Final decision must be made by the authorized official."
FRA0755,Maharashtra,Gadchiroli,30,LOW,Normal,"Claim FRA0755 from Gadchiroli, Maharashtra has a risk score of 30/100 (LOW). No major risk indicators were detected for this claim. Key factors: High claim overlap | Multiple previous rejections. Recommended action: No immediate action required. Final decision must be made by the authorized official."
FRA0756,Maharashtra,Nandurbar,0,LOW,Normal,"Claim FRA0756 from Nandurbar, Maharashtra has a risk score of 0/100 (LOW). No major risk indicators were detected for this claim. Key factors: . Recommended action: No immediate action required. Final decision must be made by the authorized official."
FRA0757,Odisha,Mayurbhanj,15,LOW,Normal,"Claim FRA0757 from Mayurbhanj, Odisha has a risk score of 15/100 (LOW). No major risk indicators were detected for this claim. Key factors: Moderate claim overlap. Recommended action: No immediate action required. Final decision must be made by the authorized official."
FRA0758,Maharashtra,Nashik,30,LOW,Normal,"Claim FRA0758 from Nashik, Maharashtra has a risk score of 30/100 (LOW). No major risk indicators were detected for this claim. Key factors: High claim overlap | Multiple previous rejections. Recommended action: No immediate action required. Final decision must be made by the authorized official."
FRA0759,Madhya Pradesh,Dindori,25,LOW,Normal,"Claim FRA0759 from Dindori, Madhya Pradesh has a risk score of 25/100 (LOW). No major risk indicators were detected for this claim. Key factors: High claim overlap. Recommended action: No immediate action required. Final decision must be made by the authorized official."
FRA0760,Odisha,Koraput,15,LOW,Normal,"Claim FRA0760 from Koraput, Odisha has a risk score of 15/100 (LOW). No major risk indicators were detected for this claim. Key factors: Moderate claim overlap. Recommended action: No immediate action required. Final decision must be made by the authorized official."
FRA0761,Odisha,Mayurbhanj,0,LOW,Normal,"Claim FRA0761 from Mayurbhanj, Odisha has a risk score of 0/100 (LOW). No major risk indicators were detected for this claim. Key factors: . Recommended action: No immediate action required. Final decision must be made by the authorized official."
FRA0762,Jharkhand,Ranchi,5,LOW,Normal,"Claim FRA0762 from Ranchi, Jharkhand has a risk score of 5/100 (LOW). No major risk indicators were detected for this claim. Key factors: Multiple previous rejections. Recommended action: No immediate action required. Final decision must be made by the authorized official."
FRA0763,Chhattisgarh,Kanker,50,MEDIUM,Moderate,"Claim FRA0763 from Kanker, Chhattisgarh has a risk score of 50/100 (MEDIUM). This claim has some risk indicators and may require additional verification. Key factors: Long processing delay | High claim overlap | ML anomaly detected. Recommended action: Perform additional document verification. Final decision must be made by the authorized official."
FRA0764,Madhya Pradesh,Balaghat,5,LOW,Normal,"Claim FRA0764 from Balaghat, Madhya Pradesh has a risk score of 5/100 (LOW). No major risk indicators were detected for this claim. Key factors: Multiple previous rejections. Recommended action: No immediate action required. Final decision must be made by the authorized official."
FRA0765,Jharkhand,Ranchi,20,LOW,Normal,"Claim FRA0765 from Ranchi, Jharkhand has a risk score of 20/100 (LOW). No major risk indicators were detected for this claim. Key factors: Moderate claim overlap | Multiple previous rejections. Recommended action: No immediate action required. Final decision must be made by the authorized official."
FRA0766,Madhya Pradesh,Mandla,0,LOW,Normal,"Claim FRA0766 from Mandla, Madhya Pradesh has a risk score of 0/100 (LOW). No major risk indicators were detected for this claim. Key factors: . Recommended action: No immediate action required. Final decision must be made by the authorized official."
FRA0767,Chhattisgarh,Kanker,35,MEDIUM,Moderate,"Claim FRA0767 from Kanker, Chhattisgarh has a risk score of 35/100 (MEDIUM). This claim has some risk indicators and may require additional verification. Key factors: Long processing delay | Moderate claim overlap | Multiple previous rejections. Recommended action: Perform additional document verification. Final decision must be made by the authorized official."
FRA0768,Madhya Pradesh,Mandla,20,LOW,Normal,"Claim FRA0768 from Mandla, Madhya Pradesh has a risk score of 20/100 (LOW). No major risk indicators were detected for this claim. Key factors: Long processing delay | Multiple previous rejections. Recommended action: No immediate action required. Final decision must be made by the authorized official."
FRA0769,Jharkhand,Ranchi,20,LOW,Normal,"Claim FRA0769 from Ranchi, Jharkhand has a risk score of 20/100 (LOW). No major risk indicators were detected for this claim. Key factors: Long processing delay | Multiple previous rejections. Recommended action: No immediate action required. Final decision must be made by the authorized official."
FRA0770,Madhya Pradesh,Balaghat,20,LOW,Normal,"Claim FRA0770 from Balaghat, Madhya Pradesh has a risk score of 20/100 (LOW). No major risk indicators were detected for this claim. Key factors: Moderate claim overlap | Multiple previous rejections. Recommended action: No immediate action required. Final decision must be made by the authorized official."
FRA0771,Maharashtra,Gadchiroli,30,LOW,Normal,"Claim FRA0771 from Gadchiroli, Maharashtra has a risk score of 30/100 (LOW). No major risk indicators were detected for this claim. Key factors: High claim overlap | Multiple previous rejections. Recommended action: No immediate action required. Final decision must be made by the authorized official."
FRA0772,Jharkhand,Simdega,20,LOW,Normal,"Claim FRA0772 from Simdega, Jharkhand has a risk score of 20/100 (LOW). No major risk indicators were detected for this claim. Key factors: Long processing delay | Multiple previous rejections. Recommended action: No immediate action required. Final decision must be made by the authorized official."
FRA0773,Chhattisgarh,Bastar,5,LOW,Normal,"Claim FRA0773 from Bastar, Chhattisgarh has a risk score of 5/100 (LOW). No major risk indicators were detected for this claim. Key factors: Multiple previous rejections. Recommended action: No immediate action required. Final decision must be made by the authorized official."
FRA0774,Jharkhand,Simdega,30,LOW,Normal,"Claim FRA0774 from Simdega, Jharkhand has a risk score of 30/100 (LOW). No major risk indicators were detected for this claim. Key factors: High claim overlap | Multiple previous rejections. Recommended action: No immediate action required. Final decision must be made by the authorized official."
FRA0775,Maharashtra,Nashik,25,LOW,Normal,"Claim FRA0775 from Nashik, Maharashtra has a risk score of 25/100 (LOW). No major risk indicators were detected for this claim. Key factors: High claim overlap. Recommended action: No immediate action required. Final decision must be made by the authorized official."
FRA0776,Maharashtra,Gadchiroli,15,LOW,Normal,"Claim FRA0776 from Gadchiroli, Maharashtra has a risk score of 15/100 (LOW). No major risk indicators were detected for this claim. Key factors: Multiple previous rejections | ML anomaly detected. Recommended action: No immediate action required. Final decision must be made by the authorized official."
FRA0777,Chhattisgarh,Kanker,0,LOW,Normal,"Claim FRA0777 from Kanker, Chhattisgarh has a risk score of 0/100 (LOW). No major risk indicators were detected for this claim. Key factors: . Recommended action: No immediate action required. Final decision must be made by the authorized official."
FRA0778,Maharashtra,Nashik,20,LOW,Normal,"Claim FRA0778 from Nashik, Maharashtra has a risk score of 20/100 (LOW). No major risk indicators were detected for this claim. Key factors: Long processing delay | Multiple previous rejections. Recommended action: No immediate action required. Final decision must be made by the authorized official."
FRA0779,Maharashtra,Gadchiroli,15,LOW,Normal,"Claim FRA0779 from Gadchiroli, Maharashtra has a risk score of 15/100 (LOW). No major risk indicators were detected for this claim. Key factors: Moderate claim overlap. Recommended action: No immediate action required. Final decision must be made by the authorized official."
FRA0780,Maharashtra,Nandurbar,0,LOW,Normal,"Claim FRA0780 from Nandurbar, Maharashtra has a risk score of 0/100 (LOW). No major risk indicators were detected for this claim. Key factors: . Recommended action: No immediate action required. Final decision must be made by the authorized official."
FRA0781,Madhya Pradesh,Dindori,35,MEDIUM,Moderate,"Claim FRA0781 from Dindori, Madhya Pradesh has a risk score of 35/100 (MEDIUM). This claim has some risk indicators and may require additional verification. Key factors: Long processing delay | Moderate claim overlap | Multiple previous rejections. Recommended action: Perform additional document verification. Final decision must be made by the authorized official."
FRA0782,Odisha,Keonjhar,10,LOW,Normal,"Claim FRA0782 from Keonjhar, Odisha has a risk score of 10/100 (LOW). No major risk indicators were detected for this claim. Key factors: ML anomaly detected. Recommended action: No immediate action required. Final decision must be made by the authorized official."
FRA0783,Odisha,Mayurbhanj,5,LOW,Normal,"Claim FRA0783 from Mayurbhanj, Odisha has a risk score of 5/100 (LOW). No major risk indicators were detected for this claim. Key factors: Multiple previous rejections. Recommended action: No immediate action required. Final decision must be made by the authorized official."
FRA0784,Odisha,Mayurbhanj,15,LOW,Normal,"Claim FRA0784 from Mayurbhanj, Odisha has a risk score of 15/100 (LOW). No major risk indicators were detected for this claim. Key factors: Long processing delay. Recommended action: No immediate action required. Final decision must be made by the authorized official."
FRA0785,Maharashtra,Nandurbar,25,LOW,Normal,"Claim FRA0785 from Nandurbar, Maharashtra has a risk score of 25/100 (LOW). No major risk indicators were detected for this claim. Key factors: High claim overlap. Recommended action: No immediate action required. Final decision must be made by the authorized official."
FRA0786,Jharkhand,Ranchi,15,LOW,Normal,"Claim FRA0786 from Ranchi, Jharkhand has a risk score of 15/100 (LOW). No major risk indicators were detected for this claim. Key factors: Long processing delay. Recommended action: No immediate action required. Final decision must be made by the authorized official."
FRA0787,Chhattisgarh,Kanker,0,LOW,Normal,"Claim FRA0787 from Kanker, Chhattisgarh has a risk score of 0/100 (LOW). No major risk indicators were detected for this claim. Key factors: . Recommended action: No immediate action required. Final decision must be made by the authorized official."
FRA0788,Jharkhand,Ranchi,0,LOW,Normal,"Claim FRA0788 from Ranchi, Jharkhand has a risk score of 0/100 (LOW). No major risk indicators were detected for this claim. Key factors: . Recommended action: No immediate action required. Final decision must be made by the authorized official."
FRA0789,Odisha,Koraput,35,MEDIUM,Moderate,"Claim FRA0789 from Koraput, Odisha has a risk score of 35/100 (MEDIUM). This claim has some risk indicators and may require additional verification. Key factors: Long processing delay | Moderate claim overlap | Multiple previous rejections. Recommended action: Perform additional document verification. Final decision must be made by the authorized official."
FRA0790,Chhattisgarh,Surguja,0,LOW,Normal,"Claim FRA0790 from Surguja, Chhattisgarh has a risk score of 0/100 (LOW). No major risk indicators were detected for this claim. Key factors: . Recommended action: No immediate action required. Final decision must be made by the authorized official."
FRA0791,Maharashtra,Gadchiroli,20,LOW,Normal,"Claim FRA0791 from Gadchiroli, Maharashtra has a risk score of 20/100 (LOW). No major risk indicators were detected for this claim. Key factors: Long processing delay | Multiple previous rejections. Recommended action: No immediate action required. Final decision must be made by the authorized official."
FRA0792,Maharashtra,Nashik,5,LOW,Normal,"Claim FRA0792 from Nashik, Maharashtra has a risk score of 5/100 (LOW). No major risk indicators were detected for this claim. Key factors: Multiple previous rejections. Recommended action: No immediate action required. Final decision must be made by the authorized official."
FRA0793,Chhattisgarh,Kanker,30,LOW,Normal,"Claim FRA0793 from Kanker, Chhattisgarh has a risk score of 30/100 (LOW). No major risk indicators were detected for this claim. Key factors: Long processing delay | Moderate claim overlap. Recommended action: No immediate action required. Final decision must be made by the authorized official."
FRA0794,Chhattisgarh,Kanker,0,LOW,Normal,"Claim FRA0794 from Kanker, Chhattisgarh has a risk score of 0/100 (LOW). No major risk indicators were detected for this claim. Key factors: . Recommended action: No immediate action required. Final decision must be made by the authorized official."
FRA0795,Jharkhand,Gumla,5,LOW,Normal,"Claim FRA0795 from Gumla, Jharkhand has a risk score of 5/100 (LOW). No major risk indicators were detected for this claim. Key factors: Multiple previous rejections. Recommended action: No immediate action required. Final decision must be made by the authorized official."
FRA0796,Jharkhand,Simdega,5,LOW,Normal,"Claim FRA0796 from Simdega, Jharkhand has a risk score of 5/100 (LOW). No major risk indicators were detected for this claim. Key factors: Multiple previous rejections. Recommended action: No immediate action required. Final decision must be made by the authorized official."
FRA0797,Chhattisgarh,Kanker,20,LOW,Normal,"Claim FRA0797 from Kanker, Chhattisgarh has a risk score of 20/100 (LOW). No major risk indicators were detected for this claim. Key factors: Long processing delay | Multiple previous rejections. Recommended action: No immediate action required. Final decision must be made by the authorized official."
FRA0798,Madhya Pradesh,Balaghat,20,LOW,Normal,"Claim FRA0798 from Balaghat, Madhya Pradesh has a risk score of 20/100 (LOW). No major risk indicators were detected for this claim. Key factors: Moderate claim overlap | Multiple previous rejections. Recommended action: No immediate action required. Final decision must be made by the authorized official."
FRA0799,Chhattisgarh,Surguja,25,LOW,Normal,"Claim FRA0799 from Surguja, Chhattisgarh has a risk score of 25/100 (LOW). No major risk indicators were detected for this claim. Key factors: High claim overlap. Recommended action: No immediate action required. Final decision must be made by the authorized official."
FRA0800,Jharkhand,Simdega,20,LOW,Normal,"Claim FRA0800 from Simdega, Jharkhand has a risk score of 20/100 (LOW). No major risk indicators were detected for this claim. Key factors: Long processing delay | Multiple previous rejections. Recommended action: No immediate action required. Final decision must be made by the authorized official."
FRA0801,Chhattisgarh,Kanker,25,LOW,Normal,"Claim FRA0801 from Kanker, Chhattisgarh has a risk score of 25/100 (LOW). No major risk indicators were detected for this claim. Key factors: Long processing delay | ML anomaly detected. Recommended action: No immediate action required. Final decision must be made by the authorized official."
FRA0802,Odisha,Mayurbhanj,5,LOW,Normal,"Claim FRA0802 from Mayurbhanj, Odisha has a risk score of 5/100 (LOW). No major risk indicators were detected for this claim. Key factors: Multiple previous rejections. Recommended action: No immediate action required. Final decision must be made by the authorized official."
FRA0803,Maharashtra,Gadchiroli,0,LOW,Normal,"Claim FRA0803 from Gadchiroli, Maharashtra has a risk score of 0/100 (LOW). No major risk indicators were detected for this claim. Key factors: . Recommended action: No immediate action required. Final decision must be made by the authorized official."
FRA0804,Madhya Pradesh,Mandla,15,LOW,Normal,"Claim FRA0804 from Mandla, Madhya Pradesh has a risk score of 15/100 (LOW). No major risk indicators were detected for this claim. Key factors: Moderate claim overlap. Recommended action: No immediate action required. Final decision must be made by the authorized official."
FRA0805,Jharkhand,Ranchi,25,LOW,Normal,"Claim FRA0805 from Ranchi, Jharkhand has a risk score of 25/100 (LOW). No major risk indicators were detected for this claim. Key factors: High claim overlap. Recommended action: No immediate action required. Final decision must be made by the authorized official."
FRA0806,Chhattisgarh,Surguja,15,LOW,Normal,"Claim FRA0806 from Surguja, Chhattisgarh has a risk score of 15/100 (LOW). No major risk indicators were detected for this claim. Key factors: Long processing delay. Recommended action: No immediate action required. Final decision must be made by the authorized official."
FRA0807,Chhattisgarh,Bastar,45,MEDIUM,Moderate,"Claim FRA0807 from Bastar, Chhattisgarh has a risk score of 45/100 (MEDIUM). This claim has some risk indicators and may require additional verification. Key factors: Long processing delay | High claim overlap | Multiple previous rejections. Recommended action: Perform additional document verification. Final decision must be made by the authorized official."
FRA0808,Madhya Pradesh,Mandla,30,LOW,Normal,"Claim FRA0808 from Mandla, Madhya Pradesh has a risk score of 30/100 (LOW). No major risk indicators were detected for this claim. Key factors: Long processing delay | Moderate claim overlap. Recommended action: No immediate action required. Final decision must be made by the authorized official."
FRA0809,Odisha,Koraput,25,LOW,Normal,"Claim FRA0809 from Koraput, Odisha has a risk score of 25/100 (LOW). No major risk indicators were detected for this claim. Key factors: High claim overlap. Recommended action: No immediate action required. Final decision must be made by the authorized official."
FRA0810,Jharkhand,Gumla,15,LOW,Normal,"Claim FRA0810 from Gumla, Jharkhand has a risk score of 15/100 (LOW). No major risk indicators were detected for this claim. Key factors: Multiple previous rejections | ML anomaly detected. Recommended action: No immediate action required. Final decision must be made by the authorized official."
FRA0811,Odisha,Koraput,25,LOW,Normal,"Claim FRA0811 from Koraput, Odisha has a risk score of 25/100 (LOW). No major risk indicators were detected for this claim. Key factors: High claim overlap. Recommended action: No immediate action required. Final decision must be made by the authorized official."
FRA0812,Maharashtra,Gadchiroli,0,LOW,Normal,"Claim FRA0812 from Gadchiroli, Maharashtra has a risk score of 0/100 (LOW). No major risk indicators were detected for this claim. Key factors: . Recommended action: No immediate action required. Final decision must be made by the authorized official."
FRA0813,Maharashtra,Nashik,0,LOW,Normal,"Claim FRA0813 from Nashik, Maharashtra has a risk score of 0/100 (LOW). No major risk indicators were detected for this claim. Key factors: . Recommended action: No immediate action required. Final decision must be made by the authorized official."
FRA0814,Odisha,Koraput,20,LOW,Normal,"Claim FRA0814 from Koraput, Odisha has a risk score of 20/100 (LOW). No major risk indicators were detected for this claim. Key factors: Long processing delay | Multiple previous rejections. Recommended action: No immediate action required. Final decision must be made by the authorized official."
FRA0815,Chhattisgarh,Kanker,15,LOW,Normal,"Claim FRA0815 from Kanker, Chhattisgarh has a risk score of 15/100 (LOW). No major risk indicators were detected for this claim. Key factors: Long processing delay. Recommended action: No immediate action required. Final decision must be made by the authorized official."
FRA0816,Jharkhand,Gumla,15,LOW,Normal,"Claim FRA0816 from Gumla, Jharkhand has a risk score of 15/100 (LOW). No major risk indicators were detected for this claim. Key factors: Moderate claim overlap. Recommended action: No immediate action required. Final decision must be made by the authorized official."
FRA0817,Chhattisgarh,Bastar,30,LOW,Normal,"Claim FRA0817 from Bastar, Chhattisgarh has a risk score of 30/100 (LOW). No major risk indicators were detected for this claim. Key factors: Long processing delay | Multiple previous rejections | ML anomaly detected. Recommended action: No immediate action required. Final decision must be made by the authorized official."
FRA0818,Odisha,Mayurbhanj,30,LOW,Normal,"Claim FRA0818 from Mayurbhanj, Odisha has a risk score of 30/100 (LOW). No major risk indicators were detected for this claim. Key factors: Long processing delay | Multiple previous rejections | ML anomaly detected. Recommended action: No immediate action required. Final decision must be made by the authorized official."
FRA0819,Chhattisgarh,Bastar,10,LOW,Normal,"Claim FRA0819 from Bastar, Chhattisgarh has a risk score of 10/100 (LOW). No major risk indicators were detected for this claim. Key factors: ML anomaly detected. Recommended action: No immediate action required. Final decision must be made by the authorized official."
FRA0820,Odisha,Keonjhar,15,LOW,Normal,"Claim FRA0820 from Keonjhar, Odisha has a risk score of 15/100 (LOW). No major risk indicators were detected for this claim. Key factors: Moderate claim overlap. Recommended action: No immediate action required. Final decision must be made by the authorized official."
FRA0821,Odisha,Koraput,30,LOW,Normal,"Claim FRA0821 from Koraput, Odisha has a risk score of 30/100 (LOW). No major risk indicators were detected for this claim. Key factors: High claim overlap | Multiple previous rejections. Recommended action: No immediate action required. Final decision must be made by the authorized official."
FRA0822,Madhya Pradesh,Balaghat,15,LOW,Normal,"Claim FRA0822 from Balaghat, Madhya Pradesh has a risk score of 15/100 (LOW). No major risk indicators were detected for this claim. Key factors: Moderate claim overlap. Recommended action: No immediate action required. Final decision must be made by the authorized official."
FRA0823,Jharkhand,Gumla,15,LOW,Normal,"Claim FRA0823 from Gumla, Jharkhand has a risk score of 15/100 (LOW). No major risk indicators were detected for this claim. Key factors: Moderate claim overlap. Recommended action: No immediate action required. Final decision must be made by the authorized official."
FRA0824,Jharkhand,Ranchi,15,LOW,Normal,"Claim FRA0824 from Ranchi, Jharkhand has a risk score of 15/100 (LOW). No major risk indicators were detected for this claim. Key factors: Moderate claim overlap. Recommended action: No immediate action required. Final decision must be made by the authorized official."
FRA0825,Odisha,Mayurbhanj,15,LOW,Normal,"Claim FRA0825 from Mayurbhanj, Odisha has a risk score of 15/100 (LOW). No major risk indicators were detected for this claim. Key factors: Moderate claim overlap. Recommended action: No immediate action required. Final decision must be made by the authorized official."
FRA0826,Odisha,Koraput,0,LOW,Normal,"Claim FRA0826 from Koraput, Odisha has a risk score of 0/100 (LOW). No major risk indicators were detected for this claim. Key factors: . Recommended action: No immediate action required. Final decision must be made by the authorized official."
FRA0827,Odisha,Koraput,30,LOW,Normal,"Claim FRA0827 from Koraput, Odisha has a risk score of 30/100 (LOW). No major risk indicators were detected for this claim. Key factors: Long processing delay | Multiple previous rejections | ML anomaly detected. Recommended action: No immediate action required. Final decision must be made by the authorized official."
FRA0828,Jharkhand,Gumla,25,LOW,Normal,"Claim FRA0828 from Gumla, Jharkhand has a risk score of 25/100 (LOW). No major risk indicators were detected for this claim. Key factors: High claim overlap. Recommended action: No immediate action required. Final decision must be made by the authorized official."
FRA0829,Jharkhand,Simdega,45,MEDIUM,Moderate,"Claim FRA0829 from Simdega, Jharkhand has a risk score of 45/100 (MEDIUM). This claim has some risk indicators and may require additional verification. Key factors: Long processing delay | High claim overlap | Multiple previous rejections. Recommended action: Perform additional document verification. Final decision must be made by the authorized official."
FRA0830,Jharkhand,Simdega,15,LOW,Normal,"Claim FRA0830 from Simdega, Jharkhand has a risk score of 15/100 (LOW). No major risk indicators were detected for this claim. Key factors: Moderate claim overlap. Recommended action: No immediate action required. Final decision must be made by the authorized official."
FRA0831,Maharashtra,Gadchiroli,25,LOW,Normal,"Claim FRA0831 from Gadchiroli, Maharashtra has a risk score of 25/100 (LOW). No major risk indicators were detected for this claim. Key factors: High claim overlap. Recommended action: No immediate action required. Final decision must be made by the authorized official."
FRA0832,Madhya Pradesh,Dindori,15,LOW,Normal,"Claim FRA0832 from Dindori, Madhya Pradesh has a risk score of 15/100 (LOW). No major risk indicators were detected for this claim. Key factors: Moderate claim overlap. Recommended action: No immediate action required. Final decision must be made by the authorized official."
FRA0833,Odisha,Koraput,25,LOW,Normal,"Claim FRA0833 from Koraput, Odisha has a risk score of 25/100 (LOW). No major risk indicators were detected for this claim. Key factors: High claim overlap. Recommended action: No immediate action required. Final decision must be made by the authorized official."
FRA0834,Chhattisgarh,Bastar,25,LOW,Normal,"Claim FRA0834 from Bastar, Chhattisgarh has a risk score of 25/100 (LOW). No major risk indicators were detected for this claim. Key factors: High claim overlap. Recommended action: No immediate action required. Final decision must be made by the authorized official."
FRA0835,Madhya Pradesh,Mandla,20,LOW,Normal,"Claim FRA0835 from Mandla, Madhya Pradesh has a risk score of 20/100 (LOW). No major risk indicators were detected for this claim. Key factors: Long processing delay | Multiple previous rejections. Recommended action: No immediate action required. Final decision must be made by the authorized official."
FRA0836,Chhattisgarh,Bastar,20,LOW,Normal,"Claim FRA0836 from Bastar, Chhattisgarh has a risk score of 20/100 (LOW). No major risk indicators were detected for this claim. Key factors: Long processing delay | Multiple previous rejections. Recommended action: No immediate action required. Final decision must be made by the authorized official."
FRA0837,Jharkhand,Ranchi,20,LOW,Normal,"Claim FRA0837 from Ranchi, Jharkhand has a risk score of 20/100 (LOW). No major risk indicators were detected for this claim. Key factors: Moderate claim overlap | Multiple previous rejections. Recommended action: No immediate action required. Final decision must be made by the authorized official."
FRA0838,Maharashtra,Nashik,0,LOW,Normal,"Claim FRA0838 from Nashik, Maharashtra has a risk score of 0/100 (LOW). No major risk indicators were detected for this claim. Key factors: . Recommended action: No immediate action required. Final decision must be made by the authorized official."
FRA0839,Madhya Pradesh,Mandla,35,MEDIUM,Moderate,"Claim FRA0839 from Mandla, Madhya Pradesh has a risk score of 35/100 (MEDIUM). This claim has some risk indicators and may require additional verification. Key factors: High claim overlap | ML anomaly detected. Recommended action: Perform additional document verification. Final decision must be made by the authorized official."
FRA0840,Chhattisgarh,Kanker,30,LOW,Normal,"Claim FRA0840 from Kanker, Chhattisgarh has a risk score of 30/100 (LOW). No major risk indicators were detected for this claim. Key factors: Long processing delay | Moderate claim overlap. Recommended action: No immediate action required. Final decision must be made by the authorized official."
FRA0841,Chhattisgarh,Surguja,20,LOW,Normal,"Claim FRA0841 from Surguja, Chhattisgarh has a risk score of 20/100 (LOW). No major risk indicators were detected for this claim. Key factors: Moderate claim overlap | Multiple previous rejections. Recommended action: No immediate action required. Final decision must be made by the authorized official."
FRA0842,Madhya Pradesh,Mandla,15,LOW,Normal,"Claim FRA0842 from Mandla, Madhya Pradesh has a risk score of 15/100 (LOW). No major risk indicators were detected for this claim. Key factors: Long processing delay. Recommended action: No immediate action required. Final decision must be made by the authorized official."
FRA0843,Jharkhand,Simdega,5,LOW,Normal,"Claim FRA0843 from Simdega, Jharkhand has a risk score of 5/100 (LOW). No major risk indicators were detected for this claim. Key factors: Multiple previous rejections. Recommended action: No immediate action required. Final decision must be made by the authorized official."
FRA0844,Maharashtra,Nandurbar,15,LOW,Normal,"Claim FRA0844 from Nandurbar, Maharashtra has a risk score of 15/100 (LOW). No major risk indicators were detected for this claim. Key factors: Multiple previous rejections | ML anomaly detected. Recommended action: No immediate action required. Final decision must be made by the authorized official."
FRA0845,Maharashtra,Gadchiroli,15,LOW,Normal,"Claim FRA0845 from Gadchiroli, Maharashtra has a risk score of 15/100 (LOW). No major risk indicators were detected for this claim. Key factors: Moderate claim overlap. Recommended action: No immediate action required. Final decision must be made by the authorized official."
FRA0846,Jharkhand,Ranchi,5,LOW,Normal,"Claim FRA0846 from Ranchi, Jharkhand has a risk score of 5/100 (LOW). No major risk indicators were detected for this claim. Key factors: Multiple previous rejections. Recommended action: No immediate action required. Final decision must be made by the authorized official."
FRA0847,Chhattisgarh,Bastar,15,LOW,Normal,"Claim FRA0847 from Bastar, Chhattisgarh has a risk score of 15/100 (LOW). No major risk indicators were detected for this claim. Key factors: Long processing delay. Recommended action: No immediate action required. Final decision must be made by the authorized official."
FRA0848,Chhattisgarh,Bastar,20,LOW,Normal,"Claim FRA0848 from Bastar, Chhattisgarh has a risk score of 20/100 (LOW). No major risk indicators were detected for this claim. Key factors: Long processing delay | Multiple previous rejections. Recommended action: No immediate action required. Final decision must be made by the authorized official."
FRA0849,Odisha,Koraput,25,LOW,Normal,"Claim FRA0849 from Koraput, Odisha has a risk score of 25/100 (LOW). No major risk indicators were detected for this claim. Key factors: High claim overlap. Recommended action: No immediate action required. Final decision must be made by the authorized official."
FRA0850,Odisha,Keonjhar,45,MEDIUM,Moderate,"Claim FRA0850 from Keonjhar, Odisha has a risk score of 45/100 (MEDIUM). This claim has some risk indicators and may require additional verification. Key factors: Long processing delay | High claim overlap | Multiple previous rejections. Recommended action: Perform additional document verification. Final decision must be made by the authorized official."
FRA0851,Madhya Pradesh,Dindori,5,LOW,Normal,"Claim FRA0851 from Dindori, Madhya Pradesh has a risk score of 5/100 (LOW). No major risk indicators were detected for this claim. Key factors: Multiple previous rejections. Recommended action: No immediate action required. Final decision must be made by the authorized official."
FRA0852,Madhya Pradesh,Mandla,10,LOW,Normal,"Claim FRA0852 from Mandla, Madhya Pradesh has a risk score of 10/100 (LOW). No major risk indicators were detected for this claim. Key factors: ML anomaly detected. Recommended action: No immediate action required. Final decision must be made by the authorized official."
FRA0853,Chhattisgarh,Kanker,20,LOW,Normal,"Claim FRA0853 from Kanker, Chhattisgarh has a risk score of 20/100 (LOW). No major risk indicators were detected for this claim. Key factors: Moderate claim overlap | Multiple previous rejections. Recommended action: No immediate action required. Final decision must be made by the authorized official."
FRA0854,Maharashtra,Nandurbar,15,LOW,Normal,"Claim FRA0854 from Nandurbar, Maharashtra has a risk score of 15/100 (LOW). No major risk indicators were detected for this claim. Key factors: Long processing delay. Recommended action: No immediate action required. Final decision must be made by the authorized official."
FRA0855,Odisha,Mayurbhanj,0,LOW,Normal,"Claim FRA0855 from Mayurbhanj, Odisha has a risk score of 0/100 (LOW). No major risk indicators were detected for this claim. Key factors: . Recommended action: No immediate action required. Final decision must be made by the authorized official."
FRA0856,Maharashtra,Gadchiroli,15,LOW,Normal,"Claim FRA0856 from Gadchiroli, Maharashtra has a risk score of 15/100 (LOW). No major risk indicators were detected for this claim. Key factors: Moderate claim overlap. Recommended action: No immediate action required. Final decision must be made by the authorized official."
FRA0857,Madhya Pradesh,Balaghat,15,LOW,Normal,"Claim FRA0857 from Balaghat, Madhya Pradesh has a risk score of 15/100 (LOW). No major risk indicators were detected for this claim. Key factors: Long processing delay. Recommended action: No immediate action required. Final decision must be made by the authorized official."
FRA0858,Madhya Pradesh,Balaghat,30,LOW,Normal,"Claim FRA0858 from Balaghat, Madhya Pradesh has a risk score of 30/100 (LOW). No major risk indicators were detected for this claim. Key factors: High claim overlap | Multiple previous rejections. Recommended action: No immediate action required. Final decision must be made by the authorized official."
FRA0859,Madhya Pradesh,Balaghat,15,LOW,Normal,"Claim FRA0859 from Balaghat, Madhya Pradesh has a risk score of 15/100 (LOW). No major risk indicators were detected for this claim. Key factors: Long processing delay. Recommended action: No immediate action required. Final decision must be made by the authorized official."
FRA0860,Madhya Pradesh,Dindori,20,LOW,Normal,"Claim FRA0860 from Dindori, Madhya Pradesh has a risk score of 20/100 (LOW). No major risk indicators were detected for this claim. Key factors: Long processing delay | Multiple previous rejections. Recommended action: No immediate action required. Final decision must be made by the authorized official."
FRA0861,Odisha,Mayurbhanj,25,LOW,Normal,"Claim FRA0861 from Mayurbhanj, Odisha has a risk score of 25/100 (LOW). No major risk indicators were detected for this claim. Key factors: Long processing delay | ML anomaly detected. Recommended action: No immediate action required. Final decision must be made by the authorized official."
FRA0862,Jharkhand,Ranchi,5,LOW,Normal,"Claim FRA0862 from Ranchi, Jharkhand has a risk score of 5/100 (LOW). No major risk indicators were detected for this claim. Key factors: Multiple previous rejections. Recommended action: No immediate action required. Final decision must be made by the authorized official."
FRA0863,Odisha,Keonjhar,35,MEDIUM,Moderate,"Claim FRA0863 from Keonjhar, Odisha has a risk score of 35/100 (MEDIUM). This claim has some risk indicators and may require additional verification. Key factors: Long processing delay | Moderate claim overlap | Multiple previous rejections. Recommended action: Perform additional document verification. Final decision must be made by the authorized official."
FRA0864,Odisha,Koraput,35,MEDIUM,Moderate,"Claim FRA0864 from Koraput, Odisha has a risk score of 35/100 (MEDIUM). This claim has some risk indicators and may require additional verification. Key factors: Long processing delay | Moderate claim overlap | Multiple previous rejections. Recommended action: Perform additional document verification. Final decision must be made by the authorized official."
FRA0865,Jharkhand,Gumla,5,LOW,Normal,"Claim FRA0865 from Gumla, Jharkhand has a risk score of 5/100 (LOW). No major risk indicators were detected for this claim. Key factors: Multiple previous rejections. Recommended action: No immediate action required. Final decision must be made by the authorized official."
FRA0866,Jharkhand,Simdega,30,LOW,Normal,"Claim FRA0866 from Simdega, Jharkhand has a risk score of 30/100 (LOW). No major risk indicators were detected for this claim. Key factors: Long processing delay | Moderate claim overlap. Recommended action: No immediate action required. Final decision must be made by the authorized official."
FRA0867,Chhattisgarh,Surguja,15,LOW,Normal,"Claim FRA0867 from Surguja, Chhattisgarh has a risk score of 15/100 (LOW). No major risk indicators were detected for this claim. Key factors: Moderate claim overlap. Recommended action: No immediate action required. Final decision must be made by the authorized official."
FRA0868,Odisha,Keonjhar,20,LOW,Normal,"Claim FRA0868 from Keonjhar, Odisha has a risk score of 20/100 (LOW). No major risk indicators were detected for this claim. Key factors: Long processing delay | Multiple previous rejections. Recommended action: No immediate action required. Final decision must be made by the authorized official."
FRA0869,Jharkhand,Simdega,5,LOW,Normal,"Claim FRA0869 from Simdega, Jharkhand has a risk score of 5/100 (LOW). No major risk indicators were detected for this claim. Key factors: Multiple previous rejections. Recommended action: No immediate action required. Final decision must be made by the authorized official."
FRA0870,Chhattisgarh,Bastar,0,LOW,Normal,"Claim FRA0870 from Bastar, Chhattisgarh has a risk score of 0/100 (LOW). No major risk indicators were detected for this claim. Key factors: . Recommended action: No immediate action required. Final decision must be made by the authorized official."
FRA0871,Chhattisgarh,Kanker,20,LOW,Normal,"Claim FRA0871 from Kanker, Chhattisgarh has a risk score of 20/100 (LOW). No major risk indicators were detected for this claim. Key factors: Moderate claim overlap | Multiple previous rejections. Recommended action: No immediate action required. Final decision must be made by the authorized official."
FRA0872,Maharashtra,Nashik,5,LOW,Normal,"Claim FRA0872 from Nashik, Maharashtra has a risk score of 5/100 (LOW). No major risk indicators were detected for this claim. Key factors: Multiple previous rejections. Recommended action: No immediate action required. Final decision must be made by the authorized official."
FRA0873,Chhattisgarh,Bastar,40,MEDIUM,Moderate,"Claim FRA0873 from Bastar, Chhattisgarh has a risk score of 40/100 (MEDIUM). This claim has some risk indicators and may require additional verification. Key factors: Long processing delay | High claim overlap. Recommended action: Perform additional document verification. Final decision must be made by the authorized official."
FRA0874,Madhya Pradesh,Balaghat,20,LOW,Normal,"Claim FRA0874 from Balaghat, Madhya Pradesh has a risk score of 20/100 (LOW). No major risk indicators were detected for this claim. Key factors: Moderate claim overlap | Multiple previous rejections. Recommended action: No immediate action required. Final decision must be made by the authorized official."
FRA0875,Maharashtra,Gadchiroli,5,LOW,Normal,"Claim FRA0875 from Gadchiroli, Maharashtra has a risk score of 5/100 (LOW). No major risk indicators were detected for this claim. Key factors: Multiple previous rejections. Recommended action: No immediate action required. Final decision must be made by the authorized official."
FRA0876,Maharashtra,Nashik,30,LOW,Normal,"Claim FRA0876 from Nashik, Maharashtra has a risk score of 30/100 (LOW). No major risk indicators were detected for this claim. Key factors: Long processing delay | Moderate claim overlap. Recommended action: No immediate action required. Final decision must be made by the authorized official."
FRA0877,Chhattisgarh,Kanker,0,LOW,Normal,"Claim FRA0877 from Kanker, Chhattisgarh has a risk score of 0/100 (LOW). No major risk indicators were detected for this claim. Key factors: . Recommended action: No immediate action required. Final decision must be made by the authorized official."
FRA0878,Odisha,Keonjhar,15,LOW,Normal,"Claim FRA0878 from Keonjhar, Odisha has a risk score of 15/100 (LOW). No major risk indicators were detected for this claim. Key factors: Long processing delay. Recommended action: No immediate action required. Final decision must be made by the authorized official."
FRA0879,Madhya Pradesh,Balaghat,25,LOW,Normal,"Claim FRA0879 from Balaghat, Madhya Pradesh has a risk score of 25/100 (LOW). No major risk indicators were detected for this claim. Key factors: High claim overlap. Recommended action: No immediate action required. Final decision must be made by the authorized official."
FRA0880,Jharkhand,Simdega,25,LOW,Normal,"Claim FRA0880 from Simdega, Jharkhand has a risk score of 25/100 (LOW). No major risk indicators were detected for this claim. Key factors: High claim overlap. Recommended action: No immediate action required. Final decision must be made by the authorized official."
FRA0881,Odisha,Koraput,15,LOW,Normal,"Claim FRA0881 from Koraput, Odisha has a risk score of 15/100 (LOW). No major risk indicators were detected for this claim. Key factors: Moderate claim overlap. Recommended action: No immediate action required. Final decision must be made by the authorized official."
FRA0882,Jharkhand,Ranchi,0,LOW,Normal,"Claim FRA0882 from Ranchi, Jharkhand has a risk score of 0/100 (LOW). No major risk indicators were detected for this claim. Key factors: . Recommended action: No immediate action required. Final decision must be made by the authorized official."
FRA0883,Jharkhand,Ranchi,20,LOW,Normal,"Claim FRA0883 from Ranchi, Jharkhand has a risk score of 20/100 (LOW). No major risk indicators were detected for this claim. Key factors: Moderate claim overlap | Multiple previous rejections. Recommended action: No immediate action required. Final decision must be made by the authorized official."
FRA0884,Maharashtra,Gadchiroli,25,LOW,Normal,"Claim FRA0884 from Gadchiroli, Maharashtra has a risk score of 25/100 (LOW). No major risk indicators were detected for this claim. Key factors: Long processing delay | ML anomaly detected. Recommended action: No immediate action required. Final decision must be made by the authorized official."
FRA0885,Chhattisgarh,Bastar,20,LOW,Normal,"Claim FRA0885 from Bastar, Chhattisgarh has a risk score of 20/100 (LOW). No major risk indicators were detected for this claim. Key factors: Long processing delay | Multiple previous rejections. Recommended action: No immediate action required. Final decision must be made by the authorized official."
FRA0886,Chhattisgarh,Bastar,30,LOW,Normal,"Claim FRA0886 from Bastar, Chhattisgarh has a risk score of 30/100 (LOW). No major risk indicators were detected for this claim. Key factors: High claim overlap | Multiple previous rejections. Recommended action: No immediate action required. Final decision must be made by the authorized official."
FRA0887,Chhattisgarh,Surguja,20,LOW,Normal,"Claim FRA0887 from Surguja, Chhattisgarh has a risk score of 20/100 (LOW). No major risk indicators were detected for this claim. Key factors: Long processing delay | Multiple previous rejections. Recommended action: No immediate action required. Final decision must be made by the authorized official."
FRA0888,Madhya Pradesh,Mandla,30,LOW,Normal,"Claim FRA0888 from Mandla, Madhya Pradesh has a risk score of 30/100 (LOW). No major risk indicators were detected for this claim. Key factors: High claim overlap | Multiple previous rejections. Recommended action: No immediate action required. Final decision must be made by the authorized official."
FRA0889,Madhya Pradesh,Balaghat,15,LOW,Normal,"Claim FRA0889 from Balaghat, Madhya Pradesh has a risk score of 15/100 (LOW). No major risk indicators were detected for this claim. Key factors: Long processing delay. Recommended action: No immediate action required. Final decision must be made by the authorized official."
FRA0890,Odisha,Koraput,15,LOW,Normal,"Claim FRA0890 from Koraput, Odisha has a risk score of 15/100 (LOW). No major risk indicators were detected for this claim. Key factors: Moderate claim overlap. Recommended action: No immediate action required. Final decision must be made by the authorized official."
FRA0891,Jharkhand,Gumla,20,LOW,Normal,"Claim FRA0891 from Gumla, Jharkhand has a risk score of 20/100 (LOW). No major risk indicators were detected for this claim. Key factors: Moderate claim overlap | Multiple previous rejections. Recommended action: No immediate action required. Final decision must be made by the authorized official."
FRA0892,Maharashtra,Gadchiroli,15,LOW,Normal,"Claim FRA0892 from Gadchiroli, Maharashtra has a risk score of 15/100 (LOW). No major risk indicators were detected for this claim. Key factors: Multiple previous rejections | ML anomaly detected. Recommended action: No immediate action required. Final decision must be made by the authorized official."
FRA0893,Madhya Pradesh,Mandla,30,LOW,Normal,"Claim FRA0893 from Mandla, Madhya Pradesh has a risk score of 30/100 (LOW). No major risk indicators were detected for this claim. Key factors: Long processing delay | Moderate claim overlap. Recommended action: No immediate action required. Final decision must be made by the authorized official."
FRA0894,Chhattisgarh,Surguja,30,LOW,Normal,"Claim FRA0894 from Surguja, Chhattisgarh has a risk score of 30/100 (LOW). No major risk indicators were detected for this claim. Key factors: Long processing delay | Moderate claim overlap. Recommended action: No immediate action required. Final decision must be made by the authorized official."
FRA0895,Madhya Pradesh,Balaghat,15,LOW,Normal,"Claim FRA0895 from Balaghat, Madhya Pradesh has a risk score of 15/100 (LOW). No major risk indicators were detected for this claim. Key factors: Moderate claim overlap. Recommended action: No immediate action required. Final decision must be made by the authorized official."
FRA0896,Chhattisgarh,Bastar,0,LOW,Normal,"Claim FRA0896 from Bastar, Chhattisgarh has a risk score of 0/100 (LOW). No major risk indicators were detected for this claim. Key factors: . Recommended action: No immediate action required. Final decision must be made by the authorized official."
FRA0897,Chhattisgarh,Surguja,5,LOW,Normal,"Claim FRA0897 from Surguja, Chhattisgarh has a risk score of 5/100 (LOW). No major risk indicators were detected for this claim. Key factors: Multiple previous rejections. Recommended action: No immediate action required. Final decision must be made by the authorized official."
FRA0898,Chhattisgarh,Kanker,0,LOW,Normal,"Claim FRA0898 from Kanker, Chhattisgarh has a risk score of 0/100 (LOW). No major risk indicators were detected for this claim. Key factors: . Recommended action: No immediate action required. Final decision must be made by the authorized official."
FRA0899,Madhya Pradesh,Balaghat,15,LOW,Normal,"Claim FRA0899 from Balaghat, Madhya Pradesh has a risk score of 15/100 (LOW). No major risk indicators were detected for this claim. Key factors: Long processing delay. Recommended action: No immediate action required. Final decision must be made by the authorized official."
FRA0900,Maharashtra,Gadchiroli,35,MEDIUM,Moderate,"Claim FRA0900 from Gadchiroli, Maharashtra has a risk score of 35/100 (MEDIUM). This claim has some risk indicators and may require additional verification. Key factors: Long processing delay | Moderate claim overlap | Multiple previous rejections. Recommended action: Perform additional document verification. Final decision must be made by the authorized official."
FRA0901,Jharkhand,Gumla,30,LOW,Normal,"Claim FRA0901 from Gumla, Jharkhand has a risk score of 30/100 (LOW). No major risk indicators were detected for this claim. Key factors: High claim overlap | Multiple previous rejections. Recommended action: No immediate action required. Final decision must be made by the authorized official."
FRA0902,Odisha,Koraput,40,MEDIUM,Moderate,"Claim FRA0902 from Koraput, Odisha has a risk score of 40/100 (MEDIUM). This claim has some risk indicators and may require additional verification. Key factors: Long processing delay | High claim overlap. Recommended action: Perform additional document verification. Final decision must be made by the authorized official."
FRA0903,Maharashtra,Gadchiroli,20,LOW,Normal,"Claim FRA0903 from Gadchiroli, Maharashtra has a risk score of 20/100 (LOW). No major risk indicators were detected for this claim. Key factors: Moderate claim overlap | Multiple previous rejections. Recommended action: No immediate action required. Final decision must be made by the authorized official."
FRA0904,Odisha,Mayurbhanj,25,LOW,Normal,"Claim FRA0904 from Mayurbhanj, Odisha has a risk score of 25/100 (LOW). No major risk indicators were detected for this claim. Key factors: High claim overlap. Recommended action: No immediate action required. Final decision must be made by the authorized official."
FRA0905,Maharashtra,Nashik,30,LOW,Normal,"Claim FRA0905 from Nashik, Maharashtra has a risk score of 30/100 (LOW). No major risk indicators were detected for this claim. Key factors: High claim overlap | Multiple previous rejections. Recommended action: No immediate action required. Final decision must be made by the authorized official."
FRA0906,Maharashtra,Nashik,20,LOW,Normal,"Claim FRA0906 from Nashik, Maharashtra has a risk score of 20/100 (LOW). No major risk indicators were detected for this claim. Key factors: Moderate claim overlap | Multiple previous rejections. Recommended action: No immediate action required. Final decision must be made by the authorized official."
FRA0907,Maharashtra,Nandurbar,30,LOW,Normal,"Claim FRA0907 from Nandurbar, Maharashtra has a risk score of 30/100 (LOW). No major risk indicators were detected for this claim. Key factors: Long processing delay | Moderate claim overlap. Recommended action: No immediate action required. Final decision must be made by the authorized official."
FRA0908,Odisha,Koraput,30,LOW,Normal,"Claim FRA0908 from Koraput, Odisha has a risk score of 30/100 (LOW). No major risk indicators were detected for this claim. Key factors: Long processing delay | Moderate claim overlap. Recommended action: No immediate action required. Final decision must be made by the authorized official."
FRA0909,Maharashtra,Gadchiroli,30,LOW,Normal,"Claim FRA0909 from Gadchiroli, Maharashtra has a risk score of 30/100 (LOW). No major risk indicators were detected for this claim. Key factors: High claim overlap | Multiple previous rejections. Recommended action: No immediate action required. Final decision must be made by the authorized official."
FRA0910,Madhya Pradesh,Mandla,25,LOW,Normal,"Claim FRA0910 from Mandla, Madhya Pradesh has a risk score of 25/100 (LOW). No major risk indicators were detected for this claim. Key factors: High claim overlap. Recommended action: No immediate action required. Final decision must be made by the authorized official."
FRA0911,Maharashtra,Gadchiroli,15,LOW,Normal,"Claim FRA0911 from Gadchiroli, Maharashtra has a risk score of 15/100 (LOW). No major risk indicators were detected for this claim. Key factors: Long processing delay. Recommended action: No immediate action required. Final decision must be made by the authorized official."
FRA0912,Madhya Pradesh,Mandla,5,LOW,Normal,"Claim FRA0912 from Mandla, Madhya Pradesh has a risk score of 5/100 (LOW). No major risk indicators were detected for this claim. Key factors: Multiple previous rejections. Recommended action: No immediate action required. Final decision must be made by the authorized official."
FRA0913,Maharashtra,Gadchiroli,5,LOW,Normal,"Claim FRA0913 from Gadchiroli, Maharashtra has a risk score of 5/100 (LOW). No major risk indicators were detected for this claim. Key factors: Multiple previous rejections. Recommended action: No immediate action required. Final decision must be made by the authorized official."
FRA0914,Jharkhand,Simdega,55,HIGH,High,"Claim FRA0914 from Simdega, Jharkhand has a risk score of 55/100 (HIGH). This claim shows significant risk indicators and should be reviewed by the concerned authority. Key factors: Long processing delay | High claim overlap | Multiple previous rejections | ML anomaly detected. Recommended action: Review claim documents and processing history. Final decision must be made by the authorized official."
FRA0915,Odisha,Mayurbhanj,5,LOW,Normal,"Claim FRA0915 from Mayurbhanj, Odisha has a risk score of 5/100 (LOW). No major risk indicators were detected for this claim. Key factors: Multiple previous rejections. Recommended action: No immediate action required. Final decision must be made by the authorized official."
FRA0916,Maharashtra,Gadchiroli,15,LOW,Normal,"Claim FRA0916 from Gadchiroli, Maharashtra has a risk score of 15/100 (LOW). No major risk indicators were detected for this claim. Key factors: Long processing delay. Recommended action: No immediate action required. Final decision must be made by the authorized official."
FRA0917,Odisha,Koraput,30,LOW,Normal,"Claim FRA0917 from Koraput, Odisha has a risk score of 30/100 (LOW). No major risk indicators were detected for this claim. Key factors: High claim overlap | Multiple previous rejections. Recommended action: No immediate action required. Final decision must be made by the authorized official."
FRA0918,Chhattisgarh,Bastar,25,LOW,Normal,"Claim FRA0918 from Bastar, Chhattisgarh has a risk score of 25/100 (LOW). No major risk indicators were detected for this claim. Key factors: High claim overlap. Recommended action: No immediate action required. Final decision must be made by the authorized official."
FRA0919,Maharashtra,Gadchiroli,30,LOW,Normal,"Claim FRA0919 from Gadchiroli, Maharashtra has a risk score of 30/100 (LOW). No major risk indicators were detected for this claim. Key factors: Long processing delay | Multiple previous rejections | ML anomaly detected. Recommended action: No immediate action required. Final decision must be made by the authorized official."
FRA0920,Chhattisgarh,Bastar,25,LOW,Normal,"Claim FRA0920 from Bastar, Chhattisgarh has a risk score of 25/100 (LOW). No major risk indicators were detected for this claim. Key factors: High claim overlap. Recommended action: No immediate action required. Final decision must be made by the authorized official."
FRA0921,Jharkhand,Ranchi,15,LOW,Normal,"Claim FRA0921 from Ranchi, Jharkhand has a risk score of 15/100 (LOW). No major risk indicators were detected for this claim. Key factors: Long processing delay. Recommended action: No immediate action required. Final decision must be made by the authorized official."
FRA0922,Madhya Pradesh,Mandla,50,MEDIUM,Moderate,"Claim FRA0922 from Mandla, Madhya Pradesh has a risk score of 50/100 (MEDIUM). This claim has some risk indicators and may require additional verification. Key factors: Long processing delay | High claim overlap | ML anomaly detected. Recommended action: Perform additional document verification. Final decision must be made by the authorized official."
FRA0923,Chhattisgarh,Bastar,15,LOW,Normal,"Claim FRA0923 from Bastar, Chhattisgarh has a risk score of 15/100 (LOW). No major risk indicators were detected for this claim. Key factors: Long processing delay. Recommended action: No immediate action required. Final decision must be made by the authorized official."
FRA0924,Madhya Pradesh,Balaghat,50,MEDIUM,Moderate,"Claim FRA0924 from Balaghat, Madhya Pradesh has a risk score of 50/100 (MEDIUM). This claim has some risk indicators and may require additional verification. Key factors: Long processing delay | High claim overlap | ML anomaly detected. Recommended action: Perform additional document verification. Final decision must be made by the authorized official."
FRA0925,Chhattisgarh,Kanker,20,LOW,Normal,"Claim FRA0925 from Kanker, Chhattisgarh has a risk score of 20/100 (LOW). No major risk indicators were detected for this claim. Key factors: Moderate claim overlap | Multiple previous rejections. Recommended action: No immediate action required. Final decision must be made by the authorized official."
FRA0926,Madhya Pradesh,Dindori,20,LOW,Normal,"Claim FRA0926 from Dindori, Madhya Pradesh has a risk score of 20/100 (LOW). No major risk indicators were detected for this claim. Key factors: Moderate claim overlap | Multiple previous rejections. Recommended action: No immediate action required. Final decision must be made by the authorized official."
FRA0927,Madhya Pradesh,Mandla,5,LOW,Normal,"Claim FRA0927 from Mandla, Madhya Pradesh has a risk score of 5/100 (LOW). No major risk indicators were detected for this claim. Key factors: Multiple previous rejections. Recommended action: No immediate action required. Final decision must be made by the authorized official."
FRA0928,Chhattisgarh,Surguja,20,LOW,Normal,"Claim FRA0928 from Surguja, Chhattisgarh has a risk score of 20/100 (LOW). No major risk indicators were detected for this claim. Key factors: Moderate claim overlap | Multiple previous rejections. Recommended action: No immediate action required. Final decision must be made by the authorized official."
FRA0929,Jharkhand,Ranchi,40,MEDIUM,Moderate,"Claim FRA0929 from Ranchi, Jharkhand has a risk score of 40/100 (MEDIUM). This claim has some risk indicators and may require additional verification. Key factors: Long processing delay | High claim overlap. Recommended action: Perform additional document verification. Final decision must be made by the authorized official."
FRA0930,Chhattisgarh,Kanker,40,MEDIUM,Moderate,"Claim FRA0930 from Kanker, Chhattisgarh has a risk score of 40/100 (MEDIUM). This claim has some risk indicators and may require additional verification. Key factors: Long processing delay | High claim overlap. Recommended action: Perform additional document verification. Final decision must be made by the authorized official."
FRA0931,Jharkhand,Simdega,0,LOW,Normal,"Claim FRA0931 from Simdega, Jharkhand has a risk score of 0/100 (LOW). No major risk indicators were detected for this claim. Key factors: . Recommended action: No immediate action required. Final decision must be made by the authorized official."
FRA0932,Madhya Pradesh,Balaghat,5,LOW,Normal,"Claim FRA0932 from Balaghat, Madhya Pradesh has a risk score of 5/100 (LOW). No major risk indicators were detected for this claim. Key factors: Multiple previous rejections. Recommended action: No immediate action required. Final decision must be made by the authorized official."
FRA0933,Chhattisgarh,Bastar,35,MEDIUM,Moderate,"Claim FRA0933 from Bastar, Chhattisgarh has a risk score of 35/100 (MEDIUM). This claim has some risk indicators and may require additional verification. Key factors: Long processing delay | Moderate claim overlap | Multiple previous rejections. Recommended action: Perform additional document verification. Final decision must be made by the authorized official."
FRA0934,Chhattisgarh,Surguja,15,LOW,Normal,"Claim FRA0934 from Surguja, Chhattisgarh has a risk score of 15/100 (LOW). No major risk indicators were detected for this claim. Key factors: Long processing delay. Recommended action: No immediate action required. Final decision must be made by the authorized official."
FRA0935,Chhattisgarh,Bastar,0,LOW,Normal,"Claim FRA0935 from Bastar, Chhattisgarh has a risk score of 0/100 (LOW). No major risk indicators were detected for this claim. Key factors: . Recommended action: No immediate action required. Final decision must be made by the authorized official."
FRA0936,Madhya Pradesh,Dindori,5,LOW,Normal,"Claim FRA0936 from Dindori, Madhya Pradesh has a risk score of 5/100 (LOW). No major risk indicators were detected for this claim. Key factors: Multiple previous rejections. Recommended action: No immediate action required. Final decision must be made by the authorized official."
FRA0937,Jharkhand,Ranchi,5,LOW,Normal,"Claim FRA0937 from Ranchi, Jharkhand has a risk score of 5/100 (LOW). No major risk indicators were detected for this claim. Key factors: Multiple previous rejections. Recommended action: No immediate action required. Final decision must be made by the authorized official."
FRA0938,Maharashtra,Gadchiroli,30,LOW,Normal,"Claim FRA0938 from Gadchiroli, Maharashtra has a risk score of 30/100 (LOW). No major risk indicators were detected for this claim. Key factors: High claim overlap | Multiple previous rejections. Recommended action: No immediate action required. Final decision must be made by the authorized official."
FRA0939,Maharashtra,Nandurbar,15,LOW,Normal,"Claim FRA0939 from Nandurbar, Maharashtra has a risk score of 15/100 (LOW). No major risk indicators were detected for this claim. Key factors: Moderate claim overlap. Recommended action: No immediate action required. Final decision must be made by the authorized official."
FRA0940,Jharkhand,Gumla,40,MEDIUM,Moderate,"Claim FRA0940 from Gumla, Jharkhand has a risk score of 40/100 (MEDIUM). This claim has some risk indicators and may require additional verification. Key factors: High claim overlap | Multiple previous rejections | ML anomaly detected. Recommended action: Perform additional document verification. Final decision must be made by the authorized official."
FRA0941,Jharkhand,Gumla,30,LOW,Normal,"Claim FRA0941 from Gumla, Jharkhand has a risk score of 30/100 (LOW). No major risk indicators were detected for this claim. Key factors: High claim overlap | Multiple previous rejections. Recommended action: No immediate action required. Final decision must be made by the authorized official."
FRA0942,Jharkhand,Gumla,5,LOW,Normal,"Claim FRA0942 from Gumla, Jharkhand has a risk score of 5/100 (LOW). No major risk indicators were detected for this claim. Key factors: Multiple previous rejections. Recommended action: No immediate action required. Final decision must be made by the authorized official."
FRA0943,Maharashtra,Nashik,15,LOW,Normal,"Claim FRA0943 from Nashik, Maharashtra has a risk score of 15/100 (LOW). No major risk indicators were detected for this claim. Key factors: Moderate claim overlap. Recommended action: No immediate action required. Final decision must be made by the authorized official."
FRA0944,Chhattisgarh,Kanker,20,LOW,Normal,"Claim FRA0944 from Kanker, Chhattisgarh has a risk score of 20/100 (LOW). No major risk indicators were detected for this claim. Key factors: Long processing delay | Multiple previous rejections. Recommended action: No immediate action required. Final decision must be made by the authorized official."
FRA0945,Maharashtra,Nashik,25,LOW,Normal,"Claim FRA0945 from Nashik, Maharashtra has a risk score of 25/100 (LOW). No major risk indicators were detected for this claim. Key factors: High claim overlap. Recommended action: No immediate action required. Final decision must be made by the authorized official."
FRA0946,Jharkhand,Ranchi,15,LOW,Normal,"Claim FRA0946 from Ranchi, Jharkhand has a risk score of 15/100 (LOW). No major risk indicators were detected for this claim. Key factors: Moderate claim overlap. Recommended action: No immediate action required. Final decision must be made by the authorized official."
FRA0947,Jharkhand,Ranchi,5,LOW,Normal,"Claim FRA0947 from Ranchi, Jharkhand has a risk score of 5/100 (LOW). No major risk indicators were detected for this claim. Key factors: Multiple previous rejections. Recommended action: No immediate action required. Final decision must be made by the authorized official."
FRA0948,Chhattisgarh,Bastar,45,MEDIUM,Moderate,"Claim FRA0948 from Bastar, Chhattisgarh has a risk score of 45/100 (MEDIUM). This claim has some risk indicators and may require additional verification. Key factors: Long processing delay | High claim overlap | Multiple previous rejections. Recommended action: Perform additional document verification. Final decision must be made by the authorized official."
FRA0949,Madhya Pradesh,Balaghat,25,LOW,Normal,"Claim FRA0949 from Balaghat, Madhya Pradesh has a risk score of 25/100 (LOW). No major risk indicators were detected for this claim. Key factors: High claim overlap. Recommended action: No immediate action required. Final decision must be made by the authorized official."
FRA0950,Madhya Pradesh,Balaghat,15,LOW,Normal,"Claim FRA0950 from Balaghat, Madhya Pradesh has a risk score of 15/100 (LOW). No major risk indicators were detected for this claim. Key factors: Moderate claim overlap. Recommended action: No immediate action required. Final decision must be made by the authorized official."
FRA0951,Madhya Pradesh,Mandla,20,LOW,Normal,"Claim FRA0951 from Mandla, Madhya Pradesh has a risk score of 20/100 (LOW). No major risk indicators were detected for this claim. Key factors: Moderate claim overlap | Multiple previous rejections. Recommended action: No immediate action required. Final decision must be made by the authorized official."
FRA0952,Jharkhand,Gumla,25,LOW,Normal,"Claim FRA0952 from Gumla, Jharkhand has a risk score of 25/100 (LOW). No major risk indicators were detected for this claim. Key factors: High claim overlap. Recommended action: No immediate action required. Final decision must be made by the authorized official."
FRA0953,Jharkhand,Gumla,20,LOW,Normal,"Claim FRA0953 from Gumla, Jharkhand has a risk score of 20/100 (LOW). No major risk indicators were detected for this claim. Key factors: Moderate claim overlap | Multiple previous rejections. Recommended action: No immediate action required. Final decision must be made by the authorized official."
FRA0954,Madhya Pradesh,Dindori,15,LOW,Normal,"Claim FRA0954 from Dindori, Madhya Pradesh has a risk score of 15/100 (LOW). No major risk indicators were detected for this claim. Key factors: Moderate claim overlap. Recommended action: No immediate action required. Final decision must be made by the authorized official."
FRA0955,Odisha,Mayurbhanj,0,LOW,Normal,"Claim FRA0955 from Mayurbhanj, Odisha has a risk score of 0/100 (LOW). No major risk indicators were detected for this claim. Key factors: . Recommended action: No immediate action required. Final decision must be made by the authorized official."
FRA0956,Chhattisgarh,Kanker,25,LOW,Normal,"Claim FRA0956 from Kanker, Chhattisgarh has a risk score of 25/100 (LOW). No major risk indicators were detected for this claim. Key factors: High claim overlap. Recommended action: No immediate action required. Final decision must be made by the authorized official."
FRA0957,Chhattisgarh,Kanker,15,LOW,Normal,"Claim FRA0957 from Kanker, Chhattisgarh has a risk score of 15/100 (LOW). No major risk indicators were detected for this claim. Key factors: Long processing delay. Recommended action: No immediate action required. Final decision must be made by the authorized official."
FRA0958,Jharkhand,Simdega,30,LOW,Normal,"Claim FRA0958 from Simdega, Jharkhand has a risk score of 30/100 (LOW). No major risk indicators were detected for this claim. Key factors: High claim overlap | Multiple previous rejections. Recommended action: No immediate action required. Final decision must be made by the authorized official."
FRA0959,Chhattisgarh,Kanker,20,LOW,Normal,"Claim FRA0959 from Kanker, Chhattisgarh has a risk score of 20/100 (LOW). No major risk indicators were detected for this claim. Key factors: Moderate claim overlap | Multiple previous rejections. Recommended action: No immediate action required. Final decision must be made by the authorized official."
FRA0960,Chhattisgarh,Surguja,5,LOW,Normal,"Claim FRA0960 from Surguja, Chhattisgarh has a risk score of 5/100 (LOW). No major risk indicators were detected for this claim. Key factors: Multiple previous rejections. Recommended action: No immediate action required. Final decision must be made by the authorized official."
FRA0961,Odisha,Koraput,20,LOW,Normal,"Claim FRA0961 from Koraput, Odisha has a risk score of 20/100 (LOW). No major risk indicators were detected for this claim. Key factors: Long processing delay | Multiple previous rejections. Recommended action: No immediate action required. Final decision must be made by the authorized official."
FRA0962,Madhya Pradesh,Dindori,40,MEDIUM,Moderate,"Claim FRA0962 from Dindori, Madhya Pradesh has a risk score of 40/100 (MEDIUM). This claim has some risk indicators and may require additional verification. Key factors: Long processing delay | High claim overlap. Recommended action: Perform additional document verification. Final decision must be made by the authorized official."
FRA0963,Jharkhand,Gumla,20,LOW,Normal,"Claim FRA0963 from Gumla, Jharkhand has a risk score of 20/100 (LOW). No major risk indicators were detected for this claim. Key factors: Long processing delay | Multiple previous rejections. Recommended action: No immediate action required. Final decision must be made by the authorized official."
FRA0964,Maharashtra,Nashik,0,LOW,Normal,"Claim FRA0964 from Nashik, Maharashtra has a risk score of 0/100 (LOW). No major risk indicators were detected for this claim. Key factors: . Recommended action: No immediate action required. Final decision must be made by the authorized official."
FRA0965,Jharkhand,Ranchi,15,LOW,Normal,"Claim FRA0965 from Ranchi, Jharkhand has a risk score of 15/100 (LOW). No major risk indicators were detected for this claim. Key factors: Long processing delay. Recommended action: No immediate action required. Final decision must be made by the authorized official."
FRA0966,Madhya Pradesh,Balaghat,40,MEDIUM,Moderate,"Claim FRA0966 from Balaghat, Madhya Pradesh has a risk score of 40/100 (MEDIUM). This claim has some risk indicators and may require additional verification. Key factors: Long processing delay | High claim overlap. Recommended action: Perform additional document verification. Final decision must be made by the authorized official."
FRA0967,Madhya Pradesh,Dindori,15,LOW,Normal,"Claim FRA0967 from Dindori, Madhya Pradesh has a risk score of 15/100 (LOW). No major risk indicators were detected for this claim. Key factors: Long processing delay. Recommended action: No immediate action required. Final decision must be made by the authorized official."
FRA0968,Madhya Pradesh,Mandla,25,LOW,Normal,"Claim FRA0968 from Mandla, Madhya Pradesh has a risk score of 25/100 (LOW). No major risk indicators were detected for this claim. Key factors: High claim overlap. Recommended action: No immediate action required. Final decision must be made by the authorized official."
FRA0969,Jharkhand,Ranchi,0,LOW,Normal,"Claim FRA0969 from Ranchi, Jharkhand has a risk score of 0/100 (LOW). No major risk indicators were detected for this claim. Key factors: . Recommended action: No immediate action required. Final decision must be made by the authorized official."
FRA0970,Maharashtra,Nashik,20,LOW,Normal,"Claim FRA0970 from Nashik, Maharashtra has a risk score of 20/100 (LOW). No major risk indicators were detected for this claim. Key factors: Moderate claim overlap | Multiple previous rejections. Recommended action: No immediate action required. Final decision must be made by the authorized official."
FRA0971,Chhattisgarh,Surguja,20,LOW,Normal,"Claim FRA0971 from Surguja, Chhattisgarh has a risk score of 20/100 (LOW). No major risk indicators were detected for this claim. Key factors: Long processing delay | Multiple previous rejections. Recommended action: No immediate action required. Final decision must be made by the authorized official."
FRA0972,Odisha,Keonjhar,30,LOW,Normal,"Claim FRA0972 from Keonjhar, Odisha has a risk score of 30/100 (LOW). No major risk indicators were detected for this claim. Key factors: High claim overlap | Multiple previous rejections. Recommended action: No immediate action required. Final decision must be made by the authorized official."
FRA0973,Jharkhand,Ranchi,0,LOW,Normal,"Claim FRA0973 from Ranchi, Jharkhand has a risk score of 0/100 (LOW). No major risk indicators were detected for this claim. Key factors: . Recommended action: No immediate action required. Final decision must be made by the authorized official."
FRA0974,Chhattisgarh,Bastar,20,LOW,Normal,"Claim FRA0974 from Bastar, Chhattisgarh has a risk score of 20/100 (LOW). No major risk indicators were detected for this claim. Key factors: Long processing delay | Multiple previous rejections. Recommended action: No immediate action required. Final decision must be made by the authorized official."
FRA0975,Madhya Pradesh,Balaghat,30,LOW,Normal,"Claim FRA0975 from Balaghat, Madhya Pradesh has a risk score of 30/100 (LOW). No major risk indicators were detected for this claim. Key factors: High claim overlap | Multiple previous rejections. Recommended action: No immediate action required. Final decision must be made by the authorized official."
FRA0976,Odisha,Koraput,40,MEDIUM,Moderate,"Claim FRA0976 from Koraput, Odisha has a risk score of 40/100 (MEDIUM). This claim has some risk indicators and may require additional verification. Key factors: Long processing delay | High claim overlap. Recommended action: Perform additional document verification. Final decision must be made by the authorized official."
FRA0977,Chhattisgarh,Kanker,5,LOW,Normal,"Claim FRA0977 from Kanker, Chhattisgarh has a risk score of 5/100 (LOW). No major risk indicators were detected for this claim. Key factors: Multiple previous rejections. Recommended action: No immediate action required. Final decision must be made by the authorized official."
FRA0978,Chhattisgarh,Surguja,45,MEDIUM,Moderate,"Claim FRA0978 from Surguja, Chhattisgarh has a risk score of 45/100 (MEDIUM). This claim has some risk indicators and may require additional verification. Key factors: Long processing delay | High claim overlap | Multiple previous rejections. Recommended action: Perform additional document verification. Final decision must be made by the authorized official."
FRA0979,Jharkhand,Gumla,5,LOW,Normal,"Claim FRA0979 from Gumla, Jharkhand has a risk score of 5/100 (LOW). No major risk indicators were detected for this claim. Key factors: Multiple previous rejections. Recommended action: No immediate action required. Final decision must be made by the authorized official."
FRA0980,Jharkhand,Gumla,0,LOW,Normal,"Claim FRA0980 from Gumla, Jharkhand has a risk score of 0/100 (LOW). No major risk indicators were detected for this claim. Key factors: . Recommended action: No immediate action required. Final decision must be made by the authorized official."
FRA0981,Maharashtra,Nashik,20,LOW,Normal,"Claim FRA0981 from Nashik, Maharashtra has a risk score of 20/100 (LOW). No major risk indicators were detected for this claim. Key factors: Moderate claim overlap | Multiple previous rejections. Recommended action: No immediate action required. Final decision must be made by the authorized official."
FRA0982,Jharkhand,Gumla,20,LOW,Normal,"Claim FRA0982 from Gumla, Jharkhand has a risk score of 20/100 (LOW). No major risk indicators were detected for this claim. Key factors: Moderate claim overlap | Multiple previous rejections. Recommended action: No immediate action required. Final decision must be made by the authorized official."
FRA0983,Jharkhand,Simdega,40,MEDIUM,Moderate,"Claim FRA0983 from Simdega, Jharkhand has a risk score of 40/100 (MEDIUM). This claim has some risk indicators and may require additional verification. Key factors: Long processing delay | High claim overlap. Recommended action: Perform additional document verification. Final decision must be made by the authorized official."
FRA0984,Jharkhand,Gumla,5,LOW,Normal,"Claim FRA0984 from Gumla, Jharkhand has a risk score of 5/100 (LOW). No major risk indicators were detected for this claim. Key factors: Multiple previous rejections. Recommended action: No immediate action required. Final decision must be made by the authorized official."
FRA0985,Chhattisgarh,Kanker,5,LOW,Normal,"Claim FRA0985 from Kanker, Chhattisgarh has a risk score of 5/100 (LOW). No major risk indicators were detected for this claim. Key factors: Multiple previous rejections. Recommended action: No immediate action required. Final decision must be made by the authorized official."
FRA0986,Odisha,Koraput,5,LOW,Normal,"Claim FRA0986 from Koraput, Odisha has a risk score of 5/100 (LOW). No major risk indicators were detected for this claim. Key factors: Multiple previous rejections. Recommended action: No immediate action required. Final decision must be made by the authorized official."
FRA0987,Madhya Pradesh,Balaghat,15,LOW,Normal,"Claim FRA0987 from Balaghat, Madhya Pradesh has a risk score of 15/100 (LOW). No major risk indicators were detected for this claim. Key factors: Long processing delay. Recommended action: No immediate action required. Final decision must be made by the authorized official."
FRA0988,Madhya Pradesh,Mandla,5,LOW,Normal,"Claim FRA0988 from Mandla, Madhya Pradesh has a risk score of 5/100 (LOW). No major risk indicators were detected for this claim. Key factors: Multiple previous rejections. Recommended action: No immediate action required. Final decision must be made by the authorized official."
FRA0989,Odisha,Mayurbhanj,35,MEDIUM,Moderate,"Claim FRA0989 from Mayurbhanj, Odisha has a risk score of 35/100 (MEDIUM). This claim has some risk indicators and may require additional verification. Key factors: Long processing delay | Moderate claim overlap | Multiple previous rejections. Recommended action: Perform additional document verification. Final decision must be made by the authorized official."
FRA0990,Madhya Pradesh,Balaghat,40,MEDIUM,Moderate,"Claim FRA0990 from Balaghat, Madhya Pradesh has a risk score of 40/100 (MEDIUM). This claim has some risk indicators and may require additional verification. Key factors: Long processing delay | High claim overlap. Recommended action: Perform additional document verification. Final decision must be made by the authorized official."
FRA0991,Chhattisgarh,Kanker,35,MEDIUM,Moderate,"Claim FRA0991 from Kanker, Chhattisgarh has a risk score of 35/100 (MEDIUM). This claim has some risk indicators and may require additional verification. Key factors: Long processing delay | Moderate claim overlap | Multiple previous rejections. Recommended action: Perform additional document verification. Final decision must be made by the authorized official."
FRA0992,Maharashtra,Gadchiroli,15,LOW,Normal,"Claim FRA0992 from Gadchiroli, Maharashtra has a risk score of 15/100 (LOW). No major risk indicators were detected for this claim. Key factors: Moderate claim overlap. Recommended action: No immediate action required. Final decision must be made by the authorized official."
FRA0993,Chhattisgarh,Kanker,30,LOW,Normal,"Claim FRA0993 from Kanker, Chhattisgarh has a risk score of 30/100 (LOW). No major risk indicators were detected for this claim. Key factors: Long processing delay | Moderate claim overlap. Recommended action: No immediate action required. Final decision must be made by the authorized official."
FRA0994,Madhya Pradesh,Balaghat,15,LOW,Normal,"Claim FRA0994 from Balaghat, Madhya Pradesh has a risk score of 15/100 (LOW). No major risk indicators were detected for this claim. Key factors: Multiple previous rejections | ML anomaly detected. Recommended action: No immediate action required. Final decision must be made by the authorized official."
FRA0995,Odisha,Koraput,20,LOW,Normal,"Claim FRA0995 from Koraput, Odisha has a risk score of 20/100 (LOW). No major risk indicators were detected for this claim. Key factors: Long processing delay | Multiple previous rejections. Recommended action: No immediate action required. Final decision must be made by the authorized official."
FRA0996,Maharashtra,Nashik,15,LOW,Normal,"Claim FRA0996 from Nashik, Maharashtra has a risk score of 15/100 (LOW). No major risk indicators were detected for this claim. Key factors: Long processing delay. Recommended action: No immediate action required. Final decision must be made by the authorized official."
FRA0997,Madhya Pradesh,Dindori,15,LOW,Normal,"Claim FRA0997 from Dindori, Madhya Pradesh has a risk score of 15/100 (LOW). No major risk indicators were detected for this claim. Key factors: Long processing delay. Recommended action: No immediate action required. Final decision must be made by the authorized official."
FRA0998,Jharkhand,Ranchi,25,LOW,Normal,"Claim FRA0998 from Ranchi, Jharkhand has a risk score of 25/100 (LOW). No major risk indicators were detected for this claim. Key factors: High claim overlap. Recommended action: No immediate action required. Final decision must be made by the authorized official."
FRA0999,Odisha,Koraput,20,LOW,Normal,"Claim FRA0999 from Koraput, Odisha has a risk score of 20/100 (LOW). No major risk indicators were detected for this claim. Key factors: Long processing delay | Multiple previous rejections. Recommended action: No immediate action required. Final decision must be made by the authorized official."
FRA1000,Chhattisgarh,Bastar,15,LOW,Normal,"Claim FRA1000 from Bastar, Chhattisgarh has a risk score of 15/100 (LOW). No major risk indicators were detected for this claim. Key factors: Moderate claim overlap. Recommended action: No immediate action required. Final decision must be made by the authorized official."
